host_id,listings,total_reviews,average_price,average_availability
219517861,327,1281,253.19571865443424,301.49235474006116
107434423,232,29,303.1508620689655,253.81034482758622
30283594,121,65,277.5289256198347,313.42148760330576
137358866,103,87,43.8252427184466,196.4757281553398
12243051,96,43,213.03125,276.6145833333333
16098958,96,138,208.95833333333334,292.3229166666667
61391963,91,417,146.24175824175825,241.92307692307693
22541573,87,55,215.4367816091954,312.17241379310343
200380610,65,1,290.2307692307692,338.03076923076924
1475015,52,162,103.07692307692308,334.11538461538464
7503643,52,242,149.19230769230768,297.71153846153845
120762452,50,84,171.7,331.74
205031545,49,127,720.2857142857143,220.3265306122449
2856748,49,10,247.9387755102041,348.9183673469388
190921808,47,281,102.1063829787234,335.29787234042556
26377263,43,52,48.13953488372093,290.0232558139535
2119276,39,335,190.76923076923077,271.7435897435897
19303369,37,22,35.945945945945944,12.324324324324325
119669058,34,498,52.55882352941177,326.55882352941177
25237492,34,322,138.97058823529412,289.2647058823529
213781715,33,32,167.54545454545453,263.7878787878788
113805886,33,123,217.57575757575756,320.1515151515151
76104209,33,3,220.3939393939394,344.030303030303
238321374,32,11,59.9375,305.6875
51501835,31,135,135.61290322580646,299.83870967741933
50760546,31,72,183.09677419354838,148.0
224414117,30,403,213.13333333333333,289.3
13347167,29,100,121.96551724137932,290.9310344827586
417504,28,935,248.64285714285714,64.75
39528519,28,34,42.82142857142857,292.67857142857144
226410657,27,15,47.888888888888886,305.74074074074076
9864136,26,211,62.34615384615385,289.2692307692308
230192510,25,6,48.0,261.24
131647128,25,135,247.0,272.88
3191545,23,34,186.17391304347825,286.9130434782609
221200420,23,0,253.47826086956522,330.30434782608694
242962235,23,14,37.04347826086956,261.1304347826087
16437254,21,91,158.0952380952381,289.7142857142857
48146336,20,63,136.0,318.7
252604696,20,17,173.0,331.8
7245581,19,282,88.78947368421052,260.2631578947368
134184451,18,12,141.0,330.94444444444446
95459395,18,1,577.3888888888889,338.22222222222223
3250450,18,94,42.833333333333336,325.55555555555554
177174475,17,108,141.47058823529412,221.88235294117646
201015598,17,311,30.58823529411765,83.3529411764706
216235179,17,17,51.11764705882353,311.94117647058823
159091490,17,382,130.76470588235293,357.11764705882354
9293730,16,113,127.75,307.375
23772724,15,123,133.53333333333333,312.8
260639745,15,14,126.66666666666667,322.1333333333333
5962328,15,42,121.06666666666666,250.2
6885157,15,1346,56.733333333333334,290.4
200239515,15,17,36.06666666666667,17.4
248161322,14,2,50.285714285714285,339.64285714285717
61396454,14,3,245.35714285714286,312.57142857142856
260425153,14,8,410.7142857142857,346.0
204852306,14,5,109.07142857142857,10.285714285714286
17770287,14,104,142.28571428571428,263.0
47554473,13,275,179.3846153846154,62.46153846153846
310670,13,189,143.6153846153846,354.61538461538464
244817841,13,60,37.46153846153846,229.46153846153845
162280872,13,17,171.53846153846155,245.53846153846155
64065593,13,188,317.53846153846155,296.3076923076923
156505456,13,168,54.84615384615385,166.07692307692307
211549023,13,131,256.9230769230769,285.15384615384613
344035,13,2205,74.61538461538461,286.38461538461536
260618374,13,0,100.0,347.84615384615387
5144567,13,27,172.84615384615384,355.6923076923077
100238132,12,224,321.5,0.0
17555570,12,828,57.5,58.5
16677326,12,1355,85.0,349.4166666666667
51596474,12,23,25.75,0.0
45595980,12,81,144.0,107.08333333333333
137274917,12,607,110.0,235.58333333333334
39890192,12,116,120.41666666666667,186.25
156158778,12,1,3091.4166666666665,64.66666666666667
65809485,12,752,47.916666666666664,157.66666666666666
96098402,12,76,619.0,365.0
175730239,12,12,37.333333333333336,353.5833333333333
69545883,12,17,828.1666666666666,365.0
52950465,12,41,155.75,297.4166666666667
13773574,12,1,225.0,343.4166666666667
5162192,12,142,228.5,218.66666666666666
229147376,11,39,48.0,301.72727272727275
1177497,11,595,1350.0,363.3636363636364
10457196,11,45,152.36363636363637,170.45454545454547
35524316,11,1971,186.8181818181818,232.63636363636363
14898658,11,622,43.90909090909091,71.0909090909091
220229838,11,6,404.0,184.27272727272728
173685298,11,30,398.6363636363636,194.8181818181818
4291007,11,302,92.9090909090909,291.90909090909093
164886138,11,96,86.45454545454545,330.0
836168,11,235,1772.7272727272727,331.1818181818182
23878336,10,362,91.6,126.5
259796664,10,77,171.0,352.4
260577152,10,0,340.0,318.2
17477908,10,35,250.2,321.4
159811367,10,26,43.3,349.7
172369331,10,31,30.4,215.6
35927005,10,44,57.1,293.4
120767920,10,694,62.0,336.0
263053182,10,12,70.7,117.9
244171850,10,0,56.3,343.9
154258141,10,318,60.5,349.1
226339724,10,46,45.5,348.1
178543960,10,14,45.2,344.8
239660813,10,3,282.0,310.1
8792814,10,329,91.5,234.9
53179388,10,16,215.5,243.8
7831209,10,970,52.9,339.6
192951036,10,214,184.5,193.9
22384027,10,902,39.0,105.7
245314318,10,10,267.4,276.1
10737943,10,277,63.6,254.8
67987135,9,103,141.44444444444446,99.33333333333333
158969505,9,20,186.66666666666666,247.88888888888889
79105834,9,683,54.0,276.8888888888889
253906467,9,103,75.88888888888889,310.55555555555554
74541079,9,176,190.88888888888889,71.66666666666667
116305897,9,0,184.44444444444446,308.44444444444446
244361589,9,305,205.0,292.55555555555554
59156312,9,199,72.33333333333333,352.3333333333333
154981576,9,4,36.333333333333336,50.888888888888886
12485770,9,39,125.22222222222223,270.77777777777777
1613244,9,90,112.0,260.6666666666667
255431206,9,17,38.22222222222222,157.55555555555554
15310997,9,51,208.33333333333334,302.55555555555554
45416627,9,727,52.333333333333336,317.0
57049951,9,271,69.0,307.0
1786901,9,18,114.22222222222223,39.77777777777778
94214493,9,16,78.33333333333333,282.44444444444446
20559017,9,32,55.888888888888886,325.77777777777777
140830391,9,51,102.22222222222223,266.1111111111111
238779678,9,1,62.333333333333336,335.6666666666667
244559229,9,82,100.0,301.22222222222223
221213143,9,17,521.0,315.77777777777777
209386156,9,344,53.77777777777778,32.111111111111114
199833548,9,172,52.22222222222222,345.0
261632622,9,9,100.0,308.8888888888889
205745676,9,261,84.22222222222223,332.77777777777777
205530337,8,9,45.0,297.0
214347105,8,71,405.5,290.25
261761196,8,0,168.75,315.25
77778146,8,93,145.625,223.125
18212433,8,52,126.875,227.25
17638424,8,756,42.375,152.375
27673980,8,780,54.375,64.75
31304940,8,818,60.0,90.75
270874051,8,0,117.75,322.875
3038687,8,122,103.375,77.375
187975743,8,368,70.25,197.625
104812805,8,168,33.375,318.375
63417081,8,27,41.0,226.125
24831061,8,2,280.125,0.0
197053492,8,87,370.5,296.875
178224519,8,1,142.5,345.125
215577249,8,150,78.125,343.875
2822805,8,139,60.0,187.375
245637171,8,3,66.875,332.625
213208277,8,24,38.0,360.875
197368927,8,50,84.375,269.25
263504959,8,34,44.25,304.375
35783912,8,2,61.875,147.5
113723310,8,0,231.25,323.5
83786650,8,17,106.75,287.0
223087887,8,33,25.625,346.25
224815152,8,106,224.0,79.5
10407935,8,182,89.0,44.75
106837455,8,6,227.5,130.875
139357580,8,569,55.125,269.125
49704571,8,61,85.875,143.375
131476075,8,152,68.375,177.5
51913826,8,33,105.875,0.0
23582893,8,259,54.75,128.0
105640471,8,122,47.75,190.125
232251881,8,482,50.375,171.125
58234433,8,168,142.125,284.5
193502084,8,86,41.875,0.0
864735,8,136,100.0,264.0
224317184,8,19,119.375,288.0
10994664,8,3,36.625,334.0
6206040,8,67,66.375,196.0
24597265,8,225,72.875,313.75
3716641,8,105,101.5,122.875
74179880,8,531,58.875,337.25
30509656,8,26,32.0,218.875
2015914,8,419,70.125,346.0
163251048,8,0,449.0,225.75
15145088,8,42,196.875,320.625
26584499,8,7,128.625,223.25
5164854,8,102,50.0,256.5
33213436,8,614,139.125,332.25
27974952,7,35,33.285714285714285,323.42857142857144
261750091,7,3,100.0,252.28571428571428
18397763,7,238,67.57142857142857,66.57142857142857
161899037,7,209,171.85714285714286,65.85714285714286
251852817,7,98,51.285714285714285,85.28571428571429
16480700,7,287,162.57142857142858,213.14285714285714
253836845,7,10,66.71428571428571,214.71428571428572
2092314,7,7,26.142857142857142,330.57142857142856
914838,7,68,85.71428571428571,353.0
174785358,7,105,28.0,98.0
36012265,7,60,96.57142857142857,258.42857142857144
197190247,7,256,79.14285714285714,197.0
258589420,7,68,59.714285714285715,204.85714285714286
255641440,7,4,43.42857142857143,246.42857142857142
260191397,7,11,100.0,291.0
165898555,7,3,201.42857142857142,364.14285714285717
134428157,7,227,126.28571428571429,113.57142857142857
259087876,7,47,266.57142857142856,65.57142857142857
104927746,7,152,31.857142857142858,284.7142857142857
260861596,7,3,100.0,298.2857142857143
134613498,7,88,207.14285714285714,152.42857142857142
22577148,7,270,92.57142857142857,180.0
2988712,7,45,77.85714285714286,159.28571428571428
273354185,7,0,59.857142857142854,174.42857142857142
3256433,7,52,231.42857142857142,23.428571428571427
8814258,7,10,35.42857142857143,340.7142857142857
295128,7,48,89.28571428571429,349.2857142857143
266726110,7,2,88.42857142857143,353.42857142857144
52140932,7,113,59.714285714285715,330.57142857142856
50756378,7,20,83.57142857142857,115.57142857142857
50600973,7,949,39.42857142857143,49.42857142857143
23533897,7,326,275.42857142857144,312.42857142857144
140057330,7,214,55.714285714285715,64.57142857142857
182363374,7,293,124.42857142857143,34.285714285714285
20912691,7,112,128.85714285714286,49.142857142857146
732460,7,10,120.0,15.428571428571429
137999892,7,136,33.142857142857146,288.57142857142856
137522531,7,202,272.7142857142857,269.14285714285717
55468128,7,562,54.57142857142857,260.0
227679456,7,133,132.71428571428572,52.57142857142857
244370442,7,76,332.57142857142856,354.57142857142856
62533391,7,53,54.714285714285715,292.42857142857144
242573463,7,0,77.0,160.28571428571428
204704622,7,9,37.285714285714285,16.857142857142858
243288727,7,0,221.42857142857142,321.85714285714283
40176101,7,1818,74.71428571428571,48.857142857142854
145878384,7,53,77.85714285714286,303.57142857142856
244082709,7,114,100.71428571428571,153.0
219333557,7,107,75.57142857142857,33.142857142857146
110965771,7,111,103.57142857142857,50.857142857142854
263880607,7,23,88.14285714285714,337.2857142857143
5680111,7,55,66.0,141.42857142857142
247335568,7,4,158.57142857142858,20.571428571428573
216772639,7,58,56.57142857142857,229.42857142857142
10415675,7,41,77.57142857142857,232.14285714285714
243367528,7,99,86.85714285714286,303.0
260609528,7,1,100.0,353.57142857142856
261338177,6,1,26.333333333333332,333.0
261187437,6,11,63.0,296.3333333333333
23188519,6,101,68.16666666666667,322.3333333333333
133802988,6,5,41.666666666666664,363.8333333333333
133130315,6,30,112.33333333333333,191.33333333333334
2787,6,105,100.66666666666667,235.33333333333334
23234988,6,196,542.8333333333334,255.33333333333334
52577963,6,81,97.16666666666667,240.66666666666666
188498431,6,94,62.333333333333336,347.5
102466916,6,18,50.166666666666664,189.83333333333334
271393608,6,6,69.16666666666667,23.0
188015014,6,50,80.66666666666667,134.0
3491890,6,83,180.0,207.33333333333334
22486,6,308,102.5,284.0
101970559,6,15,27.166666666666668,310.0
51038,6,215,140.66666666666666,230.83333333333334
30237517,6,34,176.0,62.5
17706542,6,2,38.0,348.5
32164030,6,76,39.0,324.3333333333333
262360035,6,31,75.16666666666667,364.6666666666667
202757964,6,4,204.16666666666666,249.0
18260299,6,26,44.833333333333336,54.833333333333336
4422523,6,20,148.33333333333334,198.33333333333334
29650513,6,145,92.33333333333333,278.0
203982404,6,121,210.0,116.16666666666667
257683179,6,12,46.166666666666664,128.83333333333334
115771987,6,0,197.16666666666666,280.5
30985759,6,373,97.66666666666667,253.33333333333334
118378908,6,98,72.0,293.0
117492425,6,319,106.33333333333333,150.66666666666666
73425483,6,113,161.5,230.16666666666666
35660592,6,254,109.66666666666667,280.8333333333333
156948703,6,1052,98.0,339.6666666666667
26556695,6,29,1277.3333333333333,364.8333333333333
173362161,6,317,61.833333333333336,125.33333333333333
61042,6,68,48.833333333333336,11.333333333333334
5288991,6,166,60.0,235.0
158540605,6,478,30.833333333333332,252.0
158461160,6,17,61.666666666666664,268.0
34643568,6,63,85.0,170.66666666666666
33064599,6,161,142.5,328.8333333333333
16139880,6,416,51.666666666666664,160.66666666666666
4852748,6,8,166.66666666666666,322.6666666666667
69427329,6,692,136.16666666666666,270.1666666666667
161324994,6,3,37.166666666666664,49.666666666666664
159610596,6,422,318.3333333333333,254.16666666666666
32446721,6,100,38.0,364.1666666666667
2027013,6,337,96.0,42.666666666666664
261761719,6,0,100.0,291.6666666666667
114736959,6,246,161.5,211.66666666666666
215778245,6,65,30.666666666666668,336.1666666666667
63272360,6,0,90.83333333333333,130.16666666666666
63312104,6,324,57.5,358.8333333333333
215588687,6,18,30.833333333333332,362.5
430188,6,229,111.66666666666667,234.0
264043510,6,13,67.66666666666667,334.0
5986790,6,83,41.666666666666664,232.66666666666666
619942,6,168,64.83333333333333,128.33333333333334
126653377,6,5,60.833333333333336,288.6666666666667
178473107,6,61,91.16666666666667,31.5
3750764,6,0,3130.0,242.66666666666666
123745971,6,1,608.3333333333334,348.0
124860677,6,353,59.333333333333336,298.6666666666667
59529529,6,1229,77.5,169.16666666666666
59051417,6,48,264.8333333333333,105.5
142590597,6,61,129.16666666666666,179.33333333333334
1409262,6,102,75.66666666666667,233.0
151810361,6,38,87.33333333333333,318.5
247013511,6,54,52.833333333333336,105.83333333333333
151084261,6,84,83.66666666666667,295.6666666666667
156114168,6,0,48.5,217.5
175019394,6,395,130.0,125.0
175103962,6,151,46.666666666666664,159.0
175180318,6,301,76.66666666666667,234.33333333333334
20120009,6,205,59.833333333333336,43.0
86327101,6,619,26.666666666666668,206.0
191765199,6,223,125.83333333333333,70.16666666666667
179336958,6,46,77.5,317.8333333333333
45835291,6,305,52.5,125.16666666666667
56283770,6,5,182.5,192.66666666666666
140630987,6,77,64.0,173.33333333333334
228879817,6,83,68.5,147.5
139879568,6,262,90.83333333333333,352.0
303939,6,915,36.333333333333336,276.6666666666667
268135013,6,8,126.66666666666667,79.5
3388950,6,480,71.5,145.33333333333334
190981544,6,339,65.0,265.6666666666667
230037325,6,43,55.666666666666664,163.5
9130040,6,15,92.33333333333333,365.0
21261408,6,10,94.83333333333333,345.1666666666667
21410914,6,326,117.5,65.16666666666667
232596712,6,1,545.0,336.5
187487947,6,164,76.5,0.0
101657794,6,230,71.66666666666667,242.5
101491116,6,212,26.333333333333332,26.833333333333332
227134858,5,66,68.4,151.8
92706260,5,184,47.0,73.2
155691570,5,307,47.0,82.6
256403429,5,50,68.2,62.2
56656728,5,170,136.4,53.8
3441272,5,1013,84.0,242.8
125320407,5,6,800.0,364.8
7365834,5,130,118.6,301.4
41326856,5,58,73.8,87.4
21020951,5,45,87.0,331.8
22307859,5,13,114.8,106.0
44213272,5,100,69.0,275.6
241889662,5,11,999.0,327.0
191338162,5,156,142.0,104.4
1172202,5,356,66.0,32.4
248068752,5,48,75.0,363.0
519554,5,170,70.6,331.2
219738858,5,64,171.2,196.6
43044876,5,9,37.0,7.2
50448556,5,2,160.0,0.0
9898029,5,83,103.4,285.6
116382,5,611,55.6,249.6
232578558,5,41,69.6,4.2
216304678,5,37,64.4,314.2
8715723,5,622,155.6,227.2
51991283,5,11,185.0,278.4
247189581,5,23,33.4,33.4
2559004,5,16,46.6,250.2
134946389,5,242,52.0,34.4
7055854,5,71,1024.0,232.8
6980995,5,94,127.4,36.8
640117,5,75,189.6,101.0
99296570,5,280,46.0,210.6
12720552,5,72,76.0,346.2
146345538,5,16,31.4,343.2
1385157,5,89,127.0,284.2
39808438,5,256,120.0,98.8
5592622,5,65,105.0,109.4
65407018,5,111,76.0,236.2
225889604,5,25,69.4,83.2
142053,5,245,239.0,170.2
9922972,5,776,32.0,191.8
45601111,5,265,39.6,195.4
221645033,5,6,51.8,240.0
7853251,5,263,59.0,359.0
10149317,5,62,65.6,302.4
11305944,5,173,133.4,106.8
152246149,5,72,75.0,290.8
50770601,5,21,195.2,323.0
131392140,5,148,137.4,109.0
37312959,5,2273,42.6,164.8
1411399,5,122,140.4,285.4
40611169,5,278,222.6,285.0
154302755,5,92,80.0,205.4
43719073,5,528,39.4,350.0
2478675,5,577,40.8,345.0
240055586,5,127,99.0,48.2
9522524,5,367,35.4,294.8
242924411,5,67,92.8,60.2
37579015,5,355,167.2,130.2
166634,5,84,121.4,48.4
231216524,5,114,93.8,33.6
10387090,5,10,38.2,342.4
231138233,5,94,171.0,73.6
10384906,5,387,33.0,157.8
6057887,5,6,75.4,15.2
128692351,5,436,65.2,269.0
43371802,5,35,185.6,327.8
244197139,5,1,63.2,164.8
49164956,5,59,73.0,205.8
48866651,5,24,74.0,353.4
40146897,5,179,41.6,40.6
39921605,5,158,218.8,162.4
58391491,5,1154,76.6,124.6
48183551,5,259,54.2,275.2
10951481,5,192,296.0,127.8
149929,5,123,70.4,210.0
137191484,5,292,98.0,237.6
35098529,5,0,232.0,286.0
222287033,5,2,144.0,234.6
55724558,5,72,44.6,89.4
238119405,5,54,49.6,169.0
7557833,5,180,78.0,213.8
35606248,5,105,78.0,360.8
14902860,5,240,144.6,331.8
158407820,5,124,63.8,172.6
15787004,5,35,41.8,0.0
251311623,5,25,58.0,176.6
5541374,5,421,116.2,152.6
212071658,5,120,60.0,348.0
33214549,5,25,163.0,25.4
204539,5,88,198.6,340.0
251817021,5,21,95.0,21.8
211136294,5,65,81.2,266.4
210970608,5,37,418.0,261.6
34689714,5,95,133.6,289.0
34614054,5,77,38.8,301.0
1512819,5,40,45.0,104.8
32167398,5,31,54.0,330.2
159598333,5,8,97.0,309.0
71276635,5,41,394.0,326.4
31626212,5,458,112.6,254.0
32545798,5,37,69.0,0.0
160495098,5,40,46.4,0.0
74331597,5,329,62.8,252.8
117365574,5,435,83.8,292.8
257773717,5,0,58.0,332.4
16534981,5,45,95.2,298.0
16514175,5,297,99.2,100.8
116839989,5,234,122.0,210.2
116746802,5,145,58.6,137.2
115993835,5,101,28.4,75.2
75029289,5,41,128.2,183.8
17450152,5,251,148.6,186.6
17129810,5,237,88.0,227.8
16830841,5,16,360.8,286.2
260193759,5,36,100.0,266.8
30532557,5,4,40.0,192.4
29582232,5,60,89.6,91.0
17462748,5,542,72.6,136.2
257005399,5,30,351.8,292.4
259776956,5,13,120.0,365.0
76192815,5,36,158.8,305.0
4129805,5,329,260.0,111.2
99202586,5,53,99.4,354.6
203266238,5,24,72.0,224.8
201813482,5,58,25.0,175.4
1949282,5,196,47.2,209.8
2793778,5,109,50.6,148.0
199147185,5,102,338.2,185.2
27973267,5,33,224.0,131.2
27636707,5,40,257.0,287.0
201403610,5,54,56.8,225.2
256161,5,720,90.8,269.8
74633496,5,105,41.6,363.8
82367658,5,81,37.6,291.2
264092618,5,58,70.0,83.0
19536596,5,361,48.0,232.0
18996093,5,56,45.0,206.0
80479138,5,43,170.8,128.6
322716,5,61,87.0,242.8
196058543,5,144,59.8,223.2
175311339,5,251,40.2,136.8
26432133,5,2017,47.2,288.6
18836774,5,280,77.4,149.6
198861577,5,2,502.8,90.8
180991373,5,141,51.8,26.0
87786261,5,96,165.0,196.0
107455767,5,255,43.4,267.0
180212824,5,69,91.4,0.0
182989977,5,6,73.4,310.0
21228368,5,150,84.0,194.0
1692538,5,203,139.0,315.4
24260658,5,263,96.0,41.0
19866189,5,180,116.6,361.0
92493393,5,246,98.8,293.6
105878573,5,203,45.6,39.8
105626720,5,0,210.0,337.4
105367031,5,14,190.0,344.0
23982388,5,16,101.0,276.8
95892016,5,23,188.2,257.0
23120620,5,30,64.2,145.0
22959695,5,1157,51.8,0.0
22420999,5,35,50.0,348.8
268796947,5,0,144.4,355.6
187822288,5,243,53.8,186.4
268122129,5,0,53.4,336.8
97513787,5,81,68.2,255.2
103488282,5,451,83.2,109.8
43298076,4,154,50.75,78.75
11189753,4,99,210.0,260.5
222659001,4,143,59.25,201.75
44924546,4,838,72.25,2.25
44620317,4,114,44.25,335.0
44350279,4,308,119.75,192.0
1360198,4,30,262.5,302.5
44123062,4,195,43.75,10.75
44037475,4,68,42.25,90.75
149296850,4,9,78.25,211.75
148237535,4,8,137.5,364.0
148102066,4,179,58.75,220.25
147210078,4,133,47.5,3.25
146776990,4,9,34.0,222.75
11757212,4,396,58.5,269.0
222285897,4,163,98.25,44.0
160356,4,162,134.0,154.5
11297009,4,224,88.75,337.25
42561290,4,107,36.25,198.5
43392243,4,120,33.75,234.75
220762164,4,16,211.75,293.25
220149091,4,62,69.5,345.75
242631139,4,19,100.0,359.75
6787883,4,76,76.5,148.75
244746656,4,0,446.25,3.25
244182582,4,0,77.25,336.25
6556741,4,10,67.0,25.5
11844979,4,20,1450.0,203.5
40532977,4,96,34.5,12.75
42093468,4,99,41.75,248.0
41616878,4,78,49.75,339.0
1407676,4,264,172.75,235.75
12834599,4,6,49.75,134.5
219727469,4,77,71.25,85.0
2196224,4,1,115.0,173.0
12750945,4,138,111.25,258.25
40828217,4,347,70.75,122.75
40711894,4,74,50.75,6.75
151300770,4,23,150.0,278.0
12374283,4,155,168.5,23.5
221355351,4,210,88.25,67.75
1418015,4,300,89.25,192.0
127345864,4,158,73.75,30.5
1146958,4,371,151.0,255.5
60346942,4,685,63.0,141.75
5853457,4,63,79.25,327.5
6486116,4,335,100.75,188.5
246272839,4,30,87.75,152.5
246194760,4,43,42.5,156.5
245710234,4,80,49.25,266.5
13318184,4,3,62.5,0.0
218336964,4,47,40.0,7.5
37412692,4,0,147.25,356.25
37401126,4,116,50.0,333.5
13750728,4,218,58.75,259.0
217784241,4,193,120.0,63.75
217652530,4,27,228.75,276.5
217621677,4,81,45.5,139.0
217463199,4,0,67.0,361.75
217293060,4,1,318.5,182.0
13649613,4,418,50.25,75.75
154128335,4,221,47.0,232.25
38483415,4,19,66.0,363.25
38294216,4,15,60.0,211.75
38216858,4,3,257.5,364.0
14103991,4,176,57.25,296.75
60163700,4,80,56.5,46.25
126176275,4,78,44.75,63.75
62843071,4,632,45.75,251.25
72062,4,254,300.0,301.0
72014,4,456,97.25,275.25
248654228,4,6,38.75,129.25
215884830,4,83,53.75,204.75
38068387,4,132,151.75,257.25
37821056,4,23,135.75,269.5
37818581,4,479,90.0,0.0
154965091,4,160,187.5,72.25
5942292,4,193,116.25,105.75
5904463,4,3,137.5,0.0
1104166,4,39,136.25,26.5
124399442,4,11,32.0,176.25
66269338,4,144,75.0,318.75
643120,4,203,109.25,5.75
2120259,4,186,52.5,210.25
36889012,4,383,85.5,348.5
156547988,4,57,62.5,289.75
156436372,4,18,100.0,305.25
156042211,4,47,66.25,101.75
36234811,4,150,98.25,154.75
15640230,4,8,38.25,338.5
15439251,4,56,110.0,234.0
35387196,4,12,93.25,80.25
158399244,4,286,183.25,116.75
34915339,4,147,84.5,196.25
14552154,4,177,186.25,183.75
60617669,4,15,243.0,0.0
213111794,4,7,202.5,225.75
15231059,4,59,162.25,316.5
15145474,4,221,102.0,61.75
34861728,4,24,104.0,296.75
105074140,4,190,58.0,0.0
104836016,4,88,66.75,183.5
14796247,4,113,43.75,234.5
14614459,4,27,97.5,0.0
34313176,4,65,142.25,318.25
105828086,4,120,63.75,4.75
23719409,4,431,71.25,68.75
5577926,4,314,53.75,47.25
184750740,4,0,78.5,249.75
251296793,4,1,53.5,91.0
250115747,4,39,45.25,152.5
23591164,4,1269,65.0,246.0
68762417,4,239,106.0,101.0
67746251,4,115,70.0,51.5
67567916,4,0,33.75,316.5
67349249,4,0,424.0,236.0
122374980,4,264,60.0,152.25
121612198,4,42,80.5,336.25
2653479,4,96,65.0,68.75
22251283,4,27,120.0,35.75
191571338,4,227,54.25,74.25
209460,4,803,85.0,322.5
190324721,4,55,70.25,186.0
251817531,4,17,130.0,305.25
264478123,4,0,100.0,337.0
4562182,4,244,261.25,270.75
4932354,4,226,108.0,230.0
255234351,4,0,191.5,328.0
253552326,4,37,96.0,144.75
70181422,4,26,115.5,0.0
70058270,4,99,431.25,223.5
3229770,4,18,106.5,295.0
50741398,4,42,86.0,0.0
16151285,4,127,59.5,339.25
135530716,4,51,189.5,43.0
8033432,4,20,222.25,38.75
231281049,4,12,399.0,262.0
15838559,4,31,61.5,1.5
209298687,4,49,65.0,338.5
216191,4,62,157.75,112.25
208955733,4,103,85.0,356.25
208367810,4,13,33.75,68.75
208136645,4,11,47.0,214.0
16286162,4,328,48.0,225.25
16245414,4,312,203.75,105.5
16155254,4,534,165.0,190.25
51954926,4,598,55.0,28.25
33622924,4,443,70.0,352.25
33614329,4,337,106.0,214.75
33434914,4,296,47.0,41.75
390251,4,83,135.0,32.0
51531044,4,260,43.75,317.0
69124870,4,233,378.75,123.25
68787921,4,144,40.75,213.0
119828457,4,220,72.5,331.0
119523037,4,123,71.75,22.75
119155499,4,81,56.5,286.5
134293540,4,15,28.25,96.0
71176668,4,59,110.0,141.25
4770121,4,1,100.0,189.0
4765305,4,22,89.75,245.0
214611101,4,5,50.25,91.5
133785513,4,513,76.0,76.75
32707981,4,24,177.5,0.0
99392252,4,732,56.5,0.0
382836,4,51,180.75,314.5
161057073,4,117,92.75,64.5
230025652,4,45,35.25,5.25
4714927,4,332,70.0,91.25
4666670,4,38,87.25,231.75
8993084,4,97,60.75,85.0
49620552,4,198,100.5,205.75
4548229,4,537,142.0,287.5
4538012,4,171,125.0,139.5
4534893,4,137,215.0,259.75
7728754,4,11,97.5,257.5
16782573,4,261,113.5,308.25
1539749,4,190,52.0,233.25
31929860,4,159,238.75,288.0
31760835,4,26,70.0,120.0
31675601,4,234,66.25,263.75
8338942,4,414,87.25,66.0
8288419,4,388,46.75,133.5
69977115,4,2,79.0,202.75
75248463,4,23,72.0,47.25
75216989,4,182,51.0,335.75
235073206,4,91,94.25,202.0
234214434,4,13,104.5,206.0
132669029,4,113,59.5,43.25
75030544,4,67,247.5,227.75
131697576,4,277,48.75,245.25
7858210,4,299,143.75,176.75
237336458,4,20,99.0,25.0
31534322,4,362,68.75,55.75
1532337,4,12,21.25,124.25
16962957,4,176,253.0,73.25
16851857,4,23,79.25,314.0
205032591,4,81,62.5,347.5
236659049,4,26,65.0,12.0
4731948,4,276,274.75,103.75
259229690,4,18,171.75,57.5
2712353,4,191,36.25,322.25
4094038,4,36,125.0,16.5
52997121,4,331,136.25,46.5
4299040,4,184,60.0,143.75
17822256,4,135,93.75,155.75
27977412,4,16,32.25,356.75
30656279,4,39,61.0,140.75
131354448,4,198,62.75,98.25
130971031,4,53,73.5,92.0
1216362,4,143,78.25,227.5
55149412,4,89,192.5,219.0
7136700,4,388,91.25,234.25
9492212,4,423,148.0,0.0
75458625,4,71,91.5,278.75
75275467,4,207,65.5,142.5
114975592,4,73,80.0,84.0
114477998,4,582,90.25,214.75
4241953,4,81,60.5,314.0
9390190,4,109,115.0,87.25
201079770,4,32,101.25,220.75
29278028,4,158,410.0,154.25
29100568,4,3,165.25,0.0
28891151,4,6,78.5,220.5
170263842,4,2,42.75,295.0
168465501,4,11,168.75,252.0
28580275,4,10,174.5,312.0
8637211,4,198,73.25,235.5
18007776,4,22,41.25,25.5
231150375,4,36,68.75,152.75
230165497,4,1,186.0,264.0
228263278,4,11,127.5,179.5
79913651,4,79,53.0,152.5
79651295,4,1,95.0,178.0
3929012,4,708,116.5,71.0
263266237,4,3,58.5,86.25
96222132,4,90,58.75,250.75
226764496,4,103,72.5,17.25
9808458,4,13,63.75,364.5
172544686,4,4,339.25,269.25
171495922,4,1,58.5,334.25
48684597,4,49,46.25,212.5
18765976,4,39,67.0,65.0
138515591,4,15,45.5,211.5
48194192,4,45,332.75,47.0
254846,4,137,371.5,296.25
137817563,4,71,116.25,167.25
700224,4,35,208.75,249.75
82889379,4,489,42.0,165.75
137264725,4,262,125.0,253.0
3788839,4,42,65.0,238.25
137129564,4,204,55.5,220.0
89031106,4,14,157.5,246.0
88171838,4,38,81.0,204.5
88043058,4,272,64.25,344.5
55948559,4,206,35.0,12.0
27260699,4,232,28.0,86.25
19177308,4,298,58.0,162.0
57257950,4,1,381.5,234.5
2768182,4,328,79.0,26.0
81274648,4,324,49.25,63.75
128793815,4,156,61.25,210.5
706623,4,28,104.0,139.75
112901574,4,109,86.25,239.25
24796602,4,144,86.75,305.0
6754369,4,117,147.5,154.5
178272943,4,2,106.25,73.0
177353847,4,44,575.0,149.25
90860,4,543,167.5,137.25
1633246,4,20,91.25,104.0
176591085,4,14,47.5,156.5
242344309,4,91,67.75,88.75
26490904,4,10,280.0,260.75
7202412,4,398,133.75,80.0
26405086,4,311,289.0,327.5
59982224,4,37,112.5,21.5
47993495,4,540,84.75,128.25
79499558,4,88,65.75,102.75
83627325,4,21,174.0,362.75
83132880,4,0,70.75,312.0
47735494,4,76,31.25,0.0
605463,4,316,850.0,288.0
108618132,4,82,61.0,273.0
108029974,4,25,502.5,57.5
107915864,4,24,83.25,306.5
87690038,4,273,80.75,317.25
128338539,4,98,55.5,104.5
107272884,4,120,42.5,263.5
89769986,4,266,66.25,207.0
3684360,4,595,41.0,263.0
3660702,4,531,95.75,63.25
180380802,4,18,100.0,362.25
243129380,4,62,55.25,133.75
28370925,4,341,41.75,0.0
24762401,4,94,62.5,351.5
24715671,4,63,220.75,221.0
183423525,4,11,63.75,238.5
183211776,4,92,84.0,113.25
183127881,4,180,57.75,259.5
10229087,4,117,102.25,350.75
21641206,4,1062,106.75,203.5
44929652,4,19,96.25,358.75
21216008,4,142,29.75,352.25
193282294,4,206,97.75,236.25
47351539,4,880,165.0,237.75
312722,4,32,106.25,259.0
311286,4,60,72.5,257.5
141052003,4,65,80.0,154.5
10134825,4,16,132.5,0.0
194843581,4,87,76.75,0.25
194377255,4,260,44.5,312.75
24140532,4,242,51.25,138.25
226338109,4,53,63.75,321.5
106460468,4,268,76.75,62.25
43809903,4,134,136.25,50.0
91268177,4,8,423.0,183.25
10714931,4,70,37.75,46.25
105394139,4,346,67.75,74.75
10677584,4,114,68.5,92.0
94713722,4,57,102.75,207.25
3571821,4,348,39.75,0.0
23193,4,20,40.0,219.0
24052348,4,40,98.25,4.5
1709216,4,213,168.75,334.25
24020292,4,220,65.0,57.5
24000784,4,49,56.25,55.5
10661558,4,424,133.25,112.5
183707967,4,97,132.5,258.25
10657357,4,83,56.0,223.0
271885652,4,2,121.5,168.5
100128949,4,80,41.5,136.25
102482048,4,232,37.5,298.5
224074972,4,71,55.0,169.0
223375402,4,8,97.5,350.5
22565253,4,132,72.25,232.25
188741104,4,125,155.0,150.25
188023318,4,49,391.25,57.25
187908645,4,69,60.0,113.75
22543458,4,206,358.75,210.75
501456,4,96,121.25,10.75
23732730,4,126,625.0,204.5
3542562,4,4,84.25,62.75
3532263,4,148,316.5,268.0
143052745,4,167,66.25,128.5
7549,4,522,95.0,190.25
3158364,4,181,38.0,265.75
3074904,4,248,164.75,27.25
271029539,4,1,87.0,94.0
142447586,4,35,41.5,81.25
225454310,4,29,87.5,349.25
3339701,4,596,53.75,309.5
97853468,4,33,49.75,337.0
145825873,4,24,111.75,141.75
97042500,4,95,154.5,76.5
104626152,4,5,281.25,189.0
758441,4,36,148.75,233.5
145801588,4,8,481.5,348.75
3236595,4,211,78.0,4.0
3231509,4,64,484.5,257.25
319077,4,90,687.25,364.75
273392981,3,0,101.0,363.6666666666667
100672521,3,290,94.66666666666667,106.33333333333333
102292061,3,19,50.0,81.0
102287310,3,15,199.0,354.3333333333333
102228163,3,4,90.0,16.666666666666668
99683151,3,72,176.66666666666666,240.33333333333334
99608108,3,97,55.666666666666664,261.0
269078124,3,0,55.333333333333336,73.0
3249903,3,14,100.66666666666667,87.66666666666667
3294438,3,37,40.0,318.6666666666667
98726662,3,110,39.0,54.666666666666664
820010,3,283,65.33333333333333,262.0
104273977,3,5,109.0,0.0
104497453,3,221,173.33333333333334,54.0
96424121,3,182,67.66666666666667,302.6666666666667
96479013,3,56,78.33333333333333,59.0
96664487,3,47,164.0,336.0
96737879,3,32,66.66666666666667,43.333333333333336
96810536,3,73,98.0,115.0
98260543,3,32,196.66666666666666,234.66666666666666
105762561,3,56,91.66666666666667,332.3333333333333
3325418,3,43,316.6666666666667,205.66666666666666
3360618,3,5,58.333333333333336,35.0
1785800,3,48,72.0,257.6666666666667
23570473,3,77,84.33333333333333,339.0
184090548,3,53,98.33333333333333,337.3333333333333
185683441,3,92,186.66666666666666,176.66666666666666
302885,3,18,266.0,0.0
185889529,3,180,48.666666666666664,352.0
23776693,3,183,47.666666666666664,154.66666666666666
22926868,3,72,50.0,31.666666666666668
22463377,3,93,131.0,27.0
22553147,3,36,68.0,205.0
189075482,3,40,88.33333333333333,64.33333333333333
189421403,3,58,120.0,81.33333333333333
22087408,3,102,141.66666666666666,274.0
22927481,3,2,441.6666666666667,0.0
23074465,3,96,63.333333333333336,79.66666666666667
23089531,3,148,150.0,117.66666666666667
192895513,3,10,84.0,337.6666666666667
21250331,3,197,40.0,338.0
21340955,3,63,73.66666666666667,318.0
1810885,3,59,123.0,100.66666666666667
1869332,3,138,162.33333333333334,36.0
1715301,3,180,313.3333333333333,243.0
183417610,3,3,180.0,29.333333333333332
306739,3,600,215.0,184.66666666666666
23909946,3,186,53.333333333333336,31.0
24126726,3,6,420.0,89.33333333333333
23354644,3,55,70.33333333333333,40.333333333333336
22100836,3,31,116.0,0.0
22129776,3,8,399.0,360.6666666666667
189646908,3,68,86.0,357.3333333333333
190096034,3,166,61.666666666666664,184.66666666666666
191085997,3,10,206.33333333333334,205.0
195041901,3,5,41.0,299.6666666666667
278393,3,316,45.0,78.66666666666667
21014758,3,146,38.333333333333336,114.0
24232061,3,50,118.66666666666667,207.66666666666666
1698391,3,275,160.66666666666666,229.0
181710793,3,291,51.666666666666664,39.333333333333336
1699871,3,77,98.66666666666667,108.0
24273714,3,87,110.0,195.66666666666666
24377694,3,2,152.66666666666666,63.0
24405003,3,62,107.33333333333333,106.0
24530713,3,31,96.66666666666667,310.6666666666667
24559181,3,223,128.0,351.0
23884430,3,179,60.0,105.66666666666667
21058022,3,12,93.33333333333333,1.0
21074914,3,275,59.333333333333336,18.333333333333332
21091779,3,338,59.333333333333336,289.0
24561040,3,294,143.33333333333334,172.0
24742173,3,30,256.6666666666667,23.333333333333332
180126576,3,72,273.3333333333333,2.0
180154611,3,34,49.0,347.3333333333333
181074926,3,88,103.33333333333333,341.6666666666667
181092484,3,15,172.33333333333334,311.0
314941,3,167,202.0,280.0
181651082,3,21,85.0,122.33333333333333
1678704,3,89,43.333333333333336,89.0
20480059,3,53,86.66666666666667,0.0
20851517,3,3,98.0,6.333333333333333
282655,3,283,191.66666666666666,252.66666666666666
193500709,3,73,56.333333333333336,56.666666666666664
193626078,3,59,248.66666666666666,330.3333333333333
193954973,3,13,186.66666666666666,205.0
194031970,3,42,79.33333333333333,210.66666666666666
178059867,3,181,51.666666666666664,224.33333333333334
25812962,3,134,63.333333333333336,292.0
25843005,3,404,44.333333333333336,21.666666666666668
26080167,3,29,77.33333333333333,291.0
1635983,3,100,42.666666666666664,151.0
24880134,3,10,71.33333333333333,0.0
25036260,3,149,64.33333333333333,144.0
25052740,3,32,66.66666666666667,244.0
25059364,3,66,92.66666666666667,42.333333333333336
178833771,3,32,138.33333333333334,260.6666666666667
179387087,3,72,45.0,1.0
179478172,3,2,25.0,324.6666666666667
179619904,3,212,66.66666666666667,171.66666666666666
179677211,3,95,149.0,13.333333333333334
25168888,3,54,83.0,72.0
25318403,3,96,383.3333333333333,97.66666666666667
19931875,3,17,71.66666666666667,217.66666666666666
19962052,3,54,145.0,35.0
195691349,3,222,150.0,261.0
273174,3,474,858.3333333333334,94.0
20134231,3,598,41.333333333333336,348.3333333333333
20243795,3,249,111.66666666666667,365.0
20278196,3,17,78.66666666666667,351.6666666666667
20368225,3,290,171.66666666666666,59.333333333333336
20438402,3,83,333.0,116.66666666666667
20448671,3,44,68.66666666666667,187.0
1865527,3,90,81.33333333333333,343.3333333333333
1909320,3,118,146.33333333333334,280.0
25720293,3,58,409.0,174.0
1649108,3,186,100.0,23.666666666666668
177314795,3,249,73.33333333333333,336.6666666666667
177396569,3,3,1473.3333333333333,115.66666666666667
19597910,3,245,121.66666666666667,341.3333333333333
19638146,3,37,143.33333333333334,72.66666666666667
1903737,3,35,64.33333333333333,1.3333333333333333
274333,3,67,46.0,46.666666666666664
197354631,3,8,67.0,22.0
197516314,3,59,52.333333333333336,364.3333333333333
265152,3,90,95.66666666666667,5.333333333333333
19708200,3,129,50.0,303.3333333333333
19797950,3,0,51.666666666666664,327.6666666666667
335046,3,24,123.33333333333333,313.6666666666667
174986751,3,40,103.33333333333333,132.66666666666666
175116422,3,92,69.0,307.6666666666667
175583687,3,83,133.33333333333334,11.666666666666666
26521212,3,24,272.3333333333333,0.0
25517905,3,675,107.0,266.0
19903807,3,7,128.33333333333334,46.0
199786012,3,71,65.0,347.0
199946021,3,220,68.0,15.333333333333334
200261161,3,64,71.33333333333333,25.0
260958,3,186,100.33333333333333,21.0
19109608,3,284,108.33333333333333,229.66666666666666
19195540,3,147,190.0,131.0
1938828,3,40,53.666666666666664,254.0
26738513,3,74,74.0,102.33333333333333
1609077,3,4,124.66666666666667,243.0
173290675,3,69,39.666666666666664,242.66666666666666
173417532,3,21,154.0,84.0
174263749,3,7,119.66666666666667,90.0
331328,3,41,102.33333333333333,88.0
26856159,3,564,54.333333333333336,280.0
27378293,3,13,86.33333333333333,333.0
19433714,3,36,256.6666666666667,21.0
201416245,3,92,63.333333333333336,243.33333333333334
201419214,3,58,106.66666666666667,353.0
18418581,3,349,179.0,329.0
18495460,3,129,119.33333333333333,209.33333333333334
18655157,3,37,63.0,121.33333333333333
27522582,3,4,54.333333333333336,0.0
27615247,3,127,116.0,41.0
27668092,3,16,61.666666666666664,72.66666666666667
171214206,3,100,76.66666666666667,7.666666666666667
172837223,3,128,30.0,141.66666666666666
345252,3,35,140.0,0.0
27960761,3,30,158.0,21.0
26535250,3,170,55.333333333333336,238.0
1921498,3,45,54.333333333333336,84.66666666666667
199466039,3,5,292.3333333333333,325.6666666666667
199524563,3,74,61.666666666666664,25.333333333333332
201757076,3,31,91.33333333333333,79.33333333333333
201824419,3,65,61.666666666666664,365.0
201884425,3,48,80.66666666666667,44.0
248865,3,142,76.66666666666667,267.6666666666667
17051201,3,40,396.3333333333333,151.0
167636238,3,16,66.0,303.0
347642,3,384,116.66666666666667,216.33333333333334
28709982,3,105,135.66666666666666,74.33333333333333
28722667,3,151,98.66666666666667,350.6666666666667
28823649,3,6,182.66666666666666,116.66666666666667
28966357,3,171,99.33333333333333,172.33333333333334
29349060,3,40,59.0,271.3333333333333
29510402,3,186,176.33333333333334,39.333333333333336
27474188,3,8,134.66666666666666,0.0
200465032,3,164,116.66666666666667,354.3333333333333
200927536,3,0,104.66666666666667,278.3333333333333
203750889,3,67,59.666666666666664,344.3333333333333
204160428,3,86,156.66666666666666,104.33333333333333
204527108,3,2,87.0,310.0
242506,3,479,170.33333333333334,52.666666666666664
17344881,3,17,160.0,329.3333333333333
17494958,3,8,191.66666666666666,0.0
17577495,3,61,113.33333333333333,102.0
207777872,3,44,65.0,187.0
1550888,3,17,104.66666666666667,322.6666666666667
164719010,3,129,41.0,87.33333333333333
165257273,3,11,48.0,324.3333333333333
166794407,3,4,56.333333333333336,153.0
167098774,3,79,55.0,205.0
30616879,3,148,50.0,268.6666666666667
17713747,3,8,90.0,65.33333333333333
17848380,3,45,120.0,352.6666666666667
204906313,3,151,49.0,71.33333333333333
231704,3,1,336.6666666666667,265.6666666666667
205131610,3,17,57.666666666666664,303.3333333333333
16396714,3,27,100.0,63.333333333333336
30839692,3,341,40.0,166.33333333333334
31175000,3,215,111.33333333333333,137.0
31230100,3,49,71.66666666666667,159.66666666666666
31376201,3,0,150.0,364.0
163421878,3,63,61.666666666666664,326.0
163625145,3,3,43.333333333333336,171.33333333333334
163749958,3,6,39.0,344.6666666666667
163905917,3,21,101.66666666666667,7.666666666666667
164051353,3,43,134.33333333333334,85.0
164291123,3,117,145.66666666666666,353.3333333333333
1558222,3,5,70.0,0.0
17074459,3,79,177.66666666666666,0.0
16625273,3,3,661.6666666666666,284.0
206451695,3,10,270.3333333333333,364.0
206714649,3,190,86.33333333333333,47.666666666666664
206758177,3,60,209.66666666666666,28.0
207651513,3,157,73.33333333333333,35.333333333333336
2052361,3,76,70.0,39.0
31651673,3,41,110.0,0.0
1526757,3,162,66.66666666666667,343.0
1530310,3,26,59.666666666666664,0.0
161357125,3,19,87.66666666666667,42.0
162142087,3,118,62.666666666666664,286.0
162427870,3,437,110.0,314.6666666666667
163035332,3,44,832.6666666666666,226.66666666666666
32162495,3,37,182.0,67.0
16664377,3,250,80.0,189.33333333333334
2010724,3,145,111.0,198.33333333333334
208634617,3,95,55.0,351.6666666666667
210746,3,350,106.66666666666667,252.33333333333334
213020,3,143,117.0,82.33333333333333
216227,3,516,60.666666666666664,300.0
32168079,3,0,45.666666666666664,135.0
32220047,3,43,138.33333333333334,119.33333333333333
32304780,3,32,51.0,307.6666666666667
1512565,3,30,138.33333333333334,109.66666666666667
32357613,3,142,62.666666666666664,0.0
160326327,3,100,64.33333333333333,6.333333333333333
160940380,3,45,366.6666666666667,342.3333333333333
32865595,3,122,55.666666666666664,337.3333333333333
16462666,3,3,152.0,0.0
16507770,3,85,56.666666666666664,123.66666666666667
16608415,3,198,93.33333333333333,158.66666666666666
16624745,3,27,155.0,52.333333333333336
2065453,3,48,70.66666666666667,4.0
15929157,3,42,33.0,199.33333333333334
2050338,3,169,113.33333333333333,218.66666666666666
209405908,3,126,123.33333333333333,43.333333333333336
209549523,3,241,115.66666666666667,0.0
210019212,3,70,54.0,18.666666666666668
210799153,3,11,54.333333333333336,0.3333333333333333
211146044,3,59,57.666666666666664,307.6666666666667
33106693,3,45,112.0,102.0
159156636,3,286,120.0,0.0
159435936,3,8,93.33333333333333,93.0
33346283,3,92,55.0,330.0
33403059,3,14,101.33333333333333,0.0
33738190,3,2,171.66666666666666,0.0
16300594,3,82,60.666666666666664,34.666666666666664
208514239,3,1,153.33333333333334,356.6666666666667
15537429,3,101,155.0,36.0
15617507,3,130,42.666666666666664,128.0
15681707,3,243,92.66666666666667,166.0
212263525,3,33,366.0,320.0
212899703,3,33,83.0,132.0
213049308,3,75,77.0,15.0
15807180,3,34,97.33333333333333,241.66666666666666
15817123,3,264,88.33333333333333,3.6666666666666665
15823232,3,33,109.0,81.0
15058648,3,12,91.66666666666667,19.666666666666668
34075689,3,40,131.66666666666666,65.0
158710682,3,77,124.33333333333333,181.0
158922261,3,85,53.666666666666664,150.0
34161028,3,10,105.33333333333333,37.333333333333336
34546849,3,267,49.666666666666664,274.0
34595916,3,244,173.0,147.33333333333334
214037223,3,112,128.33333333333334,269.3333333333333
214483712,3,0,46.666666666666664,210.66666666666666
214678935,3,81,56.333333333333336,295.6666666666667
214738765,3,52,69.33333333333333,194.33333333333334
34991003,3,35,35.0,305.6666666666667
1475812,3,221,181.66666666666666,48.0
157558461,3,10,80.0,52.666666666666664
157701235,3,267,68.33333333333333,24.333333333333332
157967816,3,173,106.66666666666667,97.0
158054102,3,135,51.333333333333336,56.333333333333336
158178970,3,51,20.666666666666668,185.33333333333334
158191277,3,34,68.33333333333333,28.333333333333332
35253342,3,24,120.33333333333333,121.33333333333333
35322092,3,320,49.0,169.33333333333334
33867639,3,204,104.0,86.66666666666667
15344412,3,112,48.333333333333336,85.0
190409,3,413,48.333333333333336,343.6666666666667
215532980,3,36,75.0,81.33333333333333
215556105,3,13,128.33333333333334,115.66666666666667
14719992,3,33,57.333333333333336,70.0
14933972,3,149,94.66666666666667,11.666666666666666
13792543,3,257,98.0,309.6666666666667
156684502,3,1046,60.0,25.666666666666668
156958091,3,98,56.666666666666664,0.0
157067019,3,56,72.66666666666667,81.66666666666667
157295347,3,48,40.666666666666664,341.6666666666667
157430725,3,105,150.0,154.0
35728189,3,59,85.0,336.6666666666667
35983559,3,104,100.0,204.33333333333334
35998113,3,291,52.666666666666664,0.0
15163256,3,199,77.33333333333333,342.0
213816392,3,79,39.0,289.3333333333333
216456504,3,89,81.33333333333333,363.0
14061862,3,62,55.0,337.6666666666667
14278133,3,68,69.66666666666667,0.0
14289427,3,26,246.66666666666666,219.66666666666666
14290739,3,37,191.66666666666666,115.0
14482375,3,25,148.0,0.0
13416818,3,33,51.666666666666664,0.0
36205885,3,25,76.33333333333333,215.33333333333334
36579485,3,1,566.6666666666666,302.0
36656552,3,200,176.33333333333334,94.33333333333333
36732553,3,4,56.666666666666664,336.6666666666667
156246842,3,109,105.66666666666667,16.333333333333332
156259857,3,96,145.0,199.0
35433522,3,161,165.66666666666666,0.0
215387072,3,35,81.66666666666667,355.6666666666667
215407308,3,34,50.666666666666664,125.33333333333333
2155917,3,80,216.66666666666666,247.33333333333334
217482038,3,13,129.0,10.0
217642569,3,16,166.66666666666666,44.666666666666664
179679,3,322,148.0,16.666666666666668
13730809,3,70,59.0,72.66666666666667
12872352,3,144,424.6666666666667,267.0
37333386,3,171,140.0,129.66666666666666
37563411,3,52,76.66666666666667,0.0
155125855,3,125,131.33333333333334,0.0
155297713,3,3,38.0,32.0
155923396,3,61,35.0,102.66666666666667
1453898,3,300,81.66666666666667,35.666666666666664
36164182,3,211,103.33333333333333,251.66666666666666
13830544,3,35,63.666666666666664,231.0
13860679,3,53,132.33333333333334,168.66666666666666
215944788,3,51,125.0,80.66666666666667
154042156,3,114,80.0,258.6666666666667
1420715,3,233,259.0,207.33333333333334
40221604,3,258,77.66666666666667,61.666666666666664
40236486,3,58,55.0,69.0
40245658,3,54,182.66666666666666,71.66666666666667
40511252,3,18,54.0,181.0
1447684,3,146,65.0,269.0
38204730,3,4,197.66666666666666,181.66666666666666
154266431,3,132,105.33333333333333,5.0
154506785,3,174,359.3333333333333,248.0
436365,3,48,104.66666666666667,127.33333333333333
38874050,3,129,45.666666666666664,150.0
39174150,3,37,171.66666666666666,66.66666666666667
1432946,3,525,76.66666666666667,187.33333333333334
13486673,3,10,82.66666666666667,36.0
13611255,3,156,88.66666666666667,202.66666666666666
12926593,3,5,192.0,28.333333333333332
12931469,3,17,70.0,86.33333333333333
12982906,3,19,113.33333333333333,115.33333333333333
13031745,3,7,63.0,0.0
218511630,3,28,68.33333333333333,0.0
13208084,3,17,39.0,260.0
13225047,3,109,110.33333333333333,0.0
13262455,3,10,151.66666666666666,95.0
13262918,3,152,136.33333333333334,43.0
13400096,3,9,41.666666666666664,0.0
13406954,3,6,76.0,0.0
2219255,3,235,109.33333333333333,22.666666666666668
153141476,3,69,57.333333333333336,136.66666666666666
153434419,3,2,90.0,257.0
153565366,3,98,245.0,149.66666666666666
154037433,3,91,64.33333333333333,50.333333333333336
2212344,3,17,87.33333333333333,39.0
2265770,3,196,119.33333333333333,9.666666666666666
40632179,3,3,58.333333333333336,290.3333333333333
152394865,3,14,175.0,49.0
40703442,3,94,131.0,1.3333333333333333
40874834,3,312,75.0,343.0
40875021,3,34,150.0,295.3333333333333
40883799,3,204,60.333333333333336,147.0
12593328,3,17,71.33333333333333,28.666666666666668
2196491,3,0,91.66666666666667,78.66666666666667
219544415,3,41,71.66666666666667,365.0
219782181,3,50,107.66666666666667,99.0
219908197,3,2,461.6666666666667,345.0
220125576,3,9,75.66666666666667,52.333333333333336
12798614,3,50,88.66666666666667,319.0
11837926,3,110,138.33333333333334,323.3333333333333
42998647,3,257,39.666666666666664,57.0
41059169,3,38,108.0,172.66666666666666
41099363,3,8,166.66666666666666,199.33333333333334
148852095,3,65,61.0,84.33333333333333
148960265,3,12,66.0,140.0
41191579,3,14,73.33333333333333,11.333333333333334
41348157,3,5,153.33333333333334,9.0
41398005,3,87,84.0,138.0
41658748,3,179,230.0,320.3333333333333
1398639,3,36,38.0,241.33333333333334
1401835,3,66,87.66666666666667,309.3333333333333
41940272,3,61,67.33333333333333,29.333333333333332
220574429,3,3,305.0,235.66666666666666
221275418,3,28,55.0,261.6666666666667
12306481,3,28,93.33333333333333,332.0
2208993,3,101,200.0,202.33333333333334
221836975,3,14,47.666666666666664,314.0
221940893,3,54,43.333333333333336,204.33333333333334
222252623,3,36,68.66666666666667,236.33333333333334
222281153,3,55,59.666666666666664,322.6666666666667
2261995,3,1,93.33333333333333,282.6666666666667
11546043,3,29,65.0,312.0
11612872,3,211,62.666666666666664,9.333333333333334
11674837,3,321,62.333333333333336,296.6666666666667
11790239,3,51,151.0,321.3333333333333
42605385,3,4,68.33333333333333,0.0
42682752,3,57,65.0,0.0
146675319,3,37,101.66666666666667,17.333333333333332
147059964,3,34,77.0,29.666666666666668
147762665,3,42,36.333333333333336,267.6666666666667
147972663,3,143,41.666666666666664,308.0
42814202,3,103,94.66666666666667,221.0
222476614,3,8,43.666666666666664,332.3333333333333
222549093,3,1,61.333333333333336,14.333333333333334
222581357,3,111,43.666666666666664,263.0
222749009,3,8,48.333333333333336,105.66666666666667
10859726,3,20,50.666666666666664,215.66666666666666
11095923,3,3,40.333333333333336,0.0
11167829,3,154,51.0,38.333333333333336
43148410,3,15,41.0,346.3333333333333
43352661,3,201,41.666666666666664,340.3333333333333
145252418,3,121,93.33333333333333,238.33333333333334
145518739,3,91,150.0,210.66666666666666
145727343,3,26,37.0,153.33333333333334
145975067,3,56,70.0,8.333333333333334
145981682,3,41,687.0,251.33333333333334
146275359,3,32,42.0,302.0
43438475,3,321,173.33333333333334,147.0
223346842,3,99,82.0,31.333333333333332
223431101,3,102,78.33333333333333,9.0
223846870,3,147,51.333333333333336,227.33333333333334
224042160,3,23,37.0,263.6666666666667
10633027,3,203,80.0,33.0
10703290,3,87,173.33333333333334,59.666666666666664
43825074,3,97,54.0,339.6666666666667
144124452,3,18,43.333333333333336,44.0
144857346,3,53,245.33333333333334,18.666666666666668
43908809,3,18,125.0,81.66666666666667
44260966,3,132,36.0,135.0
1354796,3,277,47.333333333333336,290.0
44924379,3,128,60.0,357.0
43128266,3,57,41.0,329.3333333333333
10771238,3,311,71.0,188.0
10812002,3,11,111.66666666666667,0.0
225055374,3,1,76.0,353.6666666666667
10285950,3,18,98.66666666666667,332.0
10366292,3,3,53.333333333333336,0.0
10366837,3,266,78.66666666666667,113.66666666666667
9917136,3,50,40.666666666666664,194.33333333333334
45033175,3,137,107.66666666666667,10.0
45232769,3,156,74.33333333333333,34.666666666666664
141426597,3,10,108.33333333333333,179.66666666666666
141931484,3,79,73.0,306.3333333333333
142878742,3,498,70.66666666666667,45.333333333333336
503555,3,26,189.0,0.0
45241930,3,17,158.33333333333334,41.666666666666664
45317760,3,40,41.666666666666664,21.333333333333332
45600001,3,129,53.333333333333336,79.33333333333333
10475653,3,296,43.333333333333336,231.0
10535719,3,35,141.66666666666666,349.6666666666667
226406882,3,0,158.33333333333334,272.0
137814,3,1059,72.0,314.6666666666667
9622750,3,13,125.0,0.0
1338262,3,133,203.33333333333334,241.0
514261,3,26,166.0,9.333333333333334
45731391,3,25,126.0,0.0
46081317,3,7,51.0,118.0
46231814,3,30,103.33333333333333,77.33333333333333
46389451,3,22,219.66666666666666,141.33333333333334
46644337,3,192,134.66666666666666,303.6666666666667
46660053,3,100,55.0,60.333333333333336
47022650,3,107,150.0,334.3333333333333
47023469,3,61,100.0,129.33333333333334
47104818,3,40,152.33333333333334,360.0
10164435,3,331,63.0,28.0
224731704,3,22,186.0,234.66666666666666
9913035,3,27,59.333333333333336,281.3333333333333
9284163,3,733,44.333333333333336,235.66666666666666
47705853,3,164,155.66666666666666,238.33333333333334
47782497,3,55,55.0,306.0
48059119,3,1,214.33333333333334,363.3333333333333
139871943,3,85,83.66666666666667,195.0
139957134,3,141,45.0,282.6666666666667
140293912,3,100,103.33333333333333,0.0
140433148,3,32,50.333333333333336,104.0
48100358,3,382,54.666666666666664,22.333333333333332
2333904,3,138,79.66666666666667,117.33333333333333
225618164,3,0,75.33333333333333,365.0
225620845,3,10,276.6666666666667,293.0
225790094,3,24,35.0,266.3333333333333
226036723,3,2,166.66666666666666,302.6666666666667
226201658,3,5,84.0,318.0
50145118,3,101,89.0,0.0
138607228,3,109,133.0,0.0
138770550,3,40,358.3333333333333,107.0
139490165,3,16,102.0,0.0
48983104,3,214,56.666666666666664,83.66666666666667
48988714,3,125,413.3333333333333,219.66666666666666
49101398,3,30,81.0,143.66666666666666
49293531,3,32,151.66666666666666,155.0
49568280,3,34,66.0,73.66666666666667
1314045,3,678,102.33333333333333,343.6666666666667
9761047,3,77,61.666666666666664,20.333333333333332
9773038,3,13,47.333333333333336,24.666666666666668
9777215,3,283,177.0,191.0
9820942,3,701,57.333333333333336,337.0
227647873,3,94,125.66666666666667,43.0
9909635,3,107,116.66666666666667,118.66666666666667
229149810,3,102,84.66666666666667,81.33333333333333
229386490,3,28,62.0,254.66666666666666
124357,3,340,160.0,229.33333333333334
126607,3,370,141.66666666666666,212.0
9419684,3,0,318.3333333333333,117.33333333333333
9439324,3,145,43.666666666666664,17.666666666666668
9472223,3,19,70.33333333333333,0.3333333333333333
9501531,3,352,58.333333333333336,351.0
9532490,3,69,102.66666666666667,103.66666666666667
9572607,3,18,157.0,7.0
8961407,3,134,391.6666666666667,316.6666666666667
49699620,3,21,130.0,0.0
137501374,3,44,24.0,234.33333333333334
536745,3,20,84.66666666666667,103.33333333333333
50052968,3,19,80.66666666666667,164.0
50068597,3,406,46.666666666666664,326.6666666666667
117287,3,54,131.33333333333334,263.0
118971,3,768,189.33333333333334,98.0
50321289,3,20,83.66666666666667,1.3333333333333333
50364039,3,92,141.66666666666666,275.6666666666667
50375092,3,24,50.333333333333336,229.0
1267021,3,141,66.0,287.6666666666667
135563904,3,9,236.66666666666666,72.66666666666667
136812761,3,243,459.3333333333333,102.0
50755667,3,160,135.0,166.33333333333334
50855262,3,16,48.333333333333336,7.0
8962305,3,21,75.33333333333333,27.0
230720704,3,3,40.0,176.0
119441,3,72,300.0,230.33333333333334
9059810,3,0,114.0,89.33333333333333
9207223,3,40,85.0,177.0
9209820,3,203,256.6666666666667,283.3333333333333
133812877,3,81,52.0,322.3333333333333
52403444,3,369,109.0,20.333333333333332
52474491,3,3,130.33333333333334,0.0
52577563,3,12,130.0,303.0
52862385,3,166,69.0,302.0
51025844,3,137,65.66666666666667,211.66666666666666
1260413,3,32,123.0,0.0
133972085,3,86,213.33333333333334,133.66666666666666
51716739,3,161,201.66666666666666,287.3333333333333
51850937,3,460,91.66666666666667,176.0
50278442,3,0,70.0,297.3333333333333
8773518,3,21,110.66666666666667,79.0
8826175,3,466,135.0,85.0
231352789,3,80,79.66666666666667,293.6666666666667
232283561,3,36,131.66666666666666,80.33333333333333
116599,3,95,316.6666666666667,365.0
8076786,3,9,129.66666666666666,337.0
8112941,3,92,74.33333333333333,140.66666666666666
8119708,3,90,101.66666666666667,113.33333333333333
234270791,3,9,74.0,122.0
235302401,3,20,49.0,165.33333333333334
2448006,3,14,85.0,337.6666666666667
8159536,3,38,49.0,215.66666666666666
8335684,3,16,49.666666666666664,0.0
8452639,3,162,117.66666666666667,362.0
8515724,3,63,123.33333333333333,3.3333333333333335
8518665,3,132,47.666666666666664,17.333333333333332
1240820,3,349,256.6666666666667,159.33333333333334
133123832,3,0,114.33333333333333,194.66666666666666
133288905,3,23,310.0,4.333333333333333
133555768,3,2,35.0,53.333333333333336
133810925,3,362,69.33333333333333,236.66666666666666
7875272,3,1,173.66666666666666,0.0
7920086,3,40,73.33333333333333,0.0
7977178,3,77,96.66666666666667,285.0
7985095,3,78,305.0,71.33333333333333
131684478,3,77,55.0,233.66666666666666
131777975,3,15,63.333333333333336,261.3333333333333
131826530,3,1,1300.0,239.0
131976173,3,445,121.33333333333333,53.333333333333336
132104049,3,4,37.0,276.3333333333333
132883674,3,3,123.33333333333333,0.0
53725579,3,68,45.0,216.33333333333334
1229984,3,101,60.0,135.66666666666666
54378184,3,46,179.66666666666666,348.3333333333333
54438083,3,185,174.66666666666666,265.0
54454582,3,176,123.33333333333333,26.333333333333332
54689007,3,0,176.66666666666666,65.33333333333333
238957303,3,56,48.333333333333336,142.0
239139334,3,27,45.333333333333336,243.66666666666666
240134265,3,77,163.33333333333334,233.0
7580038,3,62,192.66666666666666,270.0
7655328,3,6,117.66666666666667,0.0
2480939,3,625,77.66666666666667,217.33333333333334
55125246,3,653,75.0,173.0
130617332,3,0,81.66666666666667,200.33333333333334
55527442,3,43,684.6666666666666,290.3333333333333
55858529,3,259,41.0,6.333333333333333
7780845,3,23,83.33333333333333,129.0
235530740,3,20,221.66666666666666,187.0
236018119,3,51,140.33333333333334,150.66666666666666
236445157,3,7,80.0,297.3333333333333
236839319,3,0,56.333333333333336,35.0
7850260,3,351,291.6666666666667,181.66666666666666
7309232,3,265,225.0,269.3333333333333
7380428,3,165,168.33333333333334,187.0
7474069,3,330,114.66666666666667,145.33333333333334
56403037,3,30,40.333333333333336,97.66666666666667
56726605,3,36,167.33333333333334,272.0
1192659,3,9,59.0,14.666666666666666
129124146,3,7,93.33333333333333,217.0
129222253,3,125,276.6666666666667,331.0
129273512,3,294,99.66666666666667,323.6666666666667
57186170,3,363,80.66666666666667,260.0
57230304,3,5,80.0,350.6666666666667
57571805,3,6,194.66666666666666,0.0
57574248,3,25,206.66666666666666,0.0
54921733,3,114,91.66666666666667,91.0
238324936,3,7,200.0,211.66666666666666
238750007,3,37,163.0,191.66666666666666
6770631,3,98,79.33333333333333,42.333333333333336
85330,3,155,69.0,234.0
58403098,3,169,48.333333333333336,166.33333333333334
58658843,3,87,62.666666666666664,25.0
59262205,3,158,55.0,89.0
1180925,3,18,127.66666666666667,117.0
128414475,3,24,80.0,0.0
128517263,3,25,81.66666666666667,32.333333333333336
59808986,3,119,106.66666666666667,211.33333333333334
56338076,3,28,176.66666666666666,121.33333333333333
7138847,3,8,83.33333333333333,0.0
7157099,3,77,95.0,99.66666666666667
241985816,3,4,95.0,109.33333333333333
242296495,3,58,32.0,50.666666666666664
92272,3,48,78.33333333333333,213.66666666666666
7285648,3,1,100.0,0.0
6444987,3,492,107.33333333333333,282.0
60281397,3,54,114.0,190.66666666666666
127927020,3,11,52.666666666666664,362.6666666666667
128217748,3,274,66.66666666666667,325.0
60981198,3,15,85.0,54.333333333333336
1141935,3,270,101.0,311.0
61842904,3,24,118.66666666666667,56.0
62023756,3,147,67.66666666666667,54.666666666666664
6524762,3,9,336.6666666666667,151.66666666666666
6586697,3,6,63.333333333333336,17.0
81335,3,359,133.33333333333334,82.0
6716330,3,313,148.33333333333334,196.66666666666666
6726656,3,41,56.666666666666664,46.0
6752504,3,1,166.66666666666666,123.0
6753765,3,3,156.66666666666666,0.0
6194487,3,429,102.33333333333333,309.6666666666667
6105036,3,71,131.0,236.66666666666666
6165258,3,27,76.66666666666667,365.0
5453550,3,161,355.0,215.66666666666666
126034120,3,87,108.33333333333333,161.66666666666666
126110540,3,109,83.33333333333333,119.0
126168966,3,354,105.66666666666667,170.66666666666666
126397762,3,125,62.333333333333336,17.0
126501524,3,145,141.66666666666666,224.0
126929216,3,14,54.333333333333336,322.0
63749946,3,137,93.66666666666667,92.66666666666667
63866600,3,13,86.66666666666667,356.6666666666667
247092108,3,14,129.33333333333334,188.0
6230230,3,91,96.0,4.0
6378149,3,86,71.66666666666667,6.0
6407054,3,29,62.666666666666664,1.3333333333333333
2571641,3,3,92.66666666666667,0.0
124028462,3,4,57.666666666666664,339.3333333333333
1097545,3,339,75.66666666666667,143.66666666666666
66309874,3,59,56.666666666666664,90.0
1112560,3,295,82.33333333333333,246.0
1113080,3,159,65.0,161.66666666666666
1114587,3,56,170.0,70.66666666666667
124743046,3,145,225.0,208.33333333333334
125961131,3,138,69.66666666666667,2.3333333333333335
626876,3,0,283.3333333333333,0.0
627217,3,897,146.33333333333334,238.0
64453547,3,0,52.666666666666664,10.333333333333334
64680664,3,66,60.0,73.0
1100494,3,50,60.0,330.6666666666667
62557719,3,38,53.333333333333336,272.0
247453895,3,5,42.0,335.3333333333333
248961864,3,41,85.0,342.3333333333333
5490071,3,288,158.33333333333334,234.0
5556571,3,69,35.0,266.0
250825715,3,4,80.66666666666667,44.333333333333336
251510391,3,17,61.0,361.6666666666667
68890,3,50,500.0,359.0
251704655,3,29,113.0,60.0
5654072,3,64,130.66666666666666,81.0
5704932,3,19,63.333333333333336,73.66666666666667
4982459,3,2,159.66666666666666,0.0
65800377,3,99,86.33333333333333,46.666666666666664
65827591,3,10,50.333333333333336,186.66666666666666
65974774,3,54,252.0,285.6666666666667
1093220,3,41,61.666666666666664,29.333333333333332
122498535,3,16,72.66666666666667,217.0
123483050,3,232,90.0,168.0
123506305,3,11,67.33333333333333,303.0
5053976,3,17,46.666666666666664,336.3333333333333
251859047,3,14,75.0,136.33333333333334
5179523,3,57,160.33333333333334,80.33333333333333
5229579,3,0,74.33333333333333,0.0
5334697,3,186,73.66666666666667,76.66666666666667
5447617,3,63,111.66666666666667,246.0
4847926,3,289,57.0,270.3333333333333
1029021,3,64,100.66666666666667,23.333333333333332
122026078,3,24,71.0,80.33333333333333
122178596,3,0,308.0,69.66666666666667
66993395,3,66,253.33333333333334,297.6666666666667
67376966,3,3,208.0,122.0
67768251,3,16,46.0,210.33333333333334
68139551,3,127,58.666666666666664,358.0
68707439,3,36,395.3333333333333,172.0
65671256,3,168,64.0,94.0
119692067,3,17,56.666666666666664,81.33333333333333
68907781,3,76,74.33333333333333,17.0
121130063,3,134,70.33333333333333,361.3333333333333
69189948,3,224,66.66666666666667,164.33333333333334
69700229,3,70,121.66666666666667,158.66666666666666
69720852,3,9,93.0,53.666666666666664
69852641,3,53,1400.0,243.66666666666666
69862540,3,140,95.0,13.333333333333334
66807700,3,282,208.66666666666666,141.0
4864306,3,79,50.0,254.33333333333334
4915341,3,8,86.0,64.0
2678122,3,69,200.0,29.333333333333332
2680820,3,959,73.0,322.3333333333333
254104585,3,59,72.66666666666667,285.3333333333333
4934489,3,14,89.66666666666667,0.0
4973668,3,236,30.0,250.0
255448841,3,44,56.666666666666664,18.333333333333332
256235740,3,1,38.333333333333336,237.0
256496159,3,3,1166.6666666666667,63.666666666666664
256502464,3,21,55.0,77.0
256544529,3,8,240.0,258.3333333333333
256581747,3,0,72.33333333333333,338.3333333333333
4734398,3,1798,49.0,324.6666666666667
54275,3,215,82.66666666666667,235.66666666666666
71400423,3,27,127.0,79.66666666666667
71886811,3,67,75.33333333333333,90.0
72318418,3,251,69.0,362.0
72377141,3,6,113.0,0.0
72420514,3,211,188.33333333333334,240.0
72512761,3,62,69.33333333333333,0.0
683230,3,150,731.6666666666666,279.3333333333333
119029523,3,11,131.66666666666666,310.3333333333333
258247777,3,12,135.0,263.6666666666667
2715012,3,228,270.0,345.6666666666667
4509849,3,360,64.0,55.666666666666664
4521174,3,0,90.0,65.0
4534649,3,293,60.0,28.0
4363775,3,21,73.0,141.0
72926334,3,246,63.666666666666664,87.66666666666667
72957132,3,36,67.66666666666667,301.6666666666667
73066515,3,56,69.33333333333333,65.0
117195769,3,257,65.0,240.66666666666666
118226205,3,108,108.66666666666667,46.333333333333336
118375653,3,3,200.0,1.3333333333333333
73676969,3,6,49.0,50.666666666666664
73737053,3,272,76.66666666666667,364.0
70774951,3,304,128.66666666666666,241.0
4609956,3,124,106.66666666666667,109.33333333333333
4375988,3,93,58.333333333333336,230.66666666666666
4378763,3,171,71.0,313.3333333333333
4386682,3,14,42.333333333333336,0.0
4431107,3,101,200.0,105.0
4440278,3,21,111.33333333333333,179.33333333333334
4455698,3,6,95.0,318.0
259078758,3,9,91.66666666666667,89.0
259207391,3,10,95.0,295.6666666666667
259427246,3,6,41.333333333333336,346.6666666666667
54255,3,277,226.33333333333334,168.0
4271676,3,111,161.66666666666666,3.6666666666666665
116754031,3,94,108.33333333333333,302.0
946943,3,206,191.66666666666666,4.666666666666667
72603148,3,106,61.666666666666664,356.3333333333333
256998898,3,7,276.6666666666667,350.3333333333333
258243498,3,7,126.66666666666667,273.0
4233057,3,12,76.33333333333333,185.0
3842134,3,49,54.333333333333336,228.33333333333334
77304447,3,93,40.666666666666664,31.0
78113383,3,0,46.666666666666664,115.33333333333333
78325795,3,332,192.33333333333334,148.0
78441349,3,58,109.66666666666667,259.0
115136074,3,28,94.0,80.66666666666667
115193518,3,2,43.0,0.0
697442,3,807,56.666666666666664,66.0
79298323,3,62,51.0,232.66666666666666
79461666,3,4,193.33333333333334,33.333333333333336
4274857,3,118,94.33333333333333,66.0
4281300,3,23,139.0,10.333333333333334
260209224,3,0,110.0,140.66666666666666
4310378,3,217,82.33333333333333,347.0
4361579,3,16,78.33333333333333,12.333333333333334
263712096,3,2,118.33333333333333,61.333333333333336
263740985,3,2,90.0,360.0
3992566,3,129,76.33333333333333,64.33333333333333
2777672,3,641,86.0,194.33333333333334
3734637,3,20,82.0,0.0
111969257,3,41,129.66666666666666,14.0
112799848,3,156,166.0,280.3333333333333
113295877,3,35,56.333333333333336,188.66666666666666
113558700,3,194,30.0,269.3333333333333
80262218,3,36,123.33333333333333,236.66666666666666
918087,3,132,97.33333333333333,0.0
76359133,3,247,58.333333333333336,261.0
4107600,3,5,53.333333333333336,236.0
4112404,3,35,169.33333333333334,124.33333333333333
4113132,3,263,45.0,242.66666666666666
4204783,3,89,62.333333333333336,290.0
3767367,3,194,83.33333333333333,329.6666666666667
3579337,3,27,102.66666666666667,299.3333333333333
909577,3,347,115.0,277.3333333333333
82921914,3,290,61.0,79.33333333333333
83171661,3,6,78.33333333333333,0.0
83717038,3,154,65.0,61.666666666666664
895135,3,33,106.66666666666667,211.0
84141567,3,3,70.0,120.33333333333333
84607966,3,445,50.0,317.6666666666667
84779589,3,433,88.33333333333333,139.66666666666666
84810879,3,32,114.33333333333333,255.33333333333334
3886532,3,332,71.0,313.0
3894475,3,5,104.0,0.0
2790890,3,122,99.0,231.0
2793254,3,53,108.33333333333333,168.66666666666666
262657892,3,5,558.3333333333334,217.33333333333334
893308,3,5,98.33333333333333,14.333333333333334
732535,3,227,213.33333333333334,321.6666666666667
107953084,3,182,65.0,240.33333333333334
108160091,3,37,194.66666666666666,308.0
88001494,3,109,108.33333333333333,53.333333333333336
866089,3,4,171.66666666666666,22.333333333333332
89331516,3,1,109.0,0.0
81325020,3,92,87.66666666666667,65.33333333333333
263896559,3,11,59.0,223.0
263901573,3,21,119.66666666666667,55.666666666666664
263994272,3,0,94.66666666666667,240.33333333333334
31374,3,109,73.0,196.0
31378,3,75,83.33333333333333,22.666666666666668
32169,3,421,50.0,318.0
32294,3,526,53.333333333333336,311.0
264296595,3,6,78.0,269.3333333333333
264862581,3,8,76.33333333333333,89.66666666666667
3621183,3,166,120.0,274.3333333333333
3635302,3,21,90.0,59.0
3662122,3,41,112.66666666666667,28.333333333333332
3709510,3,22,91.66666666666667,256.0
3734323,3,25,54.666666666666664,0.0
3483450,3,113,324.6666666666667,335.0
89985620,3,142,46.666666666666664,299.6666666666667
855079,3,44,117.33333333333333,0.0
860636,3,51,36.666666666666664,0.0
861330,3,0,43.0,0.0
107022433,3,153,348.0,252.33333333333334
107245546,3,19,150.0,103.0
107296819,3,335,106.66666666666667,6.666666666666667
90463984,3,3,113.33333333333333,166.0
90658585,3,43,39.666666666666664,141.0
105634248,3,0,216.66666666666666,332.0
91167002,3,73,186.33333333333334,174.66666666666666
105828180,3,135,82.66666666666667,72.0
106272021,3,49,60.0,26.333333333333332
733894,3,125,39.0,214.33333333333334
91646104,3,125,88.66666666666667,137.0
92185816,3,9,64.66666666666667,316.6666666666667
836911,3,2,183.33333333333334,43.0
839679,3,199,98.0,185.66666666666666
92720308,3,318,100.0,302.0
831185,3,10,311.6666666666667,303.0
89388277,3,5,118.0,0.0
3604585,3,269,64.66666666666667,173.33333333333334
3609048,3,42,124.33333333333333,273.3333333333333
264495166,3,2,128.33333333333334,47.666666666666664
264824216,3,5,58.333333333333336,52.0
3530446,3,164,153.33333333333334,299.6666666666667
3562322,3,171,36.666666666666664,62.333333333333336
2861768,3,70,72.33333333333333,41.333333333333336
265463203,3,6,323.3333333333333,314.3333333333333
265662009,3,0,218.33333333333334,318.0
266522456,3,19,113.33333333333333,114.66666666666667
266531875,3,6,441.6666666666667,344.0
21823,3,146,300.0,229.66666666666666
3311487,3,67,110.33333333333333,6.0
95341719,3,80,203.0,209.33333333333334
95564806,3,91,58.0,0.0
95570540,3,3,86.66666666666667,302.0
105310740,3,8,86.0,333.3333333333333
105315535,3,9,158.0,107.66666666666667
105386434,3,49,70.0,363.6666666666667
105631352,3,217,76.33333333333333,6.0
3363720,3,231,45.666666666666664,210.0
3363749,3,158,125.66666666666667,251.33333333333334
266998393,3,1,35.0,157.0
267223765,3,5,40.0,351.0
268110281,3,0,46.333333333333336,345.0
3435092,3,320,129.66666666666666,220.33333333333334
3464645,3,44,250.0,67.66666666666667
3191371,3,164,80.0,195.0
745069,3,101,75.0,329.3333333333333
104814095,3,16,49.666666666666664,65.33333333333333
104835356,3,66,69.33333333333333,245.66666666666666
104926837,3,358,145.0,12.0
105049617,3,316,129.0,119.66666666666667
95958773,3,41,60.0,350.0
96341353,3,103,110.0,336.3333333333333
3508047,3,6,36.666666666666664,0.0
99410435,3,2,561.6666666666666,310.6666666666667
101653570,3,533,65.66666666666667,39.333333333333336
101771985,3,1,86.66666666666667,142.33333333333334
271162941,3,2,100.0,330.0
271350187,3,2,124.66666666666667,339.0
271681014,3,0,45.0,156.33333333333334
271844440,3,1,122.33333333333333,171.33333333333334
272267421,3,0,60.0,79.33333333333333
272477673,3,0,72.33333333333333,337.0
7351,3,42,141.0,271.6666666666667
96346005,3,232,139.0,61.0
268276813,3,0,200.0,363.0
268394581,3,3,72.66666666666667,134.33333333333334
268572259,3,2,78.66666666666667,329.0
268784513,3,13,58.333333333333336,353.0
268807394,3,3,80.0,220.0
185908506,3,25,81.66666666666667,262.6666666666667
186155189,3,26,50.0,75.33333333333333
187419882,3,23,81.0,78.0
23208658,3,236,231.66666666666666,271.6666666666667
23334165,3,200,525.0,293.6666666666667
22412963,3,95,195.0,233.66666666666666
3003330,3,133,62.0,65.33333333333333
3005203,3,2,361.6666666666667,312.3333333333333
3011547,3,101,375.0,301.0
3038856,3,19,89.66666666666667,0.0
3042136,3,28,241.33333333333334,93.66666666666667
269865501,3,0,368.3333333333333,356.6666666666667
9744,3,486,104.33333333333333,272.0
11481,3,388,173.33333333333334,339.0
12220,3,31,184.66666666666666,341.0
100829279,3,464,230.0,220.33333333333334
2935265,2,159,297.0,185.0
10135,2,196,127.5,322.0
10528,2,27,175.0,137.0
10889,2,383,249.5,176.0
3073952,2,35,132.0,71.0
3074287,2,187,148.5,3.0
3090750,2,6,57.0,0.0
3094754,2,26,204.0,356.0
3097033,2,65,100.5,10.5
3103656,2,3,99.0,241.0
3128437,2,0,90.0,89.0
3137526,2,0,123.0,0.0
3173147,2,83,172.5,205.0
3179866,2,166,134.5,329.0
3201337,2,219,107.5,34.5
3201774,2,304,63.0,139.5
17985,2,5,113.0,146.5
101499766,2,334,55.0,344.0
101550977,2,106,92.5,259.0
101602599,2,104,62.5,3.5
101618737,2,0,80.0,76.5
101643312,2,0,234.5,135.0
101712494,2,16,55.0,352.0
779551,2,104,100.0,10.5
781647,2,85,143.5,240.5
785283,2,88,112.5,19.0
785524,2,230,78.0,202.0
101736132,2,12,45.0,183.5
101790764,2,13,199.0,172.5
2845,2,46,162.0,360.0
2881,2,390,58.5,234.5
3647,2,108,89.0,299.0
3867,2,172,95.0,48.0
102383709,2,284,63.5,120.0
102410496,2,17,232.0,360.0
102763353,2,6,145.0,0.0
102799406,2,33,154.0,324.5
100106209,2,46,137.5,261.0
100112994,2,71,89.5,39.5
100565897,2,11,36.0,55.0
100595030,2,27,76.5,32.0
100835599,2,12,256.5,227.0
100935364,2,16,44.5,0.0
100970583,2,104,47.5,240.5
101262003,2,8,162.5,45.0
101435219,2,125,168.5,233.5
101438864,2,127,106.0,112.5
790872,2,7,100.0,0.0
101498908,2,16,52.0,0.0
806774,2,91,105.0,85.5
99108929,2,6,29.5,114.5
99349134,2,53,85.0,108.5
99494083,2,55,114.0,96.0
99511145,2,28,67.0,5.0
99556266,2,70,135.0,304.0
99629743,2,130,399.0,354.0
99643776,2,81,205.0,135.5
99791908,2,4,72.5,0.0
795031,2,121,103.0,17.5
101982307,2,56,70.0,17.0
102012893,2,135,165.0,10.5
102080453,2,319,51.5,0.0
102108786,2,9,225.0,221.0
102221050,2,16,185.0,266.0
102263916,2,41,74.5,128.0
807642,2,61,89.0,167.5
814747,2,135,200.0,6.0
97127885,2,32,41.5,231.0
97168718,2,20,172.5,71.0
97243693,2,119,175.0,49.0
97262966,2,14,132.0,0.5
97417890,2,33,324.0,309.5
97536353,2,8,60.0,79.0
97543375,2,7,150.0,190.5
97794385,2,57,45.0,45.0
98214533,2,31,87.5,244.0
98297464,2,22,81.5,98.0
98697139,2,65,40.0,77.0
801975,2,49,158.5,288.0
803086,2,28,210.0,78.0
805344,2,44,65.0,63.5
103104686,2,4,176.5,35.5
103345244,2,14,55.0,95.5
103503018,2,5,60.0,41.0
103726845,2,2,87.5,0.0
103841276,2,306,40.0,185.0
103850896,2,29,62.5,26.5
104166155,2,19,49.0,90.0
104450469,2,37,89.5,64.5
759583,2,51,123.5,277.0
762610,2,212,35.0,71.0
96379938,2,61,64.5,24.0
96659533,2,7,70.0,316.0
96694697,2,15,57.5,257.0
96712147,2,10,275.0,0.0
97018938,2,103,46.0,107.0
97044757,2,11,108.5,9.0
104913801,2,54,50.0,67.5
105018962,2,6,46.0,0.0
105025187,2,3,52.0,0.0
105061915,2,38,44.5,48.5
756173,2,243,62.5,116.5
105225699,2,87,122.5,176.0
95570854,2,0,275.0,272.0
95572265,2,22,60.0,326.5
95642648,2,12,121.0,0.0
95765103,2,29,57.5,183.5
95766078,2,66,112.5,27.5
95886123,2,43,95.0,344.0
96086378,2,2,997.0,311.0
815977,2,224,227.5,139.5
96379433,2,9,31.0,125.0
769759,2,28,65.0,1.0
835112,2,0,41.0,155.5
94100043,2,233,35.0,0.0
94113622,2,3,55.0,106.5
94219511,2,15,67.5,4.0
94263025,2,21,50.0,0.0
94404356,2,42,160.0,7.5
94536810,2,95,42.5,323.0
94555248,2,78,50.0,315.5
95143048,2,41,149.5,168.5
95471771,2,8,72.0,179.0
105248014,2,117,65.0,34.5
105375380,2,3,69.0,19.5
105699183,2,4,65.0,4.5
740812,2,102,71.0,129.0
104835154,2,10,161.0,142.5
104885443,2,60,107.5,153.0
92322271,2,0,76.5,0.0
92333417,2,142,134.5,314.5
840868,2,28,85.5,197.0
842091,2,106,43.5,31.5
92657816,2,12,169.0,77.0
92897185,2,15,62.5,46.0
92963740,2,115,139.5,13.5
93039729,2,0,160.0,0.0
93121568,2,116,55.0,139.5
93148942,2,28,67.5,0.0
93392260,2,27,55.0,203.0
93411405,2,8,135.0,0.0
93487618,2,105,90.0,286.0
93691661,2,140,55.0,78.0
93705483,2,96,224.0,34.0
93732420,2,27,77.5,29.5
106430338,2,46,58.5,128.0
106436589,2,18,259.5,71.0
106442885,2,232,33.0,2.0
106454216,2,107,117.5,275.5
106634224,2,4,55.0,0.0
106634512,2,164,60.0,48.5
106756395,2,3,37.5,0.0
106798652,2,0,90.0,363.5
738918,2,104,288.0,173.0
848748,2,50,350.0,114.0
91545870,2,103,64.0,33.0
91578701,2,13,45.0,0.0
91605357,2,82,72.5,36.0
92002479,2,102,73.5,182.5
92192182,2,24,50.5,0.0
92237522,2,45,37.5,56.5
107578852,2,174,76.5,242.5
107579819,2,14,50.0,0.0
107589614,2,12,106.0,169.5
731601,2,1,47.5,0.0
90043913,2,10,57.5,72.0
90104417,2,78,180.0,236.0
90294445,2,26,145.0,2.0
90429772,2,51,77.5,21.5
90685499,2,6,172.5,7.0
90721937,2,9,22.5,0.0
90878763,2,2,70.0,0.0
91020843,2,0,263.5,364.0
91299100,2,2,162.5,0.0
91427536,2,6,72.5,4.0
844862,2,63,100.0,192.5
106233552,2,12,164.0,144.5
867225,2,179,87.0,217.0
872805,2,145,159.5,61.5
873273,2,482,105.0,343.0
89000911,2,81,52.5,63.5
89158733,2,2,95.0,114.5
89501678,2,9,80.5,0.0
89766221,2,25,187.5,181.0
89873550,2,38,96.5,98.5
89902143,2,0,100.0,89.5
854567,2,0,695.0,182.5
861848,2,6,74.5,0.0
106899231,2,60,160.0,46.5
106948134,2,20,61.0,0.0
107040079,2,82,61.0,282.0
107082851,2,1,52.0,0.0
107180958,2,4,26.0,36.0
107802009,2,24,110.0,0.0
107930075,2,1,50.0,133.5
107933494,2,50,212.5,307.0
107947878,2,162,125.0,215.0
108150300,2,6,125.0,82.5
108249932,2,87,129.5,208.5
109196702,2,4,179.0,0.0
109231531,2,0,90.0,179.0
87723508,2,21,34.5,329.5
87757867,2,111,80.0,298.0
87766324,2,88,347.5,19.5
87767243,2,1,41.0,77.5
87814281,2,3,84.0,0.0
88036082,2,17,97.5,0.0
88113848,2,12,56.0,323.5
88576580,2,4,60.0,0.0
889683,2,166,86.0,51.0
84914817,2,9,79.0,254.5
85165113,2,14,75.0,73.0
85385725,2,1,425.0,254.5
85400172,2,30,81.0,362.5
85938655,2,84,185.0,246.0
86077156,2,186,152.5,82.5
86771798,2,26,347.0,54.5
86887132,2,59,99.5,363.0
86892036,2,12,60.0,5.5
87073749,2,210,142.5,71.5
87073939,2,131,57.5,95.0
87370616,2,187,77.5,357.5
87397826,2,6,120.0,17.0
107716952,2,4,57.5,141.0
107724585,2,0,185.0,202.0
83147028,2,43,100.0,365.0
83377687,2,223,102.0,123.0
83523066,2,223,150.0,98.5
83585937,2,202,50.0,168.0
83809962,2,62,47.5,364.5
896708,2,11,207.5,33.5
83948710,2,156,63.5,178.0
84141923,2,145,50.0,0.0
84260530,2,3,425.0,364.0
84339401,2,31,111.0,48.0
84366617,2,33,62.0,135.5
84503565,2,10,95.0,157.5
84562269,2,6,45.0,0.0
84562428,2,21,45.0,217.5
84684940,2,163,62.5,237.5
84716175,2,63,80.0,180.0
109843377,2,0,42.5,122.0
109847539,2,1,174.5,67.0
109854433,2,78,109.5,261.5
109908957,2,15,50.0,218.5
109930093,2,32,157.0,115.0
110062861,2,22,116.0,229.5
110081618,2,227,142.0,30.0
110191144,2,47,71.5,68.5
110198200,2,70,200.0,337.0
110539055,2,19,81.5,299.0
110907551,2,12,135.0,122.5
111542307,2,1,19.5,340.5
111782745,2,31,35.5,0.0
82746113,2,1,192.5,116.5
82854298,2,127,43.0,0.0
82975282,2,8,49.5,307.5
81013659,2,65,157.5,270.0
81066021,2,18,112.5,315.5
914386,2,3,87.0,156.0
81127692,2,45,51.5,302.5
81359949,2,56,42.5,45.0
81534306,2,1,115.0,0.0
81662935,2,68,128.0,338.0
81712936,2,29,175.0,170.0
82083094,2,13,157.5,270.0
82119233,2,114,135.0,251.0
82143608,2,287,100.0,75.0
82208124,2,41,123.5,0.0
82406306,2,1,81.5,24.5
82562435,2,176,42.5,154.0
109526714,2,225,45.0,147.0
109551284,2,20,120.0,67.0
112843970,2,109,92.5,210.5
112910861,2,103,35.0,124.0
113121846,2,22,102.5,0.0
113251277,2,13,42.0,328.5
113558977,2,221,35.0,93.0
113682832,2,43,55.0,191.5
80093359,2,19,67.0,0.0
80292073,2,17,60.0,39.5
80333891,2,4,42.5,0.0
80478684,2,46,150.0,313.0
80508435,2,27,122.5,0.0
80561485,2,65,110.0,24.0
80601038,2,59,91.5,224.0
80788474,2,0,165.0,41.5
80824522,2,35,62.0,129.5
80933709,2,29,54.5,36.0
115395049,2,63,111.5,233.5
115415316,2,5,82.5,0.0
115545139,2,110,35.5,43.5
115741895,2,6,70.0,145.5
78942575,2,5,182.5,29.0
79008205,2,0,160.0,287.0
79305630,2,106,128.5,99.5
79373189,2,145,40.0,90.0
79704239,2,0,40.5,0.0
79751520,2,66,90.0,155.5
79753770,2,30,125.0,315.5
79820757,2,92,300.0,177.0
922478,2,67,57.5,41.0
80091971,2,19,77.5,0.0
111978355,2,65,209.0,95.5
112545065,2,5,62.5,59.5
76939238,2,4,100.0,329.0
77001085,2,7,110.5,0.0
77317167,2,57,82.5,10.0
77750223,2,15,40.0,260.5
77809736,2,1,82.5,0.0
78022684,2,25,130.5,0.0
78261482,2,18,179.0,12.0
78485066,2,140,104.5,305.0
78643953,2,39,154.0,244.5
923791,2,21,257.5,6.5
923915,2,115,180.0,256.5
709334,2,88,272.5,280.0
114548258,2,85,210.0,169.0
114621718,2,173,185.5,345.5
115057851,2,189,107.5,58.5
115228513,2,173,114.0,348.0
949221,2,473,42.5,69.5
75479604,2,25,132.5,0.0
75506967,2,30,39.5,46.0
75509095,2,35,119.0,56.0
75563831,2,36,44.0,142.0
75587530,2,0,120.0,45.0
75967547,2,36,112.0,0.0
75981937,2,49,94.0,71.0
76186812,2,9,47.5,7.5
76225580,2,110,187.5,217.5
76451668,2,18,106.0,134.0
76536839,2,210,149.0,0.5
76679800,2,4,89.0,46.0
76765350,2,52,46.0,71.5
936114,2,65,139.5,259.5
942252,2,221,94.0,19.0
116365995,2,41,282.0,277.0
116404073,2,386,92.5,267.0
116482644,2,155,107.5,0.0
116874533,2,38,72.5,330.5
116881616,2,46,39.0,24.5
116889152,2,283,155.0,86.0
116976293,2,45,147.0,0.0
117108525,2,150,47.0,122.5
75034279,2,43,59.5,96.5
75064270,2,2,255.0,365.0
75285802,2,21,111.0,100.0
75302217,2,22,179.0,182.5
75360607,2,154,199.0,59.0
75435800,2,7,137.0,0.0
75443454,2,37,93.5,252.0
75458749,2,5,47.5,0.0
117932348,2,25,402.5,75.0
118029044,2,26,200.0,300.0
118403993,2,33,500.0,339.5
118405437,2,2,66.0,364.5
118695056,2,48,214.0,23.0
673215,2,1,150.0,151.0
73670512,2,18,135.0,170.5
74112289,2,21,47.0,15.5
74305569,2,4,95.5,0.0
74314960,2,83,107.5,0.0
74330820,2,39,91.0,2.0
74468846,2,41,75.0,1.0
74982218,2,48,43.5,19.0
75017049,2,1,100.0,201.0
115827173,2,15,249.0,352.0
116067987,2,56,237.5,358.0
663879,2,240,150.0,295.5
72838963,2,120,42.5,159.0
73049484,2,0,100.0,139.0
73124477,2,119,60.0,1.5
73228035,2,2,82.5,0.0
73234851,2,113,162.5,74.5
73247569,2,185,53.5,108.5
73541674,2,2,70.0,141.0
73612539,2,8,131.5,21.5
73640551,2,32,65.0,0.5
964482,2,313,56.5,192.5
971075,2,112,92.0,48.0
117385673,2,10,102.5,0.0
117507630,2,90,124.0,14.5
117675375,2,35,57.0,17.0
117930151,2,40,104.5,357.5
71177383,2,23,89.0,177.0
71540842,2,140,61.5,91.5
71725161,2,99,99.0,141.5
71853402,2,44,100.0,323.0
72112652,2,1,90.0,2.5
72157489,2,8,50.0,125.0
72572525,2,14,90.0,5.0
72602373,2,6,70.0,44.5
119051571,2,2,65.5,186.5
119170289,2,19,97.5,4.0
119466544,2,8,137.5,89.5
119548006,2,255,42.0,2.5
119592255,2,509,47.5,355.0
119737270,2,0,62.5,87.5
119848398,2,24,42.5,142.0
663764,2,511,48.5,68.0
69439684,2,69,172.0,180.5
69545272,2,27,58.0,265.5
69546339,2,8,41.5,0.0
1002452,2,44,61.0,19.0
1004883,2,9,67.5,364.0
69706365,2,7,72.0,0.0
69711528,2,34,50.0,44.5
69715276,2,1,100.0,0.0
70007560,2,26,242.5,48.5
70011812,2,57,147.0,49.0
70074907,2,2,51.0,0.0
70506872,2,7,52.0,0.0
70674019,2,183,190.0,148.0
71097702,2,98,292.5,253.5
71149842,2,14,80.0,0.0
71150679,2,134,72.0,121.5
120245209,2,13,52.5,203.5
120250860,2,41,2250.0,342.0
120371644,2,90,65.0,323.0
120431726,2,16,169.5,0.0
120749029,2,4,64.0,144.5
120763629,2,3,54.0,354.0
120804342,2,118,178.0,302.0
120875818,2,15,60.0,170.5
120939023,2,24,199.5,159.5
120974332,2,29,58.0,5.0
657869,2,116,56.0,126.5
661399,2,46,94.0,126.0
1018472,2,200,77.5,225.0
69243005,2,1,41.5,0.0
69366752,2,212,80.0,116.5
69406365,2,28,70.0,0.0
67444730,2,7,53.5,0.0
67552519,2,73,194.0,176.5
67651553,2,0,115.0,47.5
67738361,2,0,305.0,125.5
1020539,2,71,104.0,0.0
68082479,2,176,135.0,226.5
68094795,2,110,324.0,119.0
68228552,2,8,121.0,127.0
68250800,2,157,67.5,113.0
68284975,2,47,66.0,124.0
68557372,2,68,75.0,95.5
68579384,2,7,42.0,0.0
68598597,2,67,60.0,62.5
68848703,2,28,314.0,313.5
1012583,2,112,67.0,12.5
119987770,2,535,55.0,341.5
121391142,2,693,65.0,0.0
121771546,2,90,102.5,350.0
121809482,2,28,247.5,0.0
121851703,2,49,87.5,155.5
121917249,2,0,75.0,31.0
122044489,2,39,105.0,130.0
122044895,2,123,87.0,137.0
122265852,2,293,99.0,177.0
645887,2,283,144.5,218.0
646563,2,11,131.0,0.0
122283834,2,22,55.0,135.5
66978896,2,47,115.0,197.5
67069129,2,201,220.0,268.5
67123961,2,12,52.5,0.0
67208195,2,124,60.0,364.0
67261284,2,219,57.0,0.0
123646786,2,86,69.0,63.5
123672154,2,6,67.5,0.0
123810965,2,20,56.0,170.0
123953239,2,42,330.0,328.5
66215731,2,169,52.5,316.5
66326553,2,221,350.0,241.5
66383919,2,86,67.5,0.0
66734502,2,4,57.5,0.0
66813379,2,21,147.5,182.5
66837596,2,37,125.0,156.5
1034976,2,30,135.0,170.5
1036161,2,101,210.0,41.5
1038989,2,72,107.5,28.0
66949758,2,106,54.0,62.5
66959637,2,0,52.5,285.5
121379512,2,7,40.5,0.0
1103131,2,74,122.0,158.0
1106323,2,1,62.0,0.0
1106731,2,29,110.5,0.0
64898741,2,8,165.0,45.0
65171233,2,52,48.0,76.0
65258815,2,152,60.0,36.0
65359432,2,18,500.0,182.5
65364483,2,2,180.0,62.0
65747874,2,35,108.5,70.5
65775049,2,2,125.0,130.5
66084717,2,15,162.5,216.5
122551862,2,20,45.5,13.0
123354518,2,0,50.0,0.0
123519201,2,42,224.5,313.5
123567556,2,115,85.0,137.5
123580100,2,176,45.0,57.0
124554019,2,36,56.0,47.5
124593127,2,189,47.5,212.5
125011763,2,64,272.5,92.5
125398274,2,11,250.0,0.0
125492013,2,0,65.0,0.0
125557444,2,29,80.0,304.5
125914985,2,117,167.5,120.0
63966717,2,1,79.0,0.0
64018594,2,4,67.5,0.0
64341665,2,87,68.5,365.0
64450303,2,106,182.5,7.0
64471880,2,495,93.5,48.5
64609445,2,55,50.5,0.0
64802660,2,0,175.0,147.5
64825610,2,122,312.0,226.5
1098902,2,123,332.0,241.5
126247863,2,158,42.5,356.5
126449349,2,8,120.0,155.0
126626529,2,228,130.0,79.0
126632094,2,44,125.0,65.5
126897352,2,53,175.0,198.0
622855,2,106,99.0,288.5
1123923,2,70,48.0,0.5
62925063,2,9,59.5,212.5
63227531,2,13,119.5,341.0
63403077,2,97,51.0,19.5
63480384,2,9,101.5,86.0
63560790,2,25,44.0,363.5
63790712,2,18,40.5,0.0
63913582,2,41,67.5,90.5
124069492,2,73,69.5,31.5
124142417,2,224,97.5,8.0
61696564,2,2,80.0,0.0
61699814,2,8,40.0,174.0
1138692,2,43,199.0,160.0
61804662,2,180,51.5,146.5
61875246,2,98,55.0,81.0
62066342,2,4,98.0,161.0
62167677,2,5,45.0,0.0
62172448,2,3,72.5,0.0
62535444,2,129,99.0,363.5
62587696,2,150,48.5,46.5
62605071,2,117,95.0,160.5
62649248,2,117,95.0,62.5
62659791,2,0,114.5,364.0
62787599,2,40,103.5,332.5
62852828,2,2,300.0,88.5
126119576,2,30,79.5,22.0
127560222,2,9,229.0,26.5
127583166,2,10,65.0,19.0
127740507,2,186,56.0,24.0
127756959,2,48,47.0,318.5
127805063,2,0,425.0,292.5
127831150,2,10,102.5,273.0
128086219,2,122,43.5,118.0
128142697,2,1,485.0,0.0
60993452,2,7,46.0,0.0
61175876,2,174,113.5,262.5
61316506,2,99,132.5,335.5
61382075,2,3,82.5,0.0
61463458,2,2,205.0,0.0
61483702,2,5,70.0,0.0
61649734,2,255,50.5,8.0
61649970,2,80,234.5,248.5
60244293,2,213,136.0,145.5
60291768,2,86,93.5,51.5
60350045,2,33,145.0,0.0
60370951,2,33,105.0,324.0
60434059,2,2,80.0,194.0
60521448,2,1,59.0,57.5
60535711,2,26,875.0,315.5
60687546,2,120,175.0,123.5
60688035,2,319,250.0,213.5
60852834,2,223,56.0,103.5
60908748,2,137,100.0,109.5
127082964,2,22,63.0,0.0
127249880,2,82,41.5,325.5
127357582,2,149,52.5,91.5
127412674,2,99,60.5,325.5
127539184,2,38,165.0,43.0
611109,2,72,153.5,192.0
611137,2,135,60.0,63.0
611716,2,234,135.0,129.5
128785861,2,26,70.0,0.0
59405516,2,26,154.0,108.0
59432400,2,51,85.0,95.5
59442523,2,4,85.0,0.0
59928816,2,339,100.0,256.5
59974573,2,55,99.0,32.5
60059749,2,24,47.5,0.0
60081723,2,178,199.0,221.5
60105727,2,121,189.0,99.0
60127679,2,83,64.0,35.0
1162642,2,2,300.0,0.0
1164515,2,77,44.0,221.5
1165231,2,65,184.5,84.5
57812046,2,7,255.0,9.0
57885474,2,213,189.5,337.5
1190978,2,1,46.0,343.5
58453451,2,231,36.5,252.0
58629935,2,15,94.0,197.5
58782992,2,152,287.5,263.5
58953152,2,41,45.5,0.0
59089796,2,109,114.5,63.5
59215698,2,29,114.0,147.0
617990,2,146,99.5,150.5
128300825,2,53,70.0,37.5
128531725,2,144,65.0,9.5
128579948,2,141,375.0,234.5
128610997,2,20,217.0,137.0
606154,2,21,118.0,5.0
610690,2,59,70.0,80.0
129646758,2,96,127.5,316.0
129743937,2,276,49.0,47.5
129890157,2,3,65.0,0.0
129927411,2,307,120.0,73.5
130074377,2,44,84.5,216.0
598896,2,3,170.0,184.0
602359,2,3,122.5,135.5
1197823,2,138,109.5,0.0
57165692,2,275,85.0,131.5
57328653,2,3,86.0,32.0
57403189,2,19,102.5,153.0
57455831,2,6,150.0,0.0
57573249,2,9,132.5,0.0
57641560,2,120,164.0,22.5
57643057,2,196,71.0,183.5
57670550,2,8,73.5,0.0
1211067,2,251,49.0,280.5
1212041,2,6,162.5,63.0
56391145,2,0,167.0,0.0
56752163,2,7,129.5,0.0
56878925,2,19,38.5,166.5
57002433,2,102,74.5,0.0
57007752,2,15,62.0,59.5
57023844,2,16,68.5,362.0
57070933,2,8,62.5,0.0
57128179,2,36,63.0,173.0
1192630,2,80,255.0,41.5
128810972,2,13,200.0,13.0
128843123,2,1,46.5,349.5
128914189,2,0,190.0,94.5
129022496,2,11,20.0,27.5
129602851,2,2,274.5,345.5
130972997,2,22,50.0,325.0
131035061,2,196,65.0,82.5
131476068,2,17,79.0,45.0
131529729,2,0,75.0,358.5
579495,2,58,199.0,221.5
588270,2,413,189.0,257.0
55567227,2,213,60.0,59.5
55782090,2,1,125.0,276.5
55813598,2,214,32.5,351.5
55978113,2,25,65.0,196.0
55981584,2,9,29.5,0.0
56076854,2,104,52.5,340.5
56184689,2,16,122.5,0.0
56197328,2,34,350.5,117.5
56265076,2,3,45.0,44.5
1207773,2,25,98.5,181.0
54198006,2,79,125.0,311.5
1226742,2,101,254.0,328.0
54481883,2,4,200.0,0.0
54501105,2,39,220.0,96.0
54548000,2,124,72.5,208.5
54548232,2,164,72.5,308.0
54658419,2,18,100.0,0.0
54677106,2,7,108.0,0.0
55184486,2,128,162.0,126.0
55403309,2,1,295.0,0.0
1218837,2,1,58.0,0.0
1220404,2,120,100.0,290.5
130270076,2,0,165.0,326.0
130476089,2,3,81.5,0.0
130667097,2,26,177.5,355.5
130827164,2,5,174.5,354.5
131858158,2,131,118.0,115.0
131993336,2,94,112.0,186.0
132219056,2,103,40.5,220.5
132341923,2,211,57.0,56.5
132485563,2,13,110.0,204.5
132786535,2,5,146.5,158.0
132801944,2,23,79.0,94.0
1239078,2,65,175.0,0.0
53243644,2,6,52.5,11.5
53300414,2,4,75.0,39.5
53308963,2,33,91.0,9.5
53480097,2,30,60.0,52.0
53781263,2,29,75.0,45.0
53821850,2,177,109.5,62.5
53966115,2,5,44.0,326.0
53978622,2,88,162.0,214.0
133004690,2,177,80.0,244.0
133005440,2,7,125.0,291.5
133234099,2,11,500.0,103.5
133460613,2,6,61.5,359.0
133602911,2,37,70.0,51.0
566838,2,53,60.0,123.0
133843931,2,120,37.0,255.5
52525653,2,76,91.5,34.0
52593429,2,27,51.5,21.5
52604429,2,65,122.0,103.5
52671461,2,6,175.0,204.5
52711549,2,18,50.0,0.5
52835849,2,0,55.0,210.5
53046634,2,26,255.0,72.0
53127489,2,2,50.0,0.0
131705586,2,43,72.0,346.5
51547093,2,6,146.5,0.0
51550484,2,33,57.0,244.5
51684417,2,1,235.0,0.0
51688993,2,170,176.5,332.0
51699123,2,60,67.5,123.0
51734800,2,6,82.5,358.0
51826974,2,15,65.5,365.0
51830483,2,160,85.5,151.5
51985960,2,2,39.0,64.5
52050220,2,5,163.0,0.0
52127857,2,2,90.0,0.0
52196858,2,183,67.0,243.0
52243881,2,9,77.5,0.0
52347885,2,185,34.0,74.0
52370129,2,14,61.5,21.5
132908616,2,38,42.5,47.5
134170699,2,27,67.5,270.5
134521683,2,6,85.0,17.0
134601877,2,117,270.5,27.5
134741341,2,16,70.0,3.0
134762059,2,26,50.0,182.5
134901180,2,12,200.0,267.0
135060128,2,38,140.0,269.0
135061108,2,6,175.0,92.5
552627,2,0,54.5,157.5
1261480,2,13,1000.0,276.5
51278789,2,89,38.0,128.0
51340124,2,0,1675.0,0.0
51368588,2,65,134.0,11.5
51372003,2,68,54.5,264.5
51380878,2,154,32.0,26.0
51459559,2,56,58.0,250.0
136010789,2,1,38.5,31.5
136025561,2,4,95.0,11.5
136028350,2,13,143.0,28.5
136285709,2,2,114.0,0.0
136455880,2,4,32.0,47.5
137017288,2,4,54.5,36.5
551055,2,382,62.5,180.5
50638417,2,122,115.0,316.5
50678424,2,36,206.0,365.0
50688724,2,134,57.5,193.5
50760404,2,206,80.0,0.0
50997424,2,10,312.5,363.5
51024536,2,0,450.0,173.0
51151126,2,0,600.0,2.0
1260921,2,171,39.5,303.5
133926727,2,24,160.0,0.0
137305439,2,63,130.0,268.0
137821526,2,3,162.5,0.0
137838298,2,41,70.0,177.0
138006255,2,3,87.5,365.0
50169207,2,5,125.0,67.0
50292584,2,141,97.5,362.0
50368837,2,3,85.0,44.0
50374022,2,15,112.5,0.0
50539477,2,177,49.0,186.5
50544293,2,17,165.0,14.5
555739,2,39,97.5,264.0
135131537,2,118,124.5,21.5
135280693,2,6,62.5,303.0
135320687,2,58,85.0,192.5
135337934,2,35,104.5,58.5
135904657,2,124,124.0,0.0
49523787,2,43,55.0,114.5
49539959,2,72,50.0,0.0
49562545,2,244,167.0,133.5
49645950,2,148,319.5,16.5
49735439,2,3,75.0,62.5
49736436,2,12,120.0,180.0
49742862,2,7,120.0,0.0
49750805,2,2,75.0,0.0
49764808,2,163,92.0,264.0
49831860,2,313,127.5,134.5
49909186,2,35,165.0,152.5
50032395,2,8,80.0,188.0
1273890,2,7,167.5,335.0
1276028,2,7,75.0,208.5
137194766,2,69,124.0,69.0
137302318,2,201,93.0,127.0
48804458,2,229,90.5,48.5
48854322,2,221,122.0,71.5
48899796,2,118,60.0,74.5
48911266,2,21,147.0,52.0
1292274,2,61,102.5,75.0
48958233,2,15,237.0,94.0
48970186,2,177,145.0,1.5
48978249,2,0,200.0,80.5
49015331,2,152,252.5,270.0
49117269,2,54,92.5,31.5
49123284,2,148,145.0,235.0
49167739,2,71,425.0,302.0
49413208,2,7,90.0,317.0
49511227,2,180,196.0,59.0
1283476,2,18,53.5,108.0
1287787,2,3,35.5,35.0
138235784,2,89,87.5,272.0
138546022,2,2,45.5,0.0
138635224,2,19,36.5,170.5
138768335,2,8,40.0,330.5
138782186,2,0,70.0,365.0
139145066,2,63,153.0,45.5
139259102,2,1,500.0,0.0
522065,2,178,72.5,60.5
524730,2,104,100.0,78.5
1301576,2,100,142.5,7.0
48539240,2,2,194.0,0.0
48576700,2,306,171.5,232.0
48638439,2,91,200.0,361.0
48712266,2,273,170.0,205.0
48764969,2,40,41.0,252.5
48784045,2,0,299.5,0.0
140599227,2,44,37.5,181.5
517966,2,321,135.0,205.5
48076117,2,276,65.0,41.0
48081884,2,17,62.5,1.0
48088611,2,5,183.0,77.5
48106825,2,178,47.0,346.0
48170471,2,2,75.0,0.0
48201791,2,36,145.0,178.5
48205496,2,103,289.0,84.5
48249473,2,67,132.0,354.0
48320077,2,182,209.0,329.5
48410883,2,14,42.5,0.0
48418910,2,0,120.0,0.0
1297675,2,98,205.0,108.0
541486,2,9,127.5,76.0
138150256,2,1,80.0,11.5
1318137,2,157,60.0,295.0
47504485,2,41,62.0,58.0
47515751,2,11,37.5,56.0
47516406,2,7,27.5,270.0
47577639,2,97,190.0,279.5
47621202,2,1205,47.0,253.0
47625541,2,5,67.5,39.5
47784768,2,145,74.0,251.0
48018277,2,8,90.0,55.0
48049796,2,34,100.0,90.5
529546,2,1,135.0,0.0
139756559,2,12,127.5,129.5
139838320,2,55,143.0,204.0
139867352,2,221,39.0,339.0
140348326,2,2,74.0,0.0
140492812,2,15,75.5,0.0
46979077,2,180,57.5,314.0
47015275,2,34,75.0,203.0
1319462,2,249,224.0,88.5
1325961,2,55,155.5,0.0
47038126,2,4,205.0,56.0
47050813,2,198,66.0,49.5
47151333,2,8,131.5,5.5
47219962,2,248,137.5,246.0
47343420,2,71,117.5,30.5
47414802,2,11,140.0,210.5
47424665,2,82,280.0,106.0
1313306,2,11,262.5,365.0
1315849,2,35,132.5,365.0
1317360,2,60,350.0,365.0
1317384,2,246,72.5,165.0
1317913,2,0,137.5,79.0
45937956,2,123,105.0,50.0
45990565,2,124,29.5,204.5
46066063,2,47,40.0,146.5
46068130,2,19,200.0,0.5
46087238,2,39,42.5,335.0
46317725,2,14,113.0,0.0
46323110,2,241,58.0,164.5
1334808,2,0,83.0,0.0
46502890,2,1,405.0,181.5
46712160,2,435,57.0,30.5
46789694,2,44,57.5,322.0
46842591,2,15,245.0,197.5
46846064,2,34,132.5,0.0
46901221,2,311,124.0,99.0
46973966,2,159,574.0,268.0
46976876,2,0,170.0,0.0
140983856,2,47,192.0,314.0
140997060,2,0,227.0,12.0
141012246,2,15,100.0,45.0
141027957,2,118,47.0,268.0
141204556,2,80,109.0,363.0
141204841,2,68,95.0,365.0
141362117,2,65,67.0,353.5
141362503,2,68,75.0,363.5
510745,2,21,93.0,0.0
510931,2,11,95.5,60.5
511175,2,29,180.0,78.0
512878,2,237,127.5,97.5
1339545,2,153,135.0,59.0
45763784,2,13,527.0,22.0
45859087,2,43,72.5,209.5
45913415,2,239,64.0,241.0
141645843,2,12,39.0,151.0
142268790,2,13,178.0,104.0
142625186,2,71,75.0,0.0
142812843,2,22,80.0,0.0
501343,2,5,190.0,15.0
502563,2,151,140.0,33.0
1349340,2,2,70.0,0.0
45404805,2,3,120.0,220.5
45466335,2,103,159.5,164.5
45578040,2,19,187.0,27.5
45598282,2,23,171.0,0.0
45632792,2,3,140.0,0.0
45675260,2,10,65.0,3.0
45688186,2,86,127.5,307.0
45697749,2,14,106.0,0.0
140930693,2,67,57.5,302.5
1354727,2,52,112.5,30.5
1355112,2,5,225.0,184.0
1355958,2,0,175.0,11.0
1356046,2,426,69.5,126.5
44838931,2,44,76.0,244.0
44875359,2,0,80.0,0.0
44886301,2,0,147.5,0.0
44951851,2,12,105.0,0.0
45006492,2,295,115.0,78.5
45044964,2,26,53.0,237.0
45093051,2,49,100.0,358.0
45100854,2,78,90.0,0.0
45204053,2,34,72.5,359.0
1346437,2,81,65.0,37.5
515095,2,167,89.5,59.5
141615596,2,32,26.0,326.5
44034761,2,65,122.5,179.5
44087298,2,62,52.5,0.0
44129118,2,0,199.5,0.0
44140036,2,21,70.0,174.0
44170535,2,4,145.0,0.0
1364042,2,441,153.0,217.0
1366270,2,64,62.0,89.5
44303500,2,8,172.5,0.0
44398705,2,8,81.0,103.5
44457589,2,155,147.5,13.0
44469259,2,45,41.0,0.5
44547688,2,48,51.0,365.0
44660079,2,104,150.0,45.0
44682387,2,131,175.0,226.0
44700210,2,17,137.5,0.0
44755507,2,0,147.5,347.5
144008701,2,0,36.0,31.5
144017474,2,90,69.0,0.0
144119993,2,18,25.5,0.0
144204336,2,42,53.0,335.0
144687306,2,77,135.0,236.5
145072632,2,124,87.5,66.5
145082728,2,19,250.0,43.0
145187951,2,33,50.0,0.0
145214508,2,7,52.5,226.5
489448,2,14,67.5,99.5
493545,2,3,170.0,100.5
496164,2,171,75.0,285.5
43930499,2,18,107.5,167.5
43960739,2,22,58.5,0.5
43963802,2,98,347.5,325.0
44018877,2,208,78.5,301.0
146036754,2,23,60.0,213.5
146132198,2,34,50.0,124.5
480943,2,318,219.0,271.0
481630,2,7,75.0,29.5
43375242,2,49,120.0,227.0
43463232,2,7,105.0,293.0
43494916,2,0,106.0,0.0
43599290,2,133,164.0,182.5
43600815,2,1,57.5,0.0
43601551,2,15,105.0,162.5
43756609,2,5,62.5,0.0
43810674,2,4,283.5,178.0
1366310,2,521,80.0,311.5
1369577,2,319,90.0,57.5
506779,2,25,395.0,338.0
143979484,2,45,60.0,281.5
147810437,2,63,105.0,103.0
147983579,2,15,192.5,215.5
148100571,2,2,50.0,0.0
148130354,2,47,164.0,1.0
42835213,2,69,80.0,44.5
42916011,2,1,71.5,358.0
42993745,2,19,214.5,0.0
43108922,2,236,157.5,256.0
43207895,2,4,60.0,193.0
43252773,2,5,244.0,181.0
43272616,2,0,77.5,0.0
43330303,2,11,51.5,111.0
1384111,2,103,111.5,0.0
145242566,2,147,27.5,3.5
145285876,2,4,66.0,0.0
145872703,2,62,77.5,262.0
1394543,2,36,79.0,19.5
42421006,2,132,87.0,177.5
42422050,2,38,77.0,273.5
42535703,2,32,207.5,0.0
42619297,2,235,999.0,214.0
42676520,2,115,74.5,8.0
42691960,2,23,36.0,0.0
42729298,2,257,70.0,15.0
42730216,2,2,140.0,92.0
42741722,2,11,67.5,0.0
42783238,2,190,85.0,0.0
1386983,2,379,140.0,174.0
1387286,2,2,62.5,0.0
146449899,2,223,51.0,147.0
147402286,2,196,49.0,24.0
147721837,2,29,149.5,53.0
41578662,2,13,90.0,7.0
41743945,2,6,267.5,0.0
41827222,2,15,42.5,0.0
41829977,2,0,107.0,165.5
41874064,2,128,125.0,16.0
41911368,2,48,110.0,38.5
41947929,2,79,125.0,251.0
42024722,2,143,101.5,89.0
42047615,2,131,424.5,263.5
42076125,2,0,100.0,227.0
42153340,2,40,121.0,105.5
42154911,2,3,60.0,6.5
42222090,2,8,199.5,141.5
42295490,2,16,70.0,0.0
42405567,2,20,157.5,7.5
42413378,2,328,139.0,177.0
148705627,2,15,170.0,123.5
148725429,2,75,94.5,151.0
148737806,2,110,58.0,84.0
148787736,2,12,122.5,69.5
149292557,2,218,69.0,138.5
149312408,2,34,60.0,326.5
149867246,2,36,102.5,349.5
150044472,2,5,117.0,0.0
462379,2,186,846.5,329.0
463061,2,13,45.5,188.5
464506,2,395,95.0,62.0
150565606,2,154,58.5,106.5
41177070,2,112,195.0,33.0
41217631,2,34,72.0,0.0
41311743,2,0,88.5,0.0
41484943,2,2,54.5,121.5
151291713,2,98,50.0,38.0
151316042,2,113,92.5,10.0
151421618,2,10,120.0,142.5
151777787,2,9,40.0,0.0
152195388,2,12,102.0,94.5
152353924,2,65,26.5,166.5
152386567,2,20,137.5,92.5
40830538,2,6,42.5,163.0
40846857,2,0,70.0,41.5
40895328,2,323,282.0,317.0
40972641,2,26,42.5,0.0
40991179,2,14,235.0,5.5
41083526,2,9,90.0,0.0
1406432,2,100,67.5,57.5
1407251,2,186,257.0,319.0
148544231,2,18,69.0,75.0
40316314,2,2,80.0,0.0
40317143,2,2,54.0,151.0
40332331,2,127,126.5,132.5
40336543,2,1,94.5,364.0
40371157,2,207,110.0,0.0
40394752,2,7,225.0,4.5
40439772,2,40,42.5,8.0
40503875,2,143,57.5,0.0
40511631,2,95,39.0,2.0
40529301,2,35,74.5,92.5
40549648,2,60,61.0,50.0
1409706,2,1,132.5,27.5
150572903,2,4,80.0,242.0
150629197,2,18,143.0,47.5
150647463,2,5,42.5,122.0
151146788,2,190,147.0,280.0
153018041,2,39,72.5,0.0
153189324,2,21,102.5,10.0
153371127,2,4,27.5,348.0
153458126,2,0,353.5,364.5
153500245,2,132,87.5,228.5
153735730,2,47,933.0,342.5
154088360,2,137,299.0,204.0
154095549,2,0,53.5,48.5
438593,2,3,262.5,0.0
40119874,2,216,48.5,0.0
40124500,2,116,39.0,337.5
40236384,2,54,62.5,0.0
40299079,2,1,87.5,51.5
40305031,2,15,60.0,364.0
1413546,2,184,435.0,245.0
1417166,2,54,62.5,16.5
1427381,2,35,180.0,257.5
1428501,2,44,169.0,11.5
1433657,2,123,87.0,320.5
39476034,2,0,159.0,271.0
39476438,2,7,83.0,181.5
39648442,2,334,87.0,335.5
39739038,2,4,130.0,178.0
39805148,2,68,60.0,265.5
39837217,2,16,72.0,73.0
39915290,2,98,299.0,309.0
39956905,2,1,97.5,0.0
40004714,2,13,120.0,11.0
40032009,2,2,170.0,0.0
40085320,2,19,55.0,33.0
448312,2,146,150.0,53.0
152622375,2,30,80.0,151.0
154238443,2,14,29.0,341.0
154239561,2,51,137.5,287.5
154268909,2,0,210.0,220.0
433207,2,340,52.5,155.5
438133,2,57,145.0,225.5
1434654,2,118,135.0,21.5
38815234,2,102,50.0,249.0
38886949,2,1,160.0,44.5
38914517,2,57,121.5,93.5
39126862,2,4,148.0,0.0
39143718,2,30,300.0,364.5
39148503,2,15,70.0,182.0
39261381,2,27,28.0,254.5
39285391,2,98,65.0,58.0
39300337,2,13,108.5,364.0
1426080,2,24,107.5,0.0
38123545,2,49,53.5,337.5
38194603,2,59,63.0,28.5
38217925,2,0,162.5,76.0
38272413,2,8,58.0,0.0
38284667,2,3,137.5,181.5
38301594,2,2,90.0,0.0
38404959,2,13,72.5,263.5
38460304,2,61,127.5,326.0
38593087,2,83,81.0,92.0
38604449,2,31,47.5,252.0
38609581,2,1,125.0,0.0
38675275,2,36,200.0,328.0
445894,2,2,77.5,33.0
154184894,2,0,125.0,0.0
154201505,2,21,93.5,61.0
154220885,2,162,52.5,174.5
155668897,2,49,75.0,365.0
155810605,2,87,105.0,20.0
155812868,2,19,119.0,135.5
427019,2,66,60.5,5.0
155911578,2,21,145.0,44.5
37723496,2,250,125.0,165.0
37736307,2,26,130.0,7.0
37860219,2,11,150.0,6.0
37891510,2,20,50.0,207.0
37915862,2,129,117.5,236.5
37986167,2,53,242.5,70.5
38043348,2,41,90.0,246.0
1443812,2,186,155.0,195.0
38098992,2,5,56.0,38.0
38119047,2,15,42.5,69.5
38120363,2,154,49.0,71.5
420399,2,19,84.5,65.0
156557516,2,101,194.5,331.0
36894011,2,186,185.0,121.5
37138145,2,205,135.0,98.5
37188098,2,45,90.0,180.0
37252076,2,4,47.5,143.5
37280441,2,68,61.5,0.0
37362312,2,1,67.5,67.0
37450458,2,123,88.5,182.5
37626481,2,168,87.0,98.5
37678939,2,11,60.0,84.5
154843406,2,22,59.5,115.5
154949847,2,102,288.0,204.5
155109689,2,17,146.5,186.0
155152907,2,46,45.0,264.0
155200301,2,3,38.5,170.5
36205028,2,368,52.5,349.0
36380968,2,20,67.5,348.0
36435055,2,75,557.5,11.0
36457711,2,10,123.5,0.0
36573037,2,58,87.5,254.0
36577517,2,22,49.0,197.0
36818817,2,4,50.0,0.0
1458110,2,2,87.0,9.0
1460313,2,85,56.0,67.5
36830075,2,0,67.5,0.0
36849759,2,148,173.5,200.0
156047478,2,13,98.0,205.5
156381151,2,8,140.0,0.0
156484505,2,93,107.5,342.5
415660,2,13,79.0,164.5
420111,2,53,69.0,260.0
156952896,2,316,110.0,117.5
157093664,2,9,179.0,208.5
157141199,2,7,67.5,227.5
157262166,2,201,62.0,340.5
157337532,2,112,82.5,77.5
157393936,2,2,97.5,227.5
413447,2,7,92.5,0.0
1472433,2,4,83.0,91.5
35741929,2,68,85.0,0.0
35746135,2,43,52.5,0.5
35819315,2,146,161.0,127.5
35881969,2,109,64.0,77.5
35968845,2,2,89.0,0.0
36082598,2,57,187.5,252.0
1462483,2,72,100.0,169.0
1466422,2,12,60.0,0.0
158314625,2,28,67.5,0.0
158338077,2,39,67.0,254.0
406843,2,83,174.5,105.5
158406020,2,24,46.0,141.5
1478269,2,8,80.0,24.5
35108251,2,110,106.0,147.5
35215309,2,48,117.5,42.0
35384978,2,137,513.0,125.0
35494734,2,58,60.0,174.5
35506555,2,14,88.0,134.0
35518413,2,299,115.0,291.5
35528708,2,5,53.0,0.0
35590273,2,1,57.5,0.0
156585195,2,68,147.5,110.5
156716488,2,17,54.0,272.5
156850005,2,4,88.5,352.5
1482208,2,44,172.5,155.0
34706197,2,45,146.5,125.0
34745360,2,1,77.5,0.0
34874378,2,66,72.5,0.0
34911780,2,42,83.0,103.5
34943122,2,19,130.0,0.0
34950721,2,2,100.0,0.0
34992043,2,242,59.0,259.0
35082637,2,8,110.0,139.0
35095754,2,130,220.0,69.5
35100060,2,15,234.5,2.5
157703622,2,2,212.5,142.5
157728550,2,107,125.0,354.0
157977326,2,127,50.0,28.0
158200817,2,4,113.5,134.0
158215530,2,0,200.0,272.0
158625100,2,34,79.0,48.0
158725307,2,81,300.0,116.0
158781381,2,69,82.5,217.0
158972140,2,16,66.0,256.0
158997467,2,69,62.5,0.0
396599,2,66,47.5,104.5
400240,2,92,83.5,25.5
159027993,2,25,48.0,169.5
1486872,2,90,198.5,0.5
34160620,2,60,75.0,0.0
34177401,2,184,113.0,157.5
34386241,2,22,212.5,0.0
34506361,2,64,260.0,364.5
34556469,2,0,50.0,0.0
34635838,2,63,32.0,0.0
1481058,2,32,175.0,0.0
1495355,2,13,45.0,94.0
1495502,2,120,138.5,14.5
1497427,2,22,101.0,178.0
33646389,2,7,77.0,103.5
33675739,2,110,93.5,116.5
33722691,2,181,130.0,70.0
33736005,2,4,67.5,0.0
33750239,2,145,108.0,17.5
33782884,2,7,158.0,0.0
33839663,2,7,65.0,98.0
33923279,2,8,70.0,0.0
33945670,2,148,206.5,250.0
33975562,2,263,107.0,56.0
33977124,2,49,65.0,249.5
34113764,2,51,119.5,181.5
158596887,2,3,70.0,0.0
159655531,2,126,60.0,64.0
159676587,2,15,124.5,136.0
160175378,2,2,375.0,0.0
389899,2,266,155.5,243.5
389924,2,68,104.0,107.5
390117,2,27,312.5,0.0
393473,2,146,115.5,122.5
1499484,2,198,120.5,289.5
33365473,2,34,550.0,347.5
33368633,2,207,141.0,343.0
33386679,2,2,150.0,0.0
33510832,2,477,59.0,40.0
33518883,2,38,92.5,0.0
33527075,2,291,71.0,2.5
1494472,2,1,147.5,271.0
1495021,2,0,56.5,188.0
1507779,2,14,144.5,52.0
1509237,2,93,152.0,221.5
32866463,2,81,105.0,154.0
32924087,2,10,72.0,0.0
32991339,2,199,167.0,254.0
33036193,2,31,110.0,34.5
33069475,2,65,40.0,231.5
33074274,2,49,67.0,331.0
33151563,2,2,66.5,0.0
33166971,2,126,56.5,75.5
33200173,2,11,155.0,2.0
33235360,2,20,68.0,9.5
1499286,2,45,320.0,181.5
159154462,2,58,105.0,48.5
159382205,2,0,38.0,95.5
159587137,2,1,250.0,251.0
161061302,2,10,69.5,207.5
161081229,2,134,42.5,302.0
386263,2,138,171.0,255.5
161184313,2,20,77.0,95.0
161268152,2,42,549.5,323.0
32405588,2,47,141.5,73.5
32418402,2,6,85.5,122.0
32543699,2,5,131.5,0.0
32582256,2,44,144.0,14.0
32596841,2,1,67.0,0.0
32625342,2,19,30.0,0.0
32706119,2,125,155.0,205.5
32720219,2,10,170.0,4.0
32722063,2,339,92.5,330.0
32772480,2,25,150.0,170.5
32812120,2,4,155.0,0.0
32209352,2,34,61.0,328.0
32212535,2,132,232.5,99.5
32252422,2,94,117.5,311.0
32295097,2,61,125.0,223.0
1512462,2,262,227.0,256.0
1513294,2,18,72.5,79.5
1516920,2,11,86.0,0.0
1519189,2,6,75.0,263.5
32346001,2,21,133.0,2.5
32379616,2,34,49.5,218.0
160300400,2,39,79.0,175.5
160306249,2,16,56.5,0.0
160318374,2,89,103.0,122.0
160660639,2,143,58.5,160.0
160726948,2,9,97.0,213.0
160792280,2,1,195.0,0.0
161617875,2,30,123.5,54.5
161769990,2,10,47.5,0.0
162432541,2,54,250.0,279.0
162456824,2,135,135.0,144.0
162745077,2,40,124.5,82.5
31752474,2,10,57.0,0.0
31770868,2,97,105.0,103.5
31829334,2,14,97.0,41.5
31851704,2,420,50.0,170.0
31919780,2,186,99.0,49.5
31920354,2,8,109.5,224.0
32052000,2,209,50.0,242.0
32060911,2,7,40.0,345.5
32126880,2,12,187.5,319.0
32153139,2,2,70.0,0.0
32162351,2,11,241.5,0.0
367815,2,57,147.5,25.0
369015,2,10,66.5,225.0
1534857,2,1,99.5,0.0
31469635,2,5,69.0,209.0
31482341,2,32,45.0,0.0
31621291,2,506,48.0,69.5
31658624,2,112,44.5,0.0
31665801,2,56,133.5,50.0
31680304,2,113,70.0,66.0
1528912,2,94,55.0,311.5
31736547,2,131,67.0,30.0
31747645,2,0,80.0,0.0
161349813,2,71,70.5,56.5
161351021,2,18,450.0,0.0
161510806,2,5,105.0,0.0
161592215,2,63,205.0,263.5
30736639,2,114,102.0,98.0
30791331,2,58,69.5,343.5
30848788,2,76,45.0,89.0
30895980,2,14,107.5,290.0
30940393,2,61,46.5,0.0
31044879,2,10,70.0,94.0
31154454,2,299,84.5,2.5
31241183,2,79,65.0,276.0
31307789,2,29,27.0,363.0
163046191,2,3,51.0,77.0
163217478,2,267,52.0,80.5
163603458,2,74,74.0,41.0
163737392,2,19,57.0,299.5
164228532,2,104,80.0,13.5
164303137,2,93,36.5,18.5
361855,2,82,262.5,276.5
166262295,2,57,115.0,106.0
166286543,2,11,42.0,324.5
167024334,2,0,135.0,335.0
167025338,2,6,82.5,45.5
167258458,2,52,110.0,101.0
30368670,2,34,337.0,182.0
30377766,2,3,81.0,272.0
30384194,2,48,99.0,252.0
30423241,2,53,82.0,21.5
30426158,2,19,135.0,0.0
30487854,2,30,59.0,10.0
30499687,2,16,68.0,0.0
30585124,2,23,50.0,164.5
30590073,2,7,70.0,98.0
30613046,2,2,67.5,76.0
30672354,2,18,201.0,35.0
1557889,2,140,260.0,127.5
29739883,2,497,122.5,124.5
29799151,2,11,43.5,0.0
29817997,2,295,67.5,352.0
29893675,2,95,57.5,19.0
29896455,2,124,61.0,238.0
29953329,2,54,66.0,3.0
30054890,2,6,58.0,0.0
30320622,2,1,47.5,0.0
1549512,2,0,53.5,0.0
30346705,2,82,52.5,78.0
164648188,2,0,49.5,23.0
164701861,2,3,162.5,124.0
165607672,2,49,60.5,36.5
165725362,2,39,150.0,152.0
165776960,2,1,132.5,244.5
28831479,2,4,142.0,53.0
28836096,2,15,109.0,145.5
28875304,2,12,61.0,4.5
28907641,2,190,77.5,85.5
1566510,2,149,102.5,25.0
1568517,2,318,79.0,91.0
1570170,2,333,152.5,229.0
29003805,2,19,52.0,0.0
29013448,2,23,43.0,0.0
29093058,2,0,195.0,173.0
29167335,2,107,182.0,232.5
29219991,2,73,111.5,200.5
29241227,2,95,93.5,34.5
29243209,2,6,135.0,0.0
29417940,2,4,262.5,0.0
29523138,2,30,108.0,95.0
167818456,2,98,259.0,136.5
168429942,2,22,50.0,325.0
168565806,2,7,97.0,190.0
168619140,2,6,69.0,0.0
168891738,2,34,100.0,153.0
169166409,2,68,35.0,32.0
169382341,2,22,89.5,40.5
169472089,2,1,85.0,89.5
169490939,2,3,102.0,198.0
169587048,2,11,44.0,336.0
28695751,2,32,235.0,0.0
28720717,2,13,424.5,337.0
28752891,2,44,212.5,50.5
28778026,2,23,70.0,86.5
28786801,2,4,59.5,0.0
28808740,2,12,94.0,10.0
1589909,2,24,79.0,248.5
28270349,2,139,94.5,94.5
28290772,2,69,53.0,339.0
28341776,2,86,110.0,21.0
28369674,2,99,68.0,109.0
28428851,2,5,77.5,33.5
28449397,2,13,80.0,360.5
28455413,2,10,31.5,0.0
28458209,2,68,54.0,207.0
28509737,2,3,64.0,0.0
28576665,2,187,101.5,27.0
28589041,2,6,100.0,0.0
1571120,2,181,144.0,43.5
28690907,2,92,235.0,76.5
167270001,2,155,204.5,318.0
167620568,2,5,65.0,364.5
172189639,2,77,80.0,54.0
172611460,2,16,3750.0,150.0
172895347,2,3,59.0,0.0
173021064,2,2,67.5,70.5
27922303,2,9,75.0,200.5
27947449,2,14,46.0,259.5
27951037,2,98,65.0,3.5
27962518,2,1,132.5,0.0
27990825,2,8,45.0,0.0
28000421,2,0,100.0,0.0
28096614,2,14,50.0,261.5
28142165,2,16,89.0,148.5
28187447,2,163,112.5,255.5
1581733,2,3,260.0,43.0
1584064,2,1,140.0,0.0
1588656,2,262,145.0,126.0
27295569,2,132,60.0,299.0
27336207,2,14,140.0,0.0
1603942,2,88,262.0,62.5
27493716,2,15,72.5,214.5
27530449,2,220,100.0,152.0
27552154,2,10,100.0,0.0
27634654,2,6,32.5,0.0
27636450,2,2,200.0,0.0
27741331,2,9,29.5,333.5
27796188,2,164,275.0,232.0
27844914,2,70,43.0,58.5
350553,2,4,112.5,0.0
170446723,2,15,66.5,271.0
171198420,2,58,41.0,10.0
171858908,2,14,187.5,0.0
171939378,2,33,190.0,2.0
174261493,2,41,99.0,0.0
174492861,2,49,45.5,61.0
331579,2,61,55.0,280.5
333897,2,98,75.0,257.5
26867230,2,6,47.5,0.0
26877037,2,4,138.5,134.5
26921064,2,70,102.5,10.5
26996515,2,25,35.0,0.0
26998839,2,13,87.5,309.0
27046912,2,97,85.0,21.5
27084741,2,29,90.0,269.0
27187487,2,12,32.5,359.0
27261471,2,1,119.5,180.0
27264437,2,5,52.5,0.0
27275952,2,8,173.0,51.0
27277459,2,166,127.0,311.0
327673,2,230,200.0,134.5
327900,2,161,109.5,119.5
329436,2,110,270.0,140.0
26538766,2,51,99.0,0.0
26597048,2,133,111.5,35.5
26602392,2,198,66.5,351.0
26714887,2,3,67.5,0.0
26754841,2,4,152.5,61.5
26789852,2,202,47.0,21.5
26802715,2,0,51.5,65.5
1621363,2,30,300.0,312.0
173249074,2,60,50.0,313.5
173373234,2,26,200.0,183.5
173386569,2,20,120.0,0.0
173406651,2,59,205.0,149.5
174197082,2,115,80.0,208.0
1641537,2,19,26.5,0.0
26243777,2,54,85.0,6.0
26270573,2,177,220.0,170.0
26271616,2,1,97.0,0.0
26328221,2,55,170.0,7.5
26382036,2,124,110.5,35.5
26388084,2,70,69.5,182.5
26389845,2,10,112.5,0.0
26405093,2,2,85.0,356.0
26411218,2,216,89.5,21.5
26414016,2,10,81.0,0.0
26434803,2,2,55.0,0.0
1632428,2,79,224.5,363.0
175152359,2,13,65.0,146.5
176679165,2,156,37.5,72.0
327033,2,24,152.5,11.5
177562935,2,38,126.0,58.5
177825782,2,5,84.5,175.0
178036911,2,9,55.0,356.5
178244787,2,15,110.0,0.0
178303634,2,50,84.5,2.5
25774748,2,7,89.0,272.0
25881276,2,58,150.0,88.0
25915648,2,279,39.0,10.0
25944182,2,103,72.0,63.5
26019828,2,23,74.0,3.5
26045887,2,79,112.5,178.0
26071530,2,6,100.0,10.0
26091462,2,4,80.0,0.0
26098783,2,28,2000.0,182.5
1639120,2,426,67.0,280.5
1639755,2,90,55.0,293.5
25321849,2,97,337.5,38.0
25344446,2,58,115.0,302.0
25352847,2,14,190.0,64.0
25354313,2,63,40.0,0.0
25414207,2,135,59.0,140.5
25461543,2,17,147.5,227.0
25473311,2,60,59.5,90.0
25537819,2,24,79.0,0.0
25549229,2,108,80.5,71.5
25602663,2,20,77.5,143.5
25718914,2,203,97.5,159.0
25753120,2,0,45.0,0.0
1648806,2,2,75.0,173.5
25773982,2,37,125.0,364.0
176899233,2,2,55.0,24.5
176950173,2,0,395.0,328.0
179657707,2,38,87.5,51.0
179661186,2,6,61.0,0.5
179778880,2,82,45.0,322.5
180008916,2,26,225.0,2.5
25073781,2,33,65.0,240.0
25077909,2,25,50.0,226.0
25096301,2,17,110.0,7.0
25134822,2,47,114.5,212.5
25157246,2,0,120.5,328.0
25169596,2,242,216.0,299.0
25182524,2,5,76.5,109.0
25233493,2,60,500.0,145.5
1650330,2,82,60.5,282.0
1651250,2,16,200.0,1.5
1651591,2,162,92.5,84.0
25311373,2,3,84.0,224.0
315606,2,10,61.5,95.0
181397986,2,71,95.5,258.5
24833181,2,137,82.5,104.0
24878388,2,2,97.0,125.0
24918898,2,16,52.0,0.0
24967136,2,78,112.0,77.0
24975940,2,0,204.0,45.0
24982697,2,24,67.5,319.0
25037051,2,18,58.0,166.5
25039950,2,7,58.0,0.0
25043292,2,2,124.0,0.0
323517,2,135,107.0,364.5
178720348,2,0,67.5,60.0
178924110,2,20,38.0,109.0
179416315,2,16,60.0,233.0
179436298,2,7,106.0,364.5
24559370,2,15,98.5,0.0
24587292,2,0,517.0,0.0
24589216,2,32,102.5,0.0
24591977,2,66,52.0,0.0
24594462,2,29,115.0,17.5
24595747,2,23,96.0,0.0
24614094,2,43,37.5,324.0
24738407,2,56,130.0,118.5
24743701,2,126,412.5,45.0
24761711,2,186,360.0,136.0
24789838,2,0,41.0,0.0
1678050,2,18,207.5,0.0
180781689,2,102,237.0,134.5
181111992,2,21,53.0,118.0
181356989,2,9,172.0,30.0
314582,2,474,57.5,281.0
182152235,2,71,109.0,59.5
182260692,2,115,99.0,311.0
182272609,2,34,133.5,87.0
308875,2,401,64.0,11.5
310296,2,102,50.0,52.5
310458,2,10,60.0,0.0
312288,2,46,81.0,316.5
182434290,2,11,71.0,94.0
24283455,2,62,37.5,0.0
24291213,2,2,35.0,0.0
24298733,2,1,41.5,0.0
24370211,2,3,66.0,0.0
24374791,2,12,73.5,0.0
24467449,2,28,62.0,15.5
24468833,2,20,125.0,138.0
24489871,2,78,56.0,264.5
23993707,2,11,32.5,0.0
24009463,2,212,150.0,160.0
24027781,2,0,77.5,35.0
1705071,2,227,85.0,334.0
24117644,2,92,95.0,142.5
24124835,2,53,95.0,70.5
24131677,2,28,245.0,310.0
24146326,2,91,997.5,169.0
24170584,2,3,182.0,0.0
24175837,2,113,75.0,0.0
24201188,2,88,92.0,54.5
24253453,2,121,77.5,34.0
1697784,2,104,99.5,33.5
181711840,2,26,50.0,182.5
181885938,2,19,57.5,316.5
182086879,2,25,225.0,64.5
182488531,2,40,18.0,265.5
182954454,2,0,75.0,89.0
182976972,2,63,52.5,312.0
183321912,2,59,65.0,361.5
305972,2,301,85.0,120.5
306545,2,328,282.5,321.0
306605,2,65,205.0,76.0
308652,2,127,39.0,365.0
1717520,2,1,168.5,0.0
23909694,2,4,125.0,0.0
23913300,2,34,350.0,82.5
23919461,2,117,200.0,28.5
23952819,2,92,299.0,289.5
23969698,2,22,40.0,8.5
23974215,2,67,94.5,73.5
23977712,2,496,75.0,61.0
184641438,2,4,65.0,341.0
184670155,2,16,100.0,0.0
185265758,2,106,247.0,264.5
185524223,2,202,62.0,262.0
302772,2,32,115.0,338.0
303926,2,17,124.5,173.5
23667219,2,7,56.0,0.0
23671946,2,10,130.0,0.0
23700673,2,163,88.0,27.5
23722638,2,4,130.0,0.0
23773167,2,0,97.5,319.0
23831257,2,6,45.0,215.0
23834677,2,353,130.0,238.0
23863809,2,8,185.0,0.0
1709718,2,33,242.0,357.5
182440062,2,13,49.0,123.5
1740216,2,108,132.5,114.0
23370431,2,23,55.0,166.5
23388169,2,19,275.0,219.5
23401472,2,1,103.5,169.5
23425862,2,0,69.5,0.0
23436595,2,5,120.5,200.0
23439479,2,21,275.0,326.0
23502183,2,8,154.0,124.5
23542079,2,36,72.0,15.0
23548583,2,46,109.0,204.5
23599716,2,88,109.0,0.0
1720151,2,8,195.0,344.5
183886601,2,4,147.5,17.5
184004979,2,127,110.5,309.5
184009385,2,95,160.0,55.0
184130293,2,5,50.0,0.0
187383058,2,57,400.0,323.5
187530856,2,10,211.0,227.0
296491,2,45,112.0,66.0
297176,2,16,87.5,31.5
297769,2,322,117.5,338.0
1746811,2,60,97.5,18.0
23185328,2,46,92.5,64.5
23196609,2,8,70.0,7.0
23217966,2,10,40.0,57.0
23249630,2,39,130.0,79.0
23254491,2,109,141.0,19.0
23262657,2,12,249.5,2.0
23267314,2,168,162.0,207.5
23297219,2,23,149.0,75.5
1730026,2,10,102.5,84.5
1732559,2,172,95.0,61.5
1752807,2,12,44.5,0.0
1755097,2,424,115.0,107.0
22899202,2,41,50.0,129.5
22904933,2,104,85.5,102.5
22919533,2,75,175.0,104.0
22954228,2,7,52.0,0.0
23020619,2,7,130.0,64.0
23044811,2,298,134.0,230.0
23055253,2,2,75.0,0.0
23095202,2,1,72.5,225.5
23162890,2,72,75.5,335.0
185914925,2,61,62.5,74.5
186334891,2,65,159.5,207.5
186586297,2,88,149.5,47.5
186620707,2,74,44.0,5.5
186701037,2,1,57.0,44.5
292204,2,298,130.0,353.0
292522,2,130,347.5,154.0
189404055,2,36,75.0,263.0
22570120,2,15,122.5,37.5
22622958,2,45,635.0,27.5
22661810,2,18,55.0,232.0
22685487,2,7,45.0,324.0
22720650,2,1,130.0,154.5
22780462,2,88,144.0,304.5
22784412,2,9,43.5,150.5
22819324,2,13,55.0,0.0
22827111,2,115,89.0,293.5
22866437,2,2,450.0,0.0
22875538,2,71,186.0,0.0
22880393,2,149,114.5,325.0
1750299,2,25,79.5,222.0
22305520,2,313,199.0,196.5
22336312,2,30,102.0,13.5
1780076,2,13,55.0,0.0
22375303,2,157,65.0,272.5
22388424,2,23,44.0,157.0
22388757,2,9,87.5,84.5
22511613,2,8,156.5,0.0
22548091,2,15,82.0,236.5
1761447,2,79,233.5,136.0
1767221,2,0,64.0,271.0
1772509,2,24,105.0,246.5
187872824,2,6,150.0,272.0
187908347,2,43,85.5,88.0
188212054,2,20,245.0,255.0
188391102,2,9,222.5,353.5
188453457,2,0,256.0,257.0
190389545,2,37,51.5,1.5
190828985,2,5,140.0,0.0
191011879,2,50,224.5,180.0
191229616,2,11,55.0,80.0
283395,2,48,134.5,172.0
284199,2,1,67.5,0.0
22171095,2,128,132.5,39.5
22175061,2,57,94.0,29.5
22189723,2,86,49.0,300.5
22194698,2,256,124.0,153.0
22200018,2,11,72.5,93.0
22218694,2,222,180.0,353.0
22221590,2,1,110.0,0.0
22222260,2,24,81.0,312.5
22261783,2,222,135.0,113.0
22288459,2,17,50.0,11.0
1805238,2,111,49.0,14.0
1808103,2,98,69.5,92.5
21894419,2,3,329.0,199.0
21902316,2,82,77.5,262.0
21930989,2,324,92.5,184.0
21938126,2,22,52.5,15.5
21940966,2,89,95.0,98.0
21963202,2,115,205.0,233.5
22010249,2,51,72.5,214.5
22028840,2,73,57.0,51.5
22058409,2,4,87.5,0.0
22123619,2,12,45.5,197.0
22125997,2,32,39.0,75.0
22159648,2,10,122.5,0.0
189625025,2,49,73.0,337.5
189734742,2,3,244.5,133.0
21594748,2,11,165.0,0.0
21628945,2,29,95.0,166.5
1822729,2,48,95.0,4.5
21653460,2,71,110.0,0.0
21663531,2,42,50.0,269.0
21679450,2,4,55.0,0.0
21680683,2,110,252.0,187.5
21682640,2,0,65.0,365.0
21721684,2,262,121.5,244.0
21725994,2,86,142.5,82.5
21734605,2,0,115.0,0.0
21787440,2,12,65.0,0.0
21841949,2,57,150.0,146.0
21877498,2,0,132.5,0.0
21881605,2,0,100.0,223.5
1802807,2,13,350.0,35.0
21400616,2,12,52.5,325.5
21426910,2,369,129.5,54.0
21444167,2,62,132.0,195.0
21455957,2,208,70.0,200.0
21466891,2,85,175.0,53.5
21467726,2,15,60.5,319.5
21480710,2,0,94.5,0.0
21493738,2,0,117.5,0.0
21496186,2,45,111.5,38.0
21507811,2,10,127.0,0.0
21508828,2,47,66.5,307.0
21515253,2,1,209.0,72.0
21544501,2,26,77.5,265.5
21552055,2,33,153.0,2.0
21577034,2,32,65.0,130.0
21593637,2,42,169.0,285.0
191976506,2,0,199.0,363.0
192181166,2,2,66.0,0.0
192189607,2,7,62.5,11.0
192741854,2,66,167.5,216.0
192861009,2,50,49.5,88.5
193296202,2,5,500.0,303.0
193345547,2,1,122.5,342.0
279078,2,226,117.0,290.0
279845,2,201,73.0,187.5
1844352,2,35,97.5,38.0
21210898,2,11,120.0,182.5
21222224,2,16,150.0,363.5
21315876,2,167,96.5,140.5
21327210,2,68,107.5,61.5
21364540,2,3,60.0,12.5
21366569,2,115,175.0,270.0
195509478,2,2,52.5,107.0
276291,2,338,155.0,239.5
277379,2,897,72.5,248.0
1850477,2,0,82.5,160.0
20951849,2,95,267.5,93.0
20985328,2,31,75.0,142.5
20990306,2,49,135.0,0.5
21010752,2,2,94.5,4.0
21060836,2,1,444.5,0.0
21090508,2,100,49.0,0.0
21105084,2,57,105.0,0.0
21146326,2,13,115.5,0.5
21183428,2,247,137.0,290.0
191621249,2,128,99.5,6.0
191804394,2,47,47.5,166.0
191901037,2,3,72.5,238.5
20484008,2,78,165.0,4.0
20518366,2,4,72.5,0.0
20543178,2,201,167.5,245.5
20555097,2,15,63.5,35.5
20600569,2,196,87.5,149.0
20694703,2,36,130.0,70.0
20761853,2,199,124.5,273.5
20771576,2,5,65.0,0.0
20810101,2,10,96.5,23.0
20827165,2,28,78.0,40.0
20909506,2,9,47.5,0.0
1846051,2,65,305.0,65.0
1849974,2,1,250.0,151.5
194014767,2,64,87.5,290.5
194520886,2,38,137.5,156.5
194804585,2,8,55.0,184.5
20134899,2,55,61.5,17.5
20169857,2,125,36.5,222.5
20212516,2,21,77.0,21.0
1877402,2,25,87.5,0.0
1879389,2,96,159.0,44.0
1884204,2,495,95.0,218.0
1884659,2,59,78.0,351.5
20245055,2,83,70.5,282.5
20302754,2,113,44.0,53.5
20318052,2,67,97.5,111.0
20377891,2,2,250.0,75.0
20408271,2,2,145.0,0.0
20413250,2,0,120.0,0.0
20433973,2,12,87.5,358.5
20438455,2,244,49.5,45.0
20447869,2,12,95.0,0.0
195693063,2,105,160.0,275.0
196088317,2,99,82.5,14.0
196476281,2,33,42.5,339.0
196557649,2,10,215.0,310.5
196613633,2,0,70.0,110.0
196872053,2,16,59.0,262.5
196915362,2,3,137.5,70.0
271527,2,56,510.0,247.0
271799,2,95,250.0,272.5
20012998,2,7,60.0,319.0
20025889,2,0,85.0,87.0
20063690,2,73,350.0,212.5
20086738,2,2,97.5,9.0
20114391,2,16,53.0,45.5
20123860,2,4,110.0,0.0
20132009,2,168,150.0,61.0
198478845,2,16,59.0,153.0
198730633,2,19,189.0,150.0
198853982,2,40,95.0,135.0
19739033,2,78,167.5,60.5
19803201,2,32,164.5,345.0
19808319,2,271,108.5,36.5
19813391,2,11,149.5,0.0
19867664,2,106,1350.0,221.0
19899115,2,18,50.0,0.0
19909719,2,1,272.0,0.0
19912320,2,9,89.0,0.0
19914713,2,54,99.5,0.0
1892493,2,6,77.5,72.5
278576,2,127,102.0,178.5
195517789,2,70,52.5,322.5
195657353,2,0,42.0,218.0
19331457,2,628,100.0,270.5
19382874,2,267,130.0,231.5
19424541,2,17,515.0,43.5
19483885,2,244,52.5,232.0
19531024,2,1,137.5,23.0
19536090,2,34,275.0,287.0
19544315,2,1,46.5,0.0
19612095,2,20,55.0,226.5
19631496,2,136,177.5,231.5
1903663,2,6,87.5,365.0
197334240,2,140,68.0,181.5
197400421,2,30,99.5,240.0
197579052,2,109,80.0,55.0
198018391,2,50,192.5,254.0
198195140,2,26,42.5,6.0
198328249,2,9,45.0,365.0
199213364,2,35,111.5,134.0
199887038,2,10,64.0,26.5
200182757,2,34,50.0,139.0
263500,2,146,130.0,261.0
263882,2,243,164.0,261.5
18953786,2,137,160.0,352.0
18975770,2,98,172.5,105.0
19000768,2,9,84.5,0.0
19001556,2,9,150.0,0.0
19011946,2,2,142.0,363.5
19043062,2,55,115.0,12.5
19107278,2,2,50.0,0.0
19187413,2,0,60.0,225.5
19233353,2,6,52.5,0.0
1910452,2,0,53.0,0.0
1911615,2,7,256.0,0.0
200754542,2,5,195.0,109.5
201153591,2,48,182.5,137.0
201203968,2,123,111.0,24.5
254650,2,4,162.5,0.0
257676,2,23,148.0,90.0
201407513,2,11,41.0,76.5
18270302,2,7,92.0,66.5
18272280,2,11,47.0,1.0
18562674,2,106,69.5,227.5
18747710,2,28,143.0,46.0
18753186,2,34,265.0,27.0
18830662,2,2,87.0,0.0
18884528,2,0,92.0,0.0
18901504,2,150,218.0,168.5
1924750,2,87,38.0,203.5
199070207,2,76,80.0,36.0
202979435,2,2,95.5,322.0
203123161,2,64,90.0,233.5
248490,2,134,97.5,209.0
1960128,2,10,51.5,364.0
17928071,2,35,85.0,284.5
17943391,2,502,135.0,211.5
17947250,2,21,75.0,0.0
17997408,2,333,57.5,15.0
18008678,2,51,175.0,0.0
18049970,2,138,187.0,278.5
18066933,2,23,57.5,0.0
18170444,2,33,80.0,157.0
18192996,2,19,38.5,0.0
1936796,2,44,66.0,2.5
1939209,2,72,65.0,128.0
200621725,2,145,69.0,22.5
17603414,2,45,65.0,155.0
17646340,2,26,85.0,0.0
17766289,2,7,47.5,256.0
17782625,2,11,245.0,0.0
17791467,2,319,69.0,66.0
17842194,2,9,125.0,10.5
17849213,2,59,100.0,26.5
17859338,2,118,160.0,165.5
17866326,2,4,52.0,0.0
1947974,2,75,75.0,94.5
201447930,2,21,195.0,30.0
201667999,2,23,74.0,97.0
202074215,2,99,89.0,20.5
202350344,2,43,42.5,265.0
202587815,2,42,102.5,206.0
202837291,2,38,72.5,121.0
17292935,2,507,55.0,17.5
17299359,2,5,175.0,365.0
17315514,2,2,50.0,0.0
17318747,2,41,99.0,180.0
17344471,2,28,159.0,0.0
17365319,2,16,65.0,123.0
17428203,2,90,119.5,11.5
17430718,2,85,125.0,143.0
17433287,2,9,149.5,94.0
17466612,2,36,54.0,41.0
17475096,2,2,80.0,0.0
17479416,2,130,224.5,303.5
17486626,2,15,70.0,9.0
17527788,2,71,96.5,87.0
17581024,2,50,112.5,30.0
17601262,2,133,170.0,303.5
203307016,2,75,54.5,76.0
203890641,2,26,67.5,214.0
203932958,2,13,180.0,9.5
204244117,2,38,49.0,180.0
204541838,2,17,107.5,286.0
240048,2,30,125.0,90.5
240427,2,190,122.5,38.5
240471,2,38,105.0,276.5
241593,2,4,65.0,0.0
2001830,2,210,47.5,322.5
17171419,2,48,39.0,6.0
17191693,2,53,70.0,0.0
17249397,2,10,120.0,0.0
17264040,2,121,115.0,353.5
17266994,2,158,146.0,231.0
17272284,2,18,254.5,0.0
229109,2,13,115.0,18.0
236421,2,0,160.0,0.0
205132904,2,113,95.0,297.5
16865342,2,100,51.5,72.5
16869971,2,8,75.0,0.0
16877292,2,24,85.0,276.5
16916853,2,11,280.0,363.0
16949541,2,21,120.0,199.0
16963843,2,42,50.0,0.0
16978120,2,7,65.0,266.5
17038671,2,77,140.0,121.5
17062221,2,145,197.0,88.0
17078225,2,52,87.0,44.0
17105274,2,11,59.0,241.0
17125263,2,114,72.0,271.0
251176,2,431,219.0,360.0
16683574,2,115,145.0,309.5
16685925,2,4,49.0,0.0
16713332,2,1,82.5,0.0
16715941,2,592,92.5,141.0
16795575,2,6,55.0,0.0
16805656,2,233,95.0,151.5
16823940,2,62,39.0,126.5
2017504,2,2,75.0,0.0
16834792,2,342,111.0,295.0
204733512,2,32,45.0,40.0
204786430,2,4,53.0,0.0
204811322,2,7,225.0,25.0
204823078,2,10,75.0,83.0
204915695,2,25,50.0,133.0
228252,2,10,80.0,217.5
228858,2,75,222.5,130.0
209374833,2,24,99.0,143.5
2047776,2,244,202.5,250.5
16356565,2,68,62.5,0.5
16356851,2,32,117.5,179.0
16572580,2,7,122.0,0.0
16641600,2,21,98.0,154.5
2024924,2,100,55.0,277.0
205234874,2,43,60.0,305.5
205243076,2,40,65.0,78.0
205684793,2,5,170.0,0.0
206288086,2,33,166.0,278.5
206313609,2,51,118.0,112.0
206482566,2,3,107.5,0.0
206778021,2,50,150.0,51.0
207010341,2,2,102.5,26.0
219970,2,22,58.0,0.0
211353692,2,9,65.0,32.5
16209547,2,151,147.5,352.0
16257970,2,279,89.0,179.0
16275624,2,24,84.5,14.0
16283468,2,125,97.5,130.0
16285179,2,8,102.5,21.0
16288928,2,136,390.0,355.5
16305093,2,0,350.0,43.5
16323240,2,31,50.5,0.0
16334409,2,0,73.0,108.5
16342788,2,2,82.0,203.0
2033003,2,19,132.5,145.5
207795404,2,22,146.0,85.5
209121939,2,35,55.0,93.0
209306758,2,21,61.0,333.5
209332627,2,5,75.0,58.0
15940253,2,4,95.0,0.0
15956611,2,6,76.5,63.5
16025677,2,1,111.0,0.0
16026189,2,15,160.0,34.5
16066343,2,405,58.5,42.0
16091224,2,16,95.0,20.5
16105313,2,1,2625.0,250.0
16145840,2,22,102.5,4.5
16152090,2,3,212.5,181.0
2051075,2,94,142.5,220.0
209758777,2,104,145.0,17.0
210339363,2,21,55.0,30.5
210779293,2,101,54.0,47.5
210800401,2,28,60.0,40.5
208565,2,101,148.0,18.0
209300,2,160,80.0,20.5
212262028,2,29,247.5,166.5
212526912,2,5,67.5,344.0
212689019,2,40,104.0,179.0
213014559,2,74,157.0,0.0
200243,2,25,56.5,291.0
15740819,2,43,150.0,7.5
15743237,2,16,64.0,0.0
15757322,2,66,220.5,153.0
15778416,2,0,142.5,0.0
15788530,2,3,60.0,0.0
15789646,2,77,125.0,328.5
15820210,2,61,55.0,36.5
15820708,2,16,205.0,183.5
15872352,2,37,37.0,64.5
15895218,2,3,98.0,0.0
15908653,2,270,140.0,309.5
214329835,2,3,69.0,211.5
15235299,2,78,57.5,0.0
15266695,2,127,81.5,226.0
15310048,2,14,41.5,177.0
15486514,2,7,65.0,0.0
15615036,2,26,46.5,0.0
15647614,2,56,125.0,60.5
15688520,2,50,595.0,63.5
15724675,2,25,77.5,0.0
15733420,2,202,152.5,318.5
211638781,2,62,82.5,47.5
211860521,2,10,100.0,171.5
211895243,2,27,101.0,63.5
211941129,2,21,62.5,23.5
212147885,2,23,150.0,166.0
212157854,2,33,40.0,70.0
15034908,2,88,228.0,103.5
15049077,2,16,55.0,150.0
15055897,2,4,100.0,0.0
15089968,2,100,252.5,243.0
15102235,2,88,132.5,70.0
15147054,2,42,76.0,174.0
15175378,2,126,147.5,75.0
15185649,2,134,115.5,121.5
2086035,2,11,162.5,133.5
2093557,2,7,90.0,13.0
2096690,2,47,200.0,119.5
213604995,2,94,80.0,314.0
213795822,2,60,46.0,315.0
214095681,2,64,69.5,14.0
214135354,2,141,72.5,296.0
214187963,2,2,217.5,141.0
215128544,2,5,48.5,167.0
215273760,2,51,65.0,163.0
215385823,2,15,300.0,202.0
187912,2,70,167.5,13.0
188896,2,153,136.5,214.0
191324,2,80,70.0,52.0
193488,2,14,135.0,254.5
14598000,2,0,129.5,306.0
14759766,2,133,218.5,155.0
14811787,2,14,118.0,342.0
14847501,2,0,205.0,0.0
14855509,2,33,110.0,212.0
14911623,2,2,150.0,87.5
14935858,2,104,77.5,13.5
14942276,2,244,222.0,234.5
15009272,2,225,46.5,240.0
14214034,2,109,88.5,270.5
14234166,2,54,64.5,70.5
2128778,2,113,57.5,57.0
2129777,2,31,116.0,90.0
14325632,2,30,260.0,166.5
14364462,2,12,96.0,17.0
14399467,2,95,220.0,0.0
14413778,2,1,553.5,181.5
14487073,2,93,200.0,261.5
14515065,2,79,128.0,197.5
14559352,2,65,122.5,28.0
14563616,2,5,232.0,126.0
14565422,2,162,462.5,265.5
14577537,2,78,110.0,55.5
195137,2,146,331.0,325.0
214863971,2,38,38.5,40.5
216437098,2,16,125.0,161.0
216519008,2,10,88.0,5.0
216586866,2,13,101.0,15.0
216917414,2,28,60.0,0.0
185394,2,5,87.5,0.0
185745,2,26,250.0,158.5
186084,2,23,205.0,155.5
13888249,2,18,172.5,79.0
13917921,2,39,58.5,315.5
13933851,2,13,45.0,0.0
13954138,2,0,48.5,15.5
14019268,2,238,107.5,314.0
14046692,2,6,47.5,0.0
14104350,2,53,102.5,347.0
14120985,2,34,109.5,22.0
14131713,2,3,85.0,171.0
217836856,2,82,187.5,232.5
217844544,2,99,80.0,132.0
179246,2,61,294.0,144.0
181376,2,376,102.5,326.0
13664245,2,46,41.5,316.5
13667779,2,36,50.0,312.5
13713605,2,81,115.0,204.0
13731605,2,144,241.0,238.0
13788158,2,132,237.5,126.0
13795760,2,0,105.0,0.0
13813923,2,35,55.0,293.0
13878635,2,21,120.0,213.0
2134232,2,37,97.5,0.0
2141311,2,0,217.5,0.0
215891351,2,30,51.5,58.0
216090534,2,76,147.5,249.5
13442714,2,23,146.5,42.5
13451939,2,260,133.5,205.5
13462855,2,68,172.5,140.5
13480762,2,23,40.0,24.0
13492085,2,9,150.0,0.0
13499885,2,7,90.0,0.0
13500337,2,2,60.0,271.5
13501341,2,163,71.0,85.0
13501779,2,14,85.0,0.0
13503154,2,45,152.5,271.5
13547493,2,55,179.5,108.5
2163625,2,0,92.5,0.0
217332035,2,2,38.0,362.0
217484432,2,9,115.0,304.0
217595343,2,4,65.0,117.0
217642173,2,3,203.0,111.0
218300937,2,3,129.5,134.0
218335154,2,3,250.0,360.0
218526982,2,11,142.5,3.0
218883687,2,15,87.5,364.5
218986739,2,0,79.0,312.5
219104513,2,8,46.0,129.0
219347424,2,7,150.0,262.5
176903,2,4,510.0,364.0
177846,2,74,130.0,10.0
13125944,2,3,69.0,0.0
13126043,2,30,117.0,50.0
13143585,2,1,152.5,0.0
13345581,2,30,74.5,0.0
13358864,2,6,62.0,0.0
13373889,2,41,139.5,84.5
13408910,2,12,61.5,0.0
173980,2,194,252.5,232.5
173997,2,19,42.5,0.0
220060177,2,14,72.5,363.5
12810839,2,33,90.0,0.0
12838834,2,10,85.0,0.0
12864943,2,2,95.0,0.0
12879538,2,124,105.0,341.0
12972780,2,39,90.0,182.0
13063145,2,317,168.0,302.5
13089912,2,17,239.5,143.0
2180581,2,22,92.0,0.0
13098292,2,4,55.0,0.0
182461,2,102,74.5,4.5
217996544,2,0,224.0,272.0
218116366,2,9,75.0,89.0
218300830,2,135,100.0,269.0
12515888,2,42,114.5,259.5
12528835,2,40,107.5,83.5
12531773,2,132,65.0,132.0
12549759,2,3,210.0,35.0
12556197,2,82,78.0,79.5
12586492,2,186,133.0,216.0
12618858,2,10,100.0,87.5
12680161,2,109,212.5,39.5
12715154,2,3,115.0,106.0
12738054,2,125,162.5,136.5
219499219,2,8,67.5,14.0
219548549,2,4,127.0,365.0
219717193,2,22,59.0,7.5
219848970,2,30,334.5,176.0
219930693,2,20,90.0,134.5
170510,2,557,135.0,7.0
12293403,2,56,117.5,98.5
12302104,2,250,72.5,244.5
12327430,2,272,108.5,137.0
12337318,2,66,135.0,90.5
2222500,2,27,80.0,118.0
12342828,2,178,84.0,9.5
12348871,2,87,132.5,10.5
12358203,2,48,85.0,5.5
12358955,2,298,92.5,290.0
12366541,2,459,124.0,192.5
12404709,2,57,200.0,12.5
12446529,2,57,49.5,170.0
12449641,2,3,115.0,0.0
12459436,2,26,84.0,173.0
2206506,2,110,137.0,323.5
2208374,2,11,85.0,142.0
220480440,2,36,50.0,95.0
220601248,2,47,70.5,6.5
220865756,2,0,87.0,26.0
168417,2,250,110.0,257.5
168525,2,284,69.0,56.5
221434490,2,45,47.0,248.0
2236212,2,11,145.0,134.0
12156706,2,5,207.5,0.0
12171344,2,13,135.0,14.5
12190039,2,20,105.0,17.0
12212944,2,9,41.0,14.0
12213641,2,81,74.5,14.5
12233355,2,5,140.0,0.0
12245536,2,8,39.5,0.0
12258594,2,18,70.0,103.5
12276549,2,0,262.5,4.0
11742675,2,31,100.0,18.0
11769840,2,50,60.0,29.0
11774630,2,400,255.0,33.5
11822196,2,86,74.0,0.0
11824700,2,16,157.5,0.0
11880311,2,9,94.0,0.0
11948817,2,102,150.0,297.0
11975404,2,23,61.0,0.0
11998560,2,81,114.0,72.0
12098551,2,5,157.5,0.0
12104046,2,73,117.5,157.0
12123995,2,74,230.0,222.5
12128527,2,38,182.5,153.0
12129877,2,219,115.0,279.5
12145783,2,140,147.0,226.5
220129825,2,78,155.0,214.0
221901576,2,16,335.0,99.0
221934669,2,65,234.5,0.0
222049462,2,56,57.5,87.5
222077787,2,18,92.0,10.5
156959,2,1,154.5,0.0
157795,2,15,43.5,0.0
158739,2,5,85.5,40.5
11540159,2,4,64.0,0.0
11554193,2,23,53.5,19.0
11555258,2,9,55.0,7.0
11571496,2,207,116.0,5.0
11638358,2,100,235.0,135.5
11670284,2,48,120.0,225.0
11672284,2,0,169.5,48.5
11713422,2,2,212.0,0.0
11725608,2,277,52.0,215.0
2267153,2,846,81.5,7.0
11272233,2,206,59.0,238.5
11274299,2,6,149.0,0.0
11297371,2,80,50.0,292.5
11306615,2,3,252.5,31.0
11307033,2,109,175.0,17.5
11308807,2,0,61.0,0.0
11309985,2,10,55.0,0.0
11313668,2,34,50.0,120.5
11365400,2,113,70.0,2.0
11370189,2,2,182.5,13.0
11457662,2,28,42.5,0.0
11501945,2,25,81.0,0.0
11523011,2,10,57.5,205.0
221574115,2,0,27.5,0.0
221595358,2,70,114.5,323.0
11018460,2,19,167.5,144.0
2267864,2,476,185.5,166.5
2268393,2,137,57.5,97.5
2270624,2,145,141.0,167.5
2272846,2,33,66.5,227.5
11039974,2,5,499.0,0.0
11068937,2,25,125.0,0.0
11070120,2,33,42.5,226.0
11091997,2,51,117.0,23.0
11099966,2,111,51.0,17.5
11107448,2,3,62.5,0.0
11123552,2,27,50.0,42.5
11127879,2,0,99.5,268.0
11160340,2,1,90.0,4.5
11206175,2,27,66.5,344.0
2264902,2,19,287.5,0.0
222430446,2,92,89.0,5.5
222480912,2,7,61.0,62.5
222559543,2,59,38.5,191.5
222755851,2,7,127.5,88.0
222779801,2,21,102.5,120.0
222886357,2,44,34.0,0.0
149430,2,114,120.0,305.0
10846328,2,13,120.0,0.0
10860700,2,11,125.0,75.5
10873558,2,0,105.5,16.0
10909829,2,201,160.0,294.0
10910171,2,257,135.0,133.5
10966079,2,170,77.5,114.5
10972334,2,14,137.0,44.0
10992588,2,585,121.0,53.0
11010205,2,6,102.0,182.5
10630723,2,353,177.0,248.5
10653881,2,13,110.0,0.0
2300134,2,287,82.5,23.0
10664416,2,36,182.5,157.5
10672341,2,6,147.5,0.0
10674441,2,5,125.0,241.0
10676792,2,9,85.0,0.0
10679309,2,9,140.0,4.0
10698270,2,223,95.0,225.5
10775192,2,0,57.5,44.0
10795846,2,218,79.0,0.0
10828579,2,12,120.0,0.0
2276842,2,24,66.0,44.0
2282450,2,132,241.0,149.5
222288328,2,40,66.0,327.5
222424429,2,34,46.0,55.5
223191465,2,45,160.0,102.0
223574944,2,4,37.0,339.5
224204301,2,78,60.0,314.5
143460,2,11,55.0,4.0
147513,2,131,237.5,33.5
148108,2,41,566.5,213.0
224315550,2,66,90.0,67.0
2305978,2,214,180.0,107.5
10549144,2,60,162.0,62.5
10556524,2,2,119.0,0.0
10558652,2,43,235.0,71.0
10575680,2,12,84.0,0.0
10577784,2,108,103.0,155.5
10580223,2,3,70.5,138.5
10590692,2,212,424.5,145.5
10606156,2,0,125.0,88.5
10371008,2,11,105.0,273.0
10373779,2,7,55.0,0.0
10387304,2,38,212.5,249.0
2312420,2,35,162.5,220.5
10402380,2,275,55.0,64.0
10414799,2,21,75.0,57.0
10415735,2,3,225.0,355.5
10437339,2,18,235.0,99.0
10440477,2,3,65.0,0.0
10456845,2,4,82.5,0.0
10525320,2,110,82.5,223.5
10528287,2,415,187.0,216.0
10545382,2,141,133.5,82.5
2300366,2,2,97.5,6.0
153675,2,110,115.0,92.5
223032162,2,24,119.5,1.5
224513581,2,2,28.0,250.0
224614531,2,4,200.0,50.0
224637257,2,20,75.0,161.0
224655849,2,2,115.0,0.0
224850313,2,15,69.0,181.5
225025900,2,8,70.0,360.5
225261197,2,110,95.0,254.5
225291555,2,7,80.0,154.0
2329581,2,15,132.5,0.0
10297692,2,100,400.0,283.5
10304755,2,150,115.0,2.0
10307134,2,68,192.5,86.5
10312167,2,129,237.5,303.0
10352213,2,26,50.0,0.0
10353278,2,116,288.0,49.0
10364678,2,94,47.5,188.0
226503876,2,27,67.5,235.0
226664611,2,55,72.0,305.0
2339049,2,311,75.0,128.0
10129919,2,385,77.5,253.0
10162529,2,93,282.0,357.0
10191995,2,142,90.0,113.5
10193030,2,3,82.5,133.0
10220753,2,45,95.5,29.5
10231747,2,239,162.5,312.0
10243387,2,45,110.5,299.0
10257350,2,16,52.5,48.0
10262649,2,65,127.5,0.0
10273704,2,151,150.0,21.0
2326551,2,48,110.0,99.0
224340103,2,5,77.5,75.5
224489730,2,2,139.5,33.5
227872371,2,128,82.0,276.5
228571016,2,3,242.5,89.0
228608906,2,9,65.0,362.0
130023,2,68,140.0,262.5
2347382,2,292,70.0,321.5
9880191,2,7,187.5,4.0
9947836,2,87,57.5,14.5
9989761,2,362,63.0,162.5
9991075,2,27,152.5,0.0
10014644,2,115,80.0,150.0
10055751,2,14,95.0,0.0
10109608,2,18,110.5,0.0
10120673,2,7,200.0,182.0
2332618,2,229,124.0,274.0
225513415,2,43,70.0,21.0
226414996,2,1,90.0,20.0
9646150,2,247,57.5,43.0
9647066,2,100,52.0,338.0
9671470,2,135,137.0,3.0
9725785,2,259,83.5,126.0
9743617,2,215,126.5,269.5
9745149,2,15,62.5,309.5
9804931,2,5,135.0,2.5
9835167,2,7,92.5,0.0
9843389,2,3,87.5,143.5
9848712,2,175,85.0,234.0
137974,2,351,120.0,166.5
226715173,2,3,132.0,365.0
226927431,2,30,120.0,41.0
227165735,2,0,169.0,91.5
227520154,2,13,67.5,280.0
227818501,2,17,130.0,227.5
9372363,2,16,65.0,180.5
9372538,2,167,159.0,83.5
9420910,2,12,140.0,152.0
9427289,2,164,132.5,126.0
9484908,2,13,47.0,71.0
9503685,2,5,122.5,0.0
9509269,2,175,61.0,299.5
9510645,2,332,160.5,258.0
9522475,2,119,455.0,332.0
9524360,2,303,171.5,247.0
9630772,2,10,134.5,6.0
9630989,2,133,55.0,1.5
9632747,2,230,136.0,361.5
9638204,2,4,102.5,63.0
2350326,2,5,105.0,15.5
2355573,2,82,62.0,174.0
229142922,2,1,190.0,89.0
229288524,2,6,128.0,187.5
229309933,2,9,54.5,227.5
229381517,2,0,250.0,166.5
229421782,2,8,39.0,73.5
229469300,2,5,57.5,4.5
229554591,2,2,49.0,0.0
229637274,2,21,36.0,67.5
229739739,2,0,85.0,176.0
128447,2,3,210.0,18.5
2373229,2,160,33.5,9.0
9306976,2,60,64.5,105.0
9328763,2,0,138.0,0.0
9339714,2,156,157.5,135.0
9346894,2,194,107.0,361.0
9361557,2,164,57.5,0.0
2385790,2,5,74.5,0.0
9215509,2,10,207.5,266.5
9217610,2,50,175.0,45.5
9226879,2,7,105.0,228.0
9229108,2,16,188.0,70.0
9234456,2,173,80.0,0.0
9235481,2,3,45.0,0.0
9263105,2,2,47.5,40.5
9265204,2,8,155.0,193.5
9268805,2,51,77.5,180.5
9271872,2,179,90.0,92.5
9288052,2,17,55.0,0.0
9295237,2,2,1065.0,0.0
2370813,2,57,124.5,251.5
2373120,2,11,82.5,329.5
229104353,2,0,80.5,325.5
230192818,2,29,140.0,47.5
230230484,2,3,90.0,182.5
230527676,2,5,120.0,365.0
230698955,2,1,37.0,0.0
231212364,2,16,118.0,132.5
9040879,2,20,487.5,352.0
9051298,2,31,87.5,0.0
9053876,2,77,162.5,184.5
9072771,2,19,94.5,255.5
9123131,2,45,74.5,0.0
9132087,2,22,133.5,0.0
9148721,2,11,60.0,0.0
9166253,2,1,62.5,0.0
9208421,2,136,90.0,14.5
9209691,2,142,230.0,272.5
2377104,2,595,225.0,202.0
114574,2,10,97.0,34.0
8904815,2,49,61.0,284.5
8925493,2,3,60.0,227.0
8925763,2,229,110.0,322.5
8934751,2,25,200.0,143.0
8977158,2,245,187.0,218.0
8993896,2,10,129.0,11.0
8997485,2,66,64.5,224.5
8998154,2,135,94.0,32.0
9010955,2,74,137.5,28.0
9030453,2,34,69.0,218.5
2388537,2,39,102.5,2.5
2389885,2,114,130.0,23.0
2400932,2,131,117.0,220.5
230049837,2,11,94.0,11.0
230108889,2,8,44.5,55.5
8697041,2,4,75.0,0.0
8732694,2,449,130.0,129.5
8783166,2,16,110.0,364.5
8816087,2,0,153.0,0.0
8833885,2,92,142.5,50.5
8834412,2,2,100.0,285.5
8857758,2,28,99.0,151.5
8859112,2,37,144.5,302.0
8873293,2,22,65.0,87.5
8893700,2,8,217.0,60.0
2407024,2,14,237.5,125.0
119588,2,161,280.0,236.5
231272145,2,1,80.0,0.0
231959634,2,56,50.0,26.5
232622663,2,12,39.0,0.0
232778333,2,9,27.0,209.5
8457214,2,4,87.5,0.0
8481125,2,31,120.0,225.5
8503180,2,24,1500.0,268.0
8551260,2,42,125.5,0.0
8552126,2,206,61.5,11.5
8569221,2,90,99.5,201.0
8593113,2,32,65.5,199.5
8594019,2,6,50.0,0.0
8595112,2,15,145.0,0.0
8616291,2,232,69.0,55.0
8630543,2,33,115.0,185.5
8636732,2,1,50.5,0.0
8663057,2,94,145.0,130.0
2417692,2,18,85.0,155.5
2422554,2,51,84.5,20.0
2423067,2,71,127.5,0.0
8253604,2,350,88.5,163.5
8255336,2,17,83.5,34.5
8265050,2,399,99.0,97.5
8288491,2,4,67.5,46.0
8292927,2,181,135.0,65.0
2431149,2,20,59.0,0.0
8308648,2,7,67.5,0.0
8312378,2,187,204.0,256.0
8314981,2,21,350.0,0.0
8366233,2,63,54.5,29.0
8381084,2,57,135.0,60.0
8435480,2,156,165.0,54.0
8441265,2,4,122.5,0.0
8452695,2,47,52.0,303.5
8455776,2,146,107.5,133.5
8456000,2,28,175.0,134.5
233485864,2,56,40.0,324.0
233732841,2,25,92.5,79.5
233755743,2,10,60.0,235.5
234090781,2,5,45.0,72.0
234111066,2,1,107.5,0.0
234338206,2,13,140.0,0.0
234396332,2,37,99.0,142.0
234483148,2,42,86.0,181.0
235115405,2,21,67.5,8.5
8136206,2,139,54.0,296.5
8182126,2,3,142.0,0.0
8200820,2,25,47.5,96.5
8207362,2,22,72.5,68.0
8232441,2,16,65.0,7.0
8237570,2,28,287.5,364.0
8245652,2,12,90.0,0.0
7958923,2,356,195.0,175.0
7989399,2,16,57.5,139.5
8000315,2,514,100.0,260.0
8013034,2,33,79.0,300.0
8013847,2,62,130.0,257.5
8071107,2,99,134.5,20.0
8072802,2,355,149.0,159.0
8111912,2,96,595.0,357.0
8112314,2,125,107.0,317.0
8113165,2,5,90.0,120.0
8113248,2,0,400.0,0.0
8119817,2,1,97.5,72.0
2446219,2,515,73.5,269.5
233227636,2,17,40.0,94.0
233422217,2,1,89.0,328.0
233423542,2,0,67.5,0.0
236187116,2,0,70.0,18.5
236432765,2,17,125.0,330.0
236530772,2,1,70.0,16.5
236572440,2,0,340.0,331.0
236668588,2,13,112.5,110.5
237421509,2,5,50.0,0.0
237668552,2,15,142.5,66.5
237729032,2,1,50.0,352.5
7848317,2,8,110.0,0.0
7848968,2,380,78.0,3.0
7849107,2,1,62.5,0.5
7853594,2,31,298.0,7.0
7853731,2,3,127.5,109.0
7860852,2,10,150.0,0.0
7918430,2,38,256.0,292.0
7943066,2,14,92.5,64.0
7714918,2,195,44.5,51.5
7718759,2,45,51.0,13.0
7727013,2,63,213.0,150.0
7737249,2,124,287.5,317.5
7772526,2,29,140.0,234.5
7784911,2,10,172.5,94.0
7799229,2,42,124.0,135.5
7801481,2,12,94.5,165.5
7824337,2,40,117.5,80.5
7832790,2,9,90.0,69.5
2462590,2,53,262.5,217.5
2464187,2,17,45.0,0.0
2466294,2,11,125.0,361.0
2468616,2,10,95.0,189.5
235305665,2,8,67.0,64.5
235548617,2,54,55.0,17.5
238733096,2,7,137.5,252.5
239519185,2,59,95.0,195.5
240207968,2,0,128.0,182.5
240239465,2,11,35.0,157.0
241258373,2,2,149.0,96.5
7573341,2,350,210.0,296.5
7580102,2,9,194.5,85.0
7610841,2,112,245.0,280.0
7615002,2,47,100.0,3.0
7633037,2,1,125.0,36.5
7650414,2,60,274.5,39.0
7658248,2,154,85.0,0.0
7665324,2,69,123.0,156.0
7691518,2,275,83.5,241.0
7706697,2,30,137.5,168.5
7714461,2,22,65.0,156.0
7389707,2,14,120.0,0.0
2487882,2,1,135.0,0.0
7427325,2,21,290.0,0.0
7441368,2,27,175.0,201.5
7451917,2,7,90.0,265.0
7455706,2,102,85.0,7.5
7460434,2,115,120.0,131.0
7465567,2,4,265.0,1.5
7475363,2,138,130.5,273.0
7475578,2,29,77.5,101.0
7499240,2,79,100.0,314.0
7539044,2,75,275.0,185.5
7544635,2,0,152.5,88.5
7556128,2,14,195.0,22.5
7558452,2,619,260.0,242.5
102525,2,41,67.5,327.5
241676154,2,1,29.5,234.5
241694782,2,7,150.0,68.0
241870258,2,12,77.5,0.5
241945355,2,5,167.5,364.0
241963980,2,26,66.0,228.5
92788,2,228,219.0,285.0
93790,2,249,319.5,137.5
7225691,2,225,232.5,334.0
7230698,2,23,96.0,63.0
7252221,2,11,52.5,10.5
7252535,2,293,85.0,115.5
7305006,2,20,59.5,99.0
7324189,2,9,225.0,112.5
7335887,2,41,125.0,93.5
7377615,2,1,80.0,0.0
7379093,2,187,414.5,155.0
2514859,2,4,65.0,0.0
7130003,2,29,209.5,220.5
7130382,2,10,50.0,215.5
7139819,2,5,214.5,0.0
7141050,2,22,66.0,24.5
7147060,2,16,97.5,90.0
7181263,2,201,93.0,96.5
7182180,2,11,82.0,322.5
7186760,2,2,92.5,27.0
7195403,2,99,117.0,19.0
7202402,2,108,297.5,329.0
7203997,2,166,574.5,308.5
7217937,2,23,47.5,153.5
94669,2,79,53.0,16.0
241454071,2,5,35.0,43.0
241565326,2,27,47.0,206.0
243875619,2,42,48.0,249.5
87773,2,301,125.0,224.0
87988,2,2,125.0,8.0
2522815,2,4,142.5,162.5
6955481,2,6,175.0,0.0
6961443,2,3,70.0,0.0
6971106,2,4,86.0,0.0
6984488,2,50,150.0,312.5
7021059,2,0,104.5,0.0
7039396,2,221,79.0,256.5
7050126,2,22,900.0,45.0
7051379,2,114,83.5,95.5
7073209,2,62,145.0,311.0
7076239,2,193,325.0,224.0
7097558,2,464,62.5,11.5
7112116,2,141,284.0,345.5
6776157,2,107,100.0,349.0
6778614,2,19,76.0,0.0
6786361,2,26,65.0,306.0
6787261,2,58,127.5,0.0
6790229,2,3,132.5,284.0
6841194,2,462,162.0,240.0
6842719,2,10,135.0,209.5
6897051,2,7,229.5,181.0
6897064,2,1,68.5,0.0
6900478,2,9,90.0,68.5
6933112,2,0,116.0,0.0
2518984,2,87,150.0,183.5
2520125,2,280,70.5,40.5
243026919,2,30,82.0,46.5
243489304,2,31,94.0,178.5
243660343,2,1,129.5,217.0
244544373,2,1,100.0,365.0
244804004,2,13,94.0,12.0
245002893,2,5,56.0,179.0
245013643,2,0,207.5,339.0
83257,2,110,114.0,348.0
6642777,2,746,105.0,64.0
6677425,2,134,45.0,57.5
6697886,2,1,64.0,0.0
6701890,2,1,222.5,38.0
6706914,2,2,51.5,0.0
6726364,2,8,240.0,0.0
6752799,2,1,47.5,109.0
6754169,2,40,225.0,0.0
6757221,2,4,90.0,127.0
6762247,2,14,97.5,0.0
6762657,2,66,51.0,356.0
2558779,2,92,55.0,312.5
6524294,2,5,425.0,354.0
6542295,2,77,105.0,20.0
6555513,2,1,262.0,0.0
6570630,2,0,50.0,41.5
6571805,2,82,89.5,336.0
6584607,2,51,94.0,10.0
6586128,2,37,65.5,111.5
6600505,2,24,80.0,126.5
6600911,2,12,35.0,70.0
6602545,2,1,105.0,19.5
6630815,2,410,52.0,25.5
6632440,2,11,80.0,348.5
244438661,2,4,162.5,0.0
244453286,2,26,147.5,78.5
244536777,2,0,225.0,202.5
6375533,2,343,132.0,85.0
6386894,2,17,97.5,9.0
6387355,2,61,81.5,299.0
6394738,2,18,120.0,0.0
6410979,2,6,109.0,0.0
6441887,2,10,77.5,0.0
6447195,2,36,111.0,2.5
6465286,2,135,140.0,37.0
6465781,2,1,340.0,32.5
6471461,2,499,57.5,342.5
6472334,2,23,104.0,0.0
6480134,2,19,65.0,131.5
6484652,2,28,93.5,0.5
6502531,2,15,92.0,44.0
6503950,2,18,45.0,155.5
6513281,2,56,499.5,166.0
245886857,2,0,80.0,364.5
246222122,2,9,209.0,288.5
246290852,2,8,115.0,253.5
246331794,2,34,310.0,241.5
246680134,2,17,91.0,37.0
247104282,2,4,150.0,222.0
78251,2,0,125.0,187.5
2581995,2,39,43.5,8.5
6228539,2,16,87.5,328.0
6263244,2,37,73.0,352.5
6270968,2,13,51.0,210.0
6280254,2,300,154.0,231.5
6309691,2,286,144.0,80.0
6312248,2,79,157.5,40.0
6319915,2,247,74.5,21.0
6346333,2,29,230.0,0.0
248122395,2,4,425.0,356.0
248314431,2,27,75.0,66.5
248421148,2,4,80.0,286.0
248555214,2,17,80.0,10.5
249291429,2,4,45.0,135.0
5977578,2,3,185.0,99.0
6032480,2,238,60.0,59.0
6048765,2,7,76.5,87.5
6049738,2,13,85.5,0.0
6111084,2,46,109.5,30.0
6112537,2,7,90.0,0.0
6119933,2,25,149.5,5.5
6122006,2,103,85.0,0.0
6136511,2,32,89.0,261.0
6146050,2,0,91.0,0.0
245258532,2,18,40.0,20.0
5851210,2,460,122.5,48.5
5855145,2,174,97.5,344.5
5879729,2,17,78.5,26.5
5887081,2,197,105.0,236.5
5889721,2,12,51.0,217.5
5908577,2,365,202.5,159.0
5909599,2,32,142.5,47.5
5918341,2,102,144.0,41.0
5927702,2,40,190.5,180.0
5959653,2,240,100.0,278.5
2588427,2,81,225.0,80.0
2589436,2,15,60.0,0.0
5973406,2,30,85.0,278.5
247446830,2,29,68.5,41.5
247628698,2,9,130.0,154.5
247673988,2,34,52.0,163.5
5707158,2,25,59.5,0.0
5717334,2,6,132.5,0.0
5726293,2,22,105.0,17.0
5731898,2,36,145.0,0.0
5738733,2,399,72.0,209.5
5751765,2,93,141.0,161.5
5753744,2,3,86.0,0.0
5760970,2,34,175.0,364.0
5790236,2,48,260.0,153.5
5810195,2,59,40.5,295.0
5822377,2,17,119.0,0.0
5828830,2,25,50.0,0.0
5832321,2,61,125.0,133.5
2594243,2,3,200.0,94.0
2597159,2,78,207.5,15.5
2604437,2,42,180.0,56.5
251430918,2,21,93.0,65.5
251625546,2,15,65.0,321.5
66286,2,5,110.0,0.0
66329,2,129,169.5,87.0
67778,2,241,75.0,80.5
68428,2,53,63.5,336.0
2637408,2,237,127.0,119.5
5586949,2,245,280.0,8.5
5597411,2,0,124.5,72.5
5611600,2,5,93.5,0.0
5619749,2,2,50.0,298.0
5634395,2,174,56.0,0.0
5637331,2,2,129.0,0.0
5650180,2,32,45.0,194.5
5652395,2,14,95.0,364.0
5696628,2,37,118.0,29.0
5409243,2,7,100.0,2.0
5414067,2,423,165.0,239.0
2645592,2,124,140.0,358.5
5440087,2,4,299.0,87.0
5443000,2,50,204.5,1.0
5497326,2,2,290.0,39.5
5499953,2,12,175.0,365.0
5515591,2,288,173.5,79.5
5523186,2,9,750.0,271.5
5532810,2,141,60.0,140.5
5555793,2,6,102.5,0.0
2628658,2,2,120.0,22.5
2636827,2,8,215.0,0.0
249479517,2,13,45.0,194.5
249588074,2,1,77.0,234.5
251229393,2,5,139.0,196.5
5243122,2,287,127.5,235.5
5258749,2,18,210.0,36.5
2653648,2,103,130.0,112.0
2657430,2,23,110.0,0.0
5278391,2,11,62.5,10.0
5281237,2,49,79.5,194.0
5283853,2,79,150.0,14.0
5302735,2,166,136.5,139.5
5317082,2,72,100.0,55.0
5326571,2,3,132.5,200.0
5340329,2,0,95.0,0.0
5341236,2,38,47.5,0.0
5342802,2,8,47.5,2.5
5352610,2,53,67.0,124.5
5369117,2,253,79.5,337.0
5391472,2,2,37.5,0.0
251969263,2,4,50.5,28.5
252356839,2,3,69.5,1.0
252636577,2,6,30.5,90.0
252646618,2,2,87.5,155.0
253118370,2,29,51.5,162.5
253304582,2,4,100.0,52.0
253354074,2,8,287.5,103.5
63588,2,148,240.0,148.5
63613,2,27,52.5,251.0
64442,2,522,82.0,65.5
5132258,2,47,140.0,32.5
5165749,2,7,650.0,86.5
5187497,2,2,50.0,0.0
5192686,2,96,87.5,0.0
5212097,2,13,187.5,0.0
5237407,2,94,89.5,10.0
255259069,2,2,132.5,258.5
61491,2,67,200.0,219.0
62734,2,6,119.5,249.0
62803,2,10,49.0,118.5
4936720,2,129,92.5,32.0
4967515,2,26,200.0,359.0
4983320,2,191,67.5,0.0
5037211,2,78,196.5,97.0
5064699,2,46,55.0,0.0
5072123,2,62,180.0,196.0
5074654,2,512,149.5,132.0
5075103,2,17,62.5,0.0
5076827,2,110,160.0,214.5
5109475,2,84,77.5,139.0
5120169,2,10,67.5,0.0
251839479,2,2,125.0,172.5
256743247,2,21,40.5,187.0
256921050,2,6,135.0,167.0
59358,2,90,132.5,35.5
59734,2,623,64.0,286.5
4769886,2,153,96.5,253.5
4797532,2,1,127.5,234.5
4811900,2,64,335.0,116.0
4821374,2,93,132.5,229.5
4878363,2,20,27.5,138.0
4887492,2,106,155.0,221.0
2675998,2,75,90.0,157.0
65804,2,52,102.0,16.5
253448038,2,20,275.0,61.0
253571094,2,12,70.0,335.5
254112876,2,11,90.0,174.5
254607256,2,0,250.0,182.5
4520673,2,71,70.0,109.5
2695451,2,231,68.5,14.0
4555996,2,68,107.5,182.5
4579626,2,256,51.5,127.5
4599027,2,0,100.0,365.0
4601412,2,333,75.0,148.5
4620141,2,14,34.0,0.0
4669488,2,2,55.0,63.5
4685913,2,4,90.0,0.0
4701443,2,429,68.0,280.5
4703687,2,1,120.0,0.0
4726371,2,63,122.5,14.5
255697979,2,0,200.0,349.5
256341094,2,6,249.0,169.0
256479489,2,1,54.0,340.0
256683560,2,5,59.0,358.5
257565053,2,0,147.0,161.5
257647514,2,2,200.0,15.0
257879526,2,1,57.0,339.5
258035043,2,36,48.0,242.5
258118351,2,3,117.5,55.5
258248138,2,9,60.0,169.5
259013161,2,3,119.5,112.5
56920,2,23,135.0,178.0
4463092,2,109,66.5,164.0
4464205,2,9,40.5,0.0
4467316,2,20,70.0,222.0
4471002,2,0,135.0,0.0
4481005,2,54,55.5,220.5
4482351,2,32,140.0,4.5
4492236,2,1,110.0,0.0
4500999,2,99,100.0,335.5
4391397,2,39,107.5,67.0
4393578,2,135,1015.5,111.5
4393626,2,132,114.0,20.5
4399103,2,58,360.0,8.5
4422415,2,12,190.0,361.0
4427689,2,191,129.0,112.0
4440548,2,172,105.0,119.5
2714164,2,54,68.5,142.5
259468466,2,16,89.0,175.0
259630588,2,29,124.5,10.0
52335,2,139,75.0,96.0
52826,2,0,152.5,51.0
53621,2,26,157.5,195.0
54712,2,0,245.0,140.0
259669775,2,9,124.5,94.5
257034143,2,6,200.0,170.0
260496218,2,1,80.0,249.5
260688089,2,5,60.0,156.5
46978,2,448,68.0,91.0
2739367,2,141,62.0,68.5
4313126,2,2,200.0,0.0
4317615,2,11,110.0,124.5
4318363,2,19,122.5,25.0
4324286,2,70,72.5,152.5
4333342,2,21,117.0,6.0
4335080,2,95,250.0,290.0
4352069,2,152,239.5,152.0
4354856,2,0,75.0,78.5
4358024,2,19,664.0,364.5
4361061,2,8,66.0,13.5
4365496,2,52,93.5,0.0
2723812,2,143,80.0,142.5
4249297,2,24,91.5,223.5
4260529,2,56,349.0,365.0
4265630,2,109,95.0,255.5
4267075,2,5,89.0,171.5
4277896,2,185,125.0,141.0
4279384,2,5,39.5,0.0
4282318,2,242,50.0,117.0
4284154,2,211,292.5,206.5
4296251,2,0,100.0,0.0
4297106,2,56,42.5,322.5
2730883,2,4,36.0,174.5
2736755,2,37,51.5,0.0
259816232,2,0,189.0,272.0
259826953,2,6,99.0,179.5
259880452,2,7,109.0,334.0
260072882,2,12,55.0,80.0
4154037,2,44,48.0,243.0
4162008,2,1,44.5,0.0
4165498,2,147,120.0,213.0
2766755,2,171,243.5,298.0
4180621,2,32,76.0,111.5
4181378,2,47,312.5,360.5
4185064,2,353,305.0,78.5
4185135,2,33,212.0,45.0
4194894,2,110,200.0,290.0
4195861,2,221,150.0,126.5
4205261,2,15,114.5,68.5
4218058,2,34,288.0,175.0
4227606,2,18,177.5,0.0
4232532,2,17,128.0,0.0
4239407,2,0,149.0,7.5
4243971,2,83,239.5,16.0
260891097,2,2,97.5,88.0
260895286,2,0,90.0,68.0
261007573,2,0,100.0,354.5
261028352,2,7,157.5,90.0
261627898,2,3,105.0,31.0
261779182,2,2,81.5,252.0
42273,2,468,135.0,236.5
4110677,2,5,150.0,218.5
4110869,2,14,50.0,362.0
4113106,2,77,62.5,186.0
4119786,2,1,42.5,0.0
4120523,2,86,89.0,1.0
4128829,2,48,68.5,200.5
4148248,2,342,110.0,29.5
4152479,2,6,160.0,0.0
4153233,2,43,141.0,0.0
2782391,2,14,100.0,0.5
4025420,2,21,112.5,7.5
4027689,2,76,135.0,16.0
4036685,2,70,199.0,322.0
4043259,2,234,74.0,123.0
4047395,2,42,87.5,172.5
4058709,2,46,200.0,146.0
4065620,2,2,185.0,321.0
4077292,2,57,67.5,348.5
4077993,2,9,270.0,1.0
4089207,2,86,202.5,300.5
4089511,2,99,222.5,76.5
4092307,2,11,162.5,98.0
2770596,2,3,110.0,115.5
48599,2,84,99.5,0.0
260821048,2,32,48.0,261.0
263322673,2,3,80.0,129.5
263676349,2,2,119.0,20.0
35375,2,42,140.0,364.0
35935,2,137,70.0,289.5
3900279,2,0,102.5,0.0
3905432,2,21,95.0,302.0
3910399,2,4,295.0,20.5
3912009,2,164,152.5,0.0
3942655,2,9,97.5,40.5
3952200,2,91,120.0,259.0
3959655,2,82,124.0,32.5
3967335,2,57,119.5,9.0
3968209,2,72,100.0,358.0
3977023,2,1,72.5,0.0
3989837,2,118,67.0,98.0
4013000,2,53,30.0,143.5
2807776,2,94,72.5,64.0
2807798,2,226,255.5,40.0
3819001,2,18,57.5,154.0
3850264,2,1,99.0,75.5
3856750,2,6,60.0,0.0
3861404,2,14,110.0,0.0
3864301,2,12,122.5,361.0
3868692,2,164,299.5,101.5
3882661,2,52,130.0,21.0
2788934,2,185,60.0,30.5
2795371,2,0,134.5,222.0
44145,2,349,95.0,15.5
262033253,2,5,65.0,175.0
262452748,2,16,87.0,171.5
262534951,2,10,3780.0,179.0
263282580,2,3,52.5,266.5
263883589,2,3,274.5,72.5
263957584,2,7,198.0,136.5
30529,2,195,182.5,183.0
33655,2,11,645.0,143.5
3740621,2,51,150.0,121.5
3740730,2,313,599.0,278.5
3752523,2,221,168.0,298.5
3757699,2,7,284.0,0.0
3758471,2,2,50.0,0.0
3772684,2,111,99.0,50.0
3773866,2,1,63.5,45.5
3778274,2,171,92.5,0.0
3792860,2,0,165.0,0.0
3801752,2,229,90.0,106.0
2801328,2,226,110.0,157.0
2802223,2,7,92.5,1.5
3672774,2,384,197.0,177.0
3673451,2,40,65.0,44.5
3692257,2,2,65.0,0.0
2829145,2,147,280.0,301.0
2838058,2,3,115.0,263.0
3695529,2,73,375.0,129.5
3699016,2,66,145.0,0.5
3703456,2,45,75.0,25.5
3710740,2,112,105.0,0.0
3714721,2,162,88.5,116.0
3718361,2,18,235.0,0.0
3722715,2,25,69.0,4.0
3726131,2,19,425.0,54.0
2808153,2,24,135.0,267.0
2814004,2,23,112.5,0.0
40100,2,233,109.0,19.0
264934283,2,5,307.5,324.0
265020897,2,1,273.0,42.0
265057419,2,0,69.0,363.0
25183,2,163,120.0,235.0
25326,2,34,82.5,177.0
25459,2,146,40.5,71.0
26640,2,59,187.0,346.0
27848,2,108,56.5,365.0
265288059,2,7,36.0,199.5
265422938,2,0,149.0,38.0
3619937,2,33,43.5,0.0
3625735,2,95,75.0,358.0
3644693,2,60,68.0,44.5
3656083,2,19,65.5,79.5
3663218,2,1,60.0,0.0
3671013,2,0,150.0,0.0
24222,2,13,66.0,3.0
266645207,2,0,75.0,180.0
3567433,2,34,45.0,67.5
3571431,2,9,252.5,203.0
3576466,2,194,122.5,43.0
3577509,2,352,92.5,144.0
3578009,2,71,145.0,139.5
3579116,2,69,195.0,41.5
3587751,2,609,170.0,345.0
3597769,2,2,80.0,94.5
3598306,2,16,85.0,364.0
3599088,2,15,89.5,0.0
3606458,2,7,600.0,361.5
2843998,2,61,117.0,189.5
264732469,2,7,60.0,174.5
264823783,2,3,52.5,117.5
2879920,2,52,69.0,90.0
2885704,2,225,34.0,15.5
3475005,2,391,86.5,332.0
3507099,2,11,145.0,323.0
3531317,2,390,122.5,212.5
3538661,2,62,390.0,170.0
3552711,2,115,100.0,253.5
2859516,2,242,95.0,35.0
2873394,2,21,60.0,157.0
265424495,2,7,100.0,140.5
265866685,2,2,223.5,179.0
265901814,2,0,125.0,127.5
266092932,2,3,254.0,278.0
266211707,2,0,185.0,176.0
22188,2,2,110.0,246.5
23633,2,2,75.0,0.0
267710728,2,3,79.0,261.5
267839371,2,1,110.0,359.0
267912902,2,1,59.5,179.0
268198789,2,1,58.0,331.5
17930,2,137,200.0,161.0
2888900,2,106,262.5,107.5
3371859,2,112,85.0,134.5
3392287,2,379,100.0,18.0
3393434,2,4,474.5,89.0
3398752,2,350,95.0,77.5
3417321,2,45,150.0,0.0
3436710,2,31,110.0,181.5
3447309,2,67,72.0,10.0
3447539,2,174,59.0,191.5
3467798,2,24,149.0,230.5
3471761,2,147,129.0,152.5
3289567,2,11,107.5,189.5
3290436,2,13,95.0,252.0
3312204,2,425,64.0,214.5
3315563,2,117,398.5,311.0
3317183,2,325,77.5,233.5
3323488,2,147,322.5,291.5
3333577,2,56,285.0,345.0
3346513,2,53,190.0,62.5
3360346,2,58,51.5,57.5
3363377,2,91,109.5,80.0
2886359,2,20,77.0,6.5
266749340,2,4,190.0,290.0
266992480,2,18,500.0,23.5
267144101,2,0,145.0,59.0
267272502,2,0,61.0,126.5
267405973,2,0,152.5,254.0
268352337,2,1,350.0,360.0
268468020,2,0,99.5,102.0
268585880,2,0,80.0,1.5
268757078,2,4,37.5,161.0
268896283,2,1,46.0,94.0
14444,2,0,138.0,0.0
15523,2,48,71.5,294.5
16866,2,41,142.0,38.0
3206521,2,14,265.5,16.5
3231109,2,61,85.0,235.5
3233986,2,177,53.5,254.0
3239771,2,19,41.5,261.0
3259274,2,39,105.0,156.5
3270460,2,171,100.0,36.5
3270796,2,7,125.0,32.5
3285978,2,8,50.0,0.0
272342845,2,0,140.0,348.5
3002665,2,18,162.5,226.0
3007815,2,141,57.0,81.0
3033622,2,207,75.0,148.0
3048319,2,12,275.0,172.0
3053987,2,53,78.5,0.0
3069794,2,17,62.5,170.5
2928701,2,12,252.5,181.5
2929756,2,302,55.0,129.0
269312373,2,0,270.0,348.5
269342470,2,1,83.5,29.5
269775225,2,0,112.5,365.0
269818817,2,2,225.0,144.0
270077888,2,3,73.0,89.5
270327975,2,0,156.5,50.0
270849897,2,0,70.0,127.5
4396,2,108,86.5,262.0
274012871,2,0,94.0,91.0
2948064,2,93,58.0,157.0
2961266,2,96,91.0,86.0
2967674,2,10,49.0,10.5
2967914,2,104,102.0,17.0
2968774,2,11,85.0,0.0
2971336,2,10,125.0,0.0
2974873,2,7,57.5,325.0
2979607,2,0,50.0,365.0
2981156,2,39,107.5,70.0
12221,2,493,50.0,273.5
271275048,2,0,117.0,304.0
271282883,2,0,104.0,54.0
272127488,2,0,67.5,144.5
272265577,2,0,50.0,139.0
274321313,1,0,125.0,31.0
2438,1,1,95.0,0.0
2571,1,27,182.0,23.0
2868,1,2,60.0,221.0
3151,1,1,69.0,179.0
3211,1,21,90.0,89.0
3415,1,4,59.0,365.0
3563,1,1,35.0,0.0
4632,1,0,150.0,365.0
4869,1,270,89.0,194.0
5089,1,43,151.0,220.0
273870123,1,0,55.0,178.0
273877318,1,0,140.0,90.0
274014453,1,0,75.0,90.0
274025920,1,0,59.0,16.0
273570019,1,0,75.0,359.0
273568164,1,0,198.0,152.0
273560024,1,0,88.0,7.0
273551058,1,0,55.0,129.0
273547720,1,0,170.0,360.0
273546395,1,0,165.0,364.0
273544738,1,0,176.0,324.0
273536212,1,0,50.0,339.0
273524881,1,0,158.0,70.0
273519401,1,0,299.0,168.0
273424772,1,0,200.0,156.0
273393150,1,0,28.0,24.0
273361532,1,2,110.0,15.0
273347409,1,0,430.0,42.0
273344288,1,0,180.0,57.0
8425,1,4,165.0,87.0
2965915,1,12,179.0,11.0
2965556,1,8,360.0,71.0
2965005,1,20,110.0,98.0
2964414,1,1,98.0,88.0
2964135,1,3,200.0,0.0
2962330,1,0,250.0,0.0
2961779,1,6,100.0,0.0
2960920,1,2,71.0,0.0
2960765,1,0,100.0,0.0
2960326,1,250,500.0,307.0
2957827,1,28,90.0,358.0
2955491,1,20,55.0,19.0
2955215,1,95,40.0,7.0
2954749,1,0,100.0,64.0
2954680,1,14,120.0,0.0
2954574,1,0,65.0,105.0
2979971,1,1,205.0,0.0
2978784,1,6,150.0,1.0
2977901,1,19,150.0,0.0
2977429,1,0,300.0,0.0
2974643,1,0,500.0,365.0
2973437,1,2,180.0,0.0
2972691,1,19,155.0,0.0
2972546,1,1,175.0,0.0
2970729,1,15,120.0,15.0
2970413,1,75,75.0,275.0
2970272,1,0,80.0,0.0
2969845,1,3,500.0,63.0
2968247,1,18,99.0,0.0
2967377,1,0,15.0,139.0
2966937,1,20,149.0,4.0
2966628,1,2,59.0,0.0
2947857,1,1,215.0,0.0
2946771,1,39,150.0,0.0
2946319,1,1,125.0,0.0
2946041,1,0,195.0,0.0
2945143,1,0,75.0,0.0
2943364,1,4,120.0,8.0
2943157,1,36,60.0,365.0
2941712,1,3,200.0,0.0
2939479,1,2,125.0,23.0
2938649,1,3,180.0,0.0
2938550,1,0,300.0,0.0
2938381,1,154,170.0,235.0
2938302,1,0,331.0,189.0
2938204,1,8,142.0,188.0
2937468,1,61,275.0,69.0
2981481,1,0,80.0,61.0
3002017,1,10,130.0,262.0
3001268,1,0,99.0,0.0
3000089,1,16,85.0,6.0
2999445,1,36,149.0,0.0
2995352,1,0,46.0,0.0
2994135,1,13,69.0,0.0
2994103,1,2,75.0,0.0
2993160,1,0,200.0,0.0
2992287,1,4,199.0,21.0
2992042,1,103,198.0,299.0
2989773,1,2,95.0,38.0
2989617,1,61,79.0,353.0
2983459,1,5,200.0,0.0
2983089,1,57,175.0,84.0
2982441,1,1,180.0,188.0
2981910,1,0,229.0,0.0
3016371,1,7,180.0,0.0
3013248,1,1,72.0,0.0
3013202,1,1,70.0,55.0
3012457,1,3,200.0,0.0
3011903,1,58,99.0,307.0
3011750,1,5,149.0,0.0
3011406,1,151,220.0,115.0
3010682,1,4,250.0,0.0
3010260,1,4,198.0,0.0
3008690,1,0,70.0,0.0
3006848,1,2,160.0,0.0
3003563,1,62,99.0,21.0
3003533,1,10,110.0,205.0
3002643,1,35,249.0,38.0
3002111,1,0,70.0,0.0
3002077,1,5,500.0,106.0
3034421,1,38,110.0,157.0
3033697,1,5,137.0,0.0
3030031,1,5,90.0,0.0
3029414,1,243,199.0,142.0
3028267,1,15,150.0,280.0
3025128,1,43,180.0,0.0
3024659,1,54,115.0,3.0
3023513,1,2,130.0,0.0
3022504,1,46,134.0,32.0
3020145,1,191,106.0,291.0
3019912,1,36,160.0,53.0
3019795,1,7,125.0,0.0
3019399,1,15,180.0,4.0
3018866,1,0,425.0,179.0
3017533,1,51,160.0,15.0
3016566,1,1,200.0,351.0
3051323,1,0,72.0,0.0
3050955,1,8,50.0,91.0
3047107,1,15,90.0,0.0
3046221,1,0,46.0,92.0
3044091,1,0,99.0,0.0
3043896,1,1,41.0,0.0
3043800,1,0,90.0,0.0
3043126,1,28,75.0,365.0
3041587,1,121,98.0,204.0
3040551,1,0,80.0,0.0
3040512,1,1,168.0,0.0
3040104,1,9,140.0,227.0
3039868,1,93,125.0,58.0
3039478,1,9,325.0,0.0
3039349,1,34,80.0,12.0
3035426,1,28,250.0,328.0
3068045,1,2,350.0,26.0
3065891,1,0,115.0,0.0
3064885,1,2,50.0,0.0
3063938,1,18,100.0,0.0
3062365,1,3,100.0,0.0
3061951,1,0,190.0,10.0
3059285,1,3,290.0,0.0
3057531,1,10,175.0,0.0
3056690,1,120,45.0,53.0
3055496,1,0,80.0,0.0
3054124,1,0,150.0,11.0
3053587,1,1,350.0,169.0
3053578,1,6,145.0,0.0
3053519,1,0,70.0,0.0
3053304,1,0,125.0,0.0
3052833,1,22,350.0,132.0
2933058,1,9,95.0,0.0
2932668,1,16,140.0,0.0
2932525,1,28,170.0,0.0
2931897,1,0,250.0,365.0
2931626,1,2,120.0,0.0
2930761,1,7,114.0,359.0
2930482,1,1,75.0,0.0
2930303,1,2,100.0,177.0
2929585,1,321,165.0,185.0
2928867,1,10,179.0,0.0
2928681,1,1,150.0,6.0
2928002,1,2,69.0,0.0
2927446,1,12,110.0,0.0
3068641,1,0,100.0,0.0
3068092,1,0,196.0,95.0
3068075,1,6,70.0,156.0
3083244,1,1,37.0,0.0
3082771,1,8,105.0,43.0
3081990,1,141,170.0,28.0
3078929,1,0,100.0,235.0
3078690,1,0,80.0,0.0
3078092,1,0,75.0,0.0
3076579,1,4,50.0,31.0
3075944,1,89,120.0,35.0
3075854,1,3,35.0,0.0
3074432,1,0,80.0,0.0
3074354,1,0,499.0,0.0
3073721,1,52,85.0,0.0
3073291,1,0,175.0,0.0
3073250,1,10,175.0,13.0
3072696,1,6,100.0,125.0
2934010,1,5,300.0,0.0
3097283,1,0,200.0,0.0
3096525,1,117,150.0,242.0
3095778,1,11,110.0,0.0
3094662,1,12,90.0,63.0
3094303,1,1,48.0,0.0
3092054,1,0,120.0,365.0
3091205,1,0,150.0,352.0
3089851,1,4,70.0,0.0
3088873,1,9,149.0,0.0
3088389,1,49,120.0,201.0
3088202,1,6,109.0,0.0
3086976,1,2,135.0,0.0
3086826,1,59,40.0,343.0
3086048,1,27,275.0,197.0
3084731,1,47,79.0,131.0
3084472,1,0,71.0,41.0
3116461,1,67,100.0,153.0
3116204,1,25,165.0,127.0
3115626,1,132,175.0,298.0
3114551,1,0,40.0,0.0
3114411,1,57,165.0,32.0
3113491,1,1,170.0,354.0
3108161,1,22,170.0,0.0
3107231,1,0,85.0,191.0
3106826,1,34,140.0,159.0
3105557,1,6,43.0,0.0
3104928,1,11,275.0,36.0
3104581,1,18,115.0,3.0
3104336,1,0,35.0,326.0
3102648,1,40,125.0,29.0
3100823,1,0,40.0,0.0
3097631,1,51,120.0,64.0
3130040,1,7,175.0,0.0
3129709,1,0,165.0,5.0
3129612,1,4,275.0,253.0
3129460,1,24,200.0,337.0
3129020,1,6,99.0,0.0
3129017,1,85,119.0,338.0
3126588,1,0,40.0,0.0
3125516,1,3,95.0,0.0
3125234,1,8,350.0,52.0
3123405,1,4,55.0,0.0
3121134,1,1,66.0,0.0
3120671,1,5,65.0,2.0
3120156,1,57,148.0,0.0
3119145,1,6,105.0,0.0
3118776,1,52,48.0,8.0
3117671,1,121,145.0,45.0
3141293,1,0,100.0,10.0
3140916,1,4,210.0,95.0
3139829,1,2,50.0,0.0
3138868,1,1,140.0,9.0
3137269,1,7,130.0,0.0
3137237,1,1,175.0,0.0
3136445,1,25,100.0,0.0
3136147,1,0,103.0,0.0
3136117,1,9,185.0,0.0
3135272,1,4,250.0,0.0
3131306,1,1,220.0,0.0
3131199,1,20,259.0,17.0
3130819,1,12,200.0,306.0
3130728,1,23,100.0,0.0
3130534,1,160,80.0,319.0
3130452,1,0,40.0,0.0
3150538,1,25,225.0,0.0
3149121,1,2,90.0,0.0
3148473,1,10,45.0,0.0
3148366,1,0,55.0,0.0
3148025,1,4,199.0,127.0
3147746,1,1,27.0,124.0
3147732,1,2,45.0,0.0
3147660,1,39,500.0,330.0
3147227,1,0,100.0,0.0
3146957,1,5,160.0,0.0
3146353,1,3,157.0,0.0
3145112,1,2,130.0,0.0
3143680,1,2,48.0,0.0
3143126,1,2,85.0,0.0
3142924,1,32,190.0,17.0
3142220,1,22,200.0,11.0
3166393,1,0,170.0,64.0
3166165,1,4,55.0,218.0
3165356,1,9,336.0,97.0
3164949,1,0,160.0,0.0
3163859,1,8,125.0,176.0
3163428,1,0,60.0,12.0
3161518,1,3,110.0,0.0
3160780,1,6,129.0,0.0
3159197,1,11,140.0,35.0
3158797,1,0,50.0,174.0
3158530,1,51,225.0,172.0
3156684,1,110,85.0,248.0
3156480,1,4,172.0,0.0
3155648,1,24,125.0,0.0
3152934,1,2,50.0,0.0
3150902,1,1,299.0,0.0
3182367,1,0,89.0,0.0
3181665,1,2,160.0,0.0
3181226,1,1,55.0,0.0
3180741,1,48,72.0,312.0
3180546,1,3,150.0,0.0
3179968,1,1,52.0,0.0
3179895,1,220,131.0,1.0
3179146,1,3,161.0,0.0
3175065,1,18,70.0,128.0
3174520,1,52,185.0,35.0
3171141,1,0,90.0,53.0
3169815,1,96,350.0,253.0
3168812,1,83,48.0,17.0
3167887,1,88,300.0,121.0
3167806,1,16,150.0,12.0
3166753,1,46,99.0,31.0
3198479,1,1,700.0,365.0
3196987,1,44,97.0,66.0
3196390,1,3,415.0,0.0
3194190,1,1,200.0,128.0
3191699,1,0,199.0,0.0
3189999,1,1,99.0,0.0
3188892,1,2,55.0,36.0
3187645,1,1,150.0,0.0
3187531,1,202,75.0,0.0
3186412,1,0,85.0,0.0
3186019,1,25,188.0,30.0
3185905,1,0,1500.0,0.0
3185760,1,14,85.0,16.0
3184878,1,1,150.0,0.0
3183818,1,6,55.0,0.0
3183567,1,0,75.0,0.0
3211592,1,37,85.0,5.0
3210626,1,0,200.0,0.0
3210447,1,2,45.0,0.0
3210260,1,8,210.0,0.0
3208908,1,3,245.0,35.0
3207402,1,7,110.0,125.0
3206715,1,3,640.0,18.0
3203693,1,1,100.0,7.0
3203397,1,105,350.0,0.0
3202935,1,17,350.0,33.0
3202825,1,11,119.0,143.0
3202437,1,4,130.0,35.0
3201625,1,2,1000.0,365.0
3200135,1,0,80.0,31.0
3199395,1,254,120.0,271.0
3199313,1,0,86.0,179.0
2926954,1,7,160.0,0.0
2926947,1,11,150.0,0.0
2926593,1,17,75.0,0.0
2926404,1,19,54.0,220.0
2925596,1,46,200.0,228.0
2924286,1,10,60.0,0.0
2921109,1,31,104.0,166.0
2921076,1,3,2000.0,0.0
2920976,1,23,150.0,0.0
2920855,1,8,175.0,0.0
2919467,1,62,229.0,36.0
2919299,1,3,175.0,15.0
2918667,1,1,100.0,0.0
2917387,1,120,84.0,224.0
2916281,1,2,60.0,0.0
2915668,1,0,65.0,0.0
3236741,1,5,172.0,4.0
3235547,1,43,250.0,347.0
3230788,1,22,200.0,283.0
3229099,1,16,50.0,324.0
3228992,1,1,150.0,27.0
3228795,1,3,60.0,0.0
3228429,1,6,65.0,72.0
3228421,1,47,205.0,262.0
3225114,1,3,350.0,365.0
3221735,1,28,115.0,38.0
3220590,1,0,95.0,0.0
3218951,1,5,22.0,5.0
3218399,1,1,150.0,264.0
3217480,1,14,138.0,13.0
3213737,1,8,50.0,280.0
3212890,1,52,160.0,27.0
3246916,1,2,250.0,0.0
3245898,1,18,150.0,68.0
3245596,1,4,175.0,0.0
3245480,1,4,109.0,0.0
3245431,1,29,234.0,302.0
3245072,1,5,175.0,0.0
3244298,1,8,95.0,146.0
3242525,1,1,120.0,0.0
3241323,1,3,175.0,87.0
3241305,1,43,99.0,0.0
3240340,1,7,55.0,0.0
3239797,1,1,228.0,0.0
3239574,1,6,130.0,0.0
3237577,1,94,170.0,7.0
3237558,1,0,99.0,0.0
3237504,1,33,150.0,107.0
3260084,1,0,135.0,365.0
3259045,1,1,115.0,311.0
3258630,1,6,80.0,0.0
3257486,1,25,175.0,273.0
3256202,1,0,225.0,0.0
3255732,1,3,72.0,0.0
3251778,1,4,125.0,0.0
3251620,1,1,300.0,0.0
3250725,1,5,1100.0,180.0
3250169,1,3,95.0,66.0
3249409,1,45,150.0,13.0
3248699,1,15,80.0,0.0
3248595,1,31,165.0,358.0
3248277,1,0,200.0,0.0
3247267,1,0,70.0,70.0
3247050,1,11,150.0,0.0
3274213,1,133,89.0,155.0
3274004,1,5,265.0,5.0
3273275,1,6,155.0,4.0
3272526,1,59,595.0,169.0
3269171,1,6,239.0,0.0
3268993,1,122,75.0,127.0
3267848,1,12,150.0,180.0
3267818,1,2,120.0,0.0
3266476,1,11,100.0,0.0
3266249,1,0,65.0,0.0
3266068,1,4,235.0,0.0
3263765,1,4,75.0,0.0
3263559,1,7,187.0,5.0
3262771,1,2,90.0,0.0
3262412,1,0,225.0,45.0
3261533,1,4,88.0,126.0
3285470,1,23,190.0,288.0
3285138,1,1,70.0,0.0
3285026,1,4,195.0,0.0
3284613,1,70,115.0,31.0
3284564,1,1,69.0,0.0
3283373,1,3,74.0,49.0
3282906,1,5,80.0,17.0
3282552,1,11,256.0,0.0
3282282,1,32,79.0,3.0
3281798,1,8,180.0,10.0
3280997,1,1,250.0,0.0
3280640,1,18,250.0,26.0
3274929,1,27,38.0,84.0
3274903,1,9,76.0,112.0
3274376,1,56,200.0,365.0
3274316,1,85,125.0,301.0
3300910,1,29,95.0,13.0
3299094,1,4,140.0,8.0
3298062,1,12,149.0,203.0
3297475,1,3,43.0,0.0
3297399,1,6,57.0,0.0
3295012,1,28,70.0,325.0
3294551,1,77,180.0,254.0
3293368,1,83,160.0,105.0
3292437,1,20,250.0,0.0
3291930,1,0,155.0,0.0
3291579,1,48,73.0,2.0
3291022,1,10,99.0,0.0
3290750,1,11,60.0,0.0
3289988,1,0,55.0,90.0
3288449,1,7,530.0,0.0
3286195,1,8,75.0,109.0
2910527,1,4,150.0,0.0
2910509,1,10,120.0,3.0
2910317,1,14,225.0,0.0
2909990,1,0,110.0,0.0
2909294,1,23,150.0,14.0
2908554,1,7,100.0,0.0
2908180,1,59,125.0,110.0
2908101,1,29,175.0,7.0
2907609,1,0,70.0,0.0
2905589,1,4,239.0,0.0
2903840,1,4,270.0,7.0
2903817,1,16,149.0,0.0
2903063,1,24,149.0,194.0
2902737,1,0,91.0,68.0
2902496,1,2,99.0,0.0
2902266,1,35,125.0,311.0
3318161,1,36,170.0,1.0
3313475,1,2,150.0,0.0
3312524,1,0,350.0,0.0
3312372,1,7,175.0,28.0
3312235,1,10,220.0,349.0
3312111,1,3,150.0,34.0
3311124,1,0,220.0,0.0
3309814,1,0,154.0,0.0
3309783,1,3,125.0,0.0
3309159,1,0,50.0,0.0
3309100,1,71,65.0,249.0
3308518,1,9,108.0,99.0
3307004,1,2,99.0,24.0
3302537,1,2,120.0,0.0
3302103,1,6,65.0,0.0
3301845,1,10,285.0,0.0
3330784,1,2,180.0,0.0
3330459,1,93,113.0,2.0
3330412,1,80,80.0,245.0
3329894,1,0,250.0,0.0
3329478,1,22,69.0,16.0
3329425,1,1,120.0,210.0
3327668,1,360,120.0,240.0
3324577,1,56,95.0,54.0
3323956,1,2,79.0,0.0
3323929,1,30,69.0,0.0
3321910,1,3,125.0,43.0
3321346,1,12,330.0,58.0
3320650,1,37,110.0,365.0
3320288,1,52,75.0,317.0
3320167,1,0,47.0,0.0
3319410,1,182,127.0,264.0
3341869,1,1,85.0,0.0
3341690,1,2,200.0,212.0
3341426,1,10,250.0,0.0
3341356,1,2,142.0,0.0
3341119,1,43,100.0,120.0
3339901,1,7,250.0,0.0
3339820,1,10,250.0,166.0
3339819,1,3,200.0,0.0
3338222,1,1,1200.0,290.0
3337974,1,1,65.0,0.0
3336995,1,8,180.0,10.0
3336010,1,78,195.0,312.0
3335791,1,7,99.0,0.0
3335559,1,10,180.0,175.0
3334537,1,9,150.0,132.0
3331710,1,29,200.0,0.0
3363799,1,85,124.0,238.0
3361696,1,1,200.0,0.0
3360223,1,68,45.0,0.0
3358348,1,0,97.0,63.0
3358001,1,5,50.0,0.0
3357991,1,7,60.0,0.0
3356798,1,1,150.0,146.0
3355679,1,4,270.0,0.0
3353772,1,1,75.0,0.0
3351317,1,72,295.0,122.0
3351261,1,93,120.0,0.0
3349838,1,4,138.0,41.0
3348610,1,17,250.0,0.0
3344830,1,2,65.0,0.0
3343848,1,26,890.0,341.0
3343599,1,0,150.0,0.0
2899693,1,1,115.0,0.0
2899508,1,11,199.0,281.0
2898343,1,12,170.0,0.0
2897835,1,1,48.0,0.0
2897622,1,1,200.0,26.0
2897329,1,34,200.0,217.0
2897021,1,7,120.0,0.0
2896601,1,3,118.0,17.0
2891898,1,2,48.0,214.0
2891643,1,0,50.0,0.0
2887664,1,15,260.0,88.0
2887402,1,11,94.0,0.0
2887101,1,2,47.0,0.0
2886652,1,160,195.0,255.0
3368678,1,21,210.0,209.0
3367355,1,0,150.0,0.0
3388510,1,5,100.0,0.0
3386627,1,0,185.0,0.0
3383356,1,0,120.0,22.0
3383354,1,1,50.0,0.0
3380348,1,10,75.0,341.0
3377231,1,15,140.0,365.0
3376141,1,17,200.0,5.0
3376018,1,6,64.0,0.0
3375455,1,48,54.0,232.0
3372156,1,2,125.0,0.0
3372118,1,21,50.0,188.0
3370705,1,78,199.0,65.0
3370543,1,17,174.0,65.0
3370169,1,99,120.0,288.0
3369909,1,7,60.0,0.0
3369352,1,0,55.0,35.0
3399151,1,9,140.0,11.0
3398621,1,1,140.0,0.0
3398280,1,3,65.0,35.0
3395693,1,3,60.0,148.0
3395433,1,6,175.0,0.0
3395227,1,72,179.0,0.0
3394386,1,1,175.0,0.0
3391251,1,4,110.0,0.0
3390947,1,24,650.0,23.0
3390942,1,6,60.0,43.0
3390362,1,59,200.0,0.0
3389563,1,13,96.0,0.0
3389541,1,117,75.0,96.0
3389514,1,59,60.0,6.0
3389163,1,58,110.0,282.0
3388542,1,14,95.0,5.0
3405917,1,26,55.0,1.0
3404898,1,6,110.0,0.0
3404840,1,2,60.0,0.0
3404698,1,1,150.0,188.0
3404680,1,35,100.0,144.0
3404110,1,1,109.0,0.0
3404004,1,1,120.0,0.0
3403890,1,0,70.0,0.0
3403868,1,0,140.0,0.0
3402375,1,0,189.0,0.0
3402155,1,9,160.0,157.0
3401676,1,1,95.0,72.0
3401286,1,4,170.0,1.0
3401026,1,1,50.0,0.0
3400827,1,2,380.0,0.0
3400687,1,0,50.0,0.0
3417090,1,125,145.0,0.0
3417039,1,1,80.0,0.0
3416935,1,5,60.0,5.0
3416555,1,143,84.0,311.0
3415882,1,2,150.0,10.0
3414967,1,1,150.0,0.0
3414140,1,6,119.0,45.0
3413858,1,0,125.0,4.0
3413548,1,14,185.0,124.0
3413390,1,24,180.0,0.0
3412684,1,9,145.0,0.0
3411621,1,19,355.0,301.0
3411196,1,0,100.0,0.0
3411058,1,26,179.0,6.0
3409436,1,2,80.0,0.0
3407346,1,28,150.0,0.0
3428943,1,0,119.0,0.0
3428456,1,0,74.0,0.0
3427758,1,0,110.0,199.0
3427065,1,1,180.0,0.0
3425965,1,11,75.0,332.0
3424719,1,8,90.0,0.0
3424386,1,7,129.0,12.0
3424328,1,27,500.0,90.0
3424306,1,11,100.0,0.0
3422859,1,9,95.0,0.0
3422235,1,1,270.0,125.0
3421779,1,2,109.0,270.0
3419446,1,72,200.0,52.0
3419036,1,9,90.0,0.0
3417940,1,166,262.0,0.0
3417714,1,14,189.0,0.0
3452920,1,3,220.0,0.0
3452241,1,0,125.0,0.0
3450556,1,0,130.0,0.0
3449848,1,0,350.0,8.0
3449749,1,0,130.0,0.0
3449385,1,32,100.0,0.0
3448931,1,6,195.0,0.0
3447311,1,22,200.0,0.0
3445172,1,2,50.0,0.0
3443943,1,1,225.0,178.0
3440811,1,28,85.0,66.0
3440653,1,42,135.0,92.0
3435970,1,3,220.0,186.0
3434070,1,8,159.0,0.0
3432742,1,2,88.0,348.0
3429147,1,2,120.0,31.0
3471132,1,8,190.0,0.0
3470710,1,29,94.0,1.0
3470583,1,6,110.0,13.0
3469364,1,1,185.0,57.0
3469064,1,0,230.0,0.0
3464870,1,11,150.0,2.0
3463555,1,0,88.0,0.0
3463177,1,6,110.0,52.0
3462232,1,32,167.0,341.0
3461768,1,1,45.0,0.0
3460956,1,13,100.0,0.0
3459240,1,17,289.0,72.0
3458785,1,1,75.0,0.0
3458692,1,4,124.0,42.0
3457404,1,29,70.0,0.0
3454707,1,0,95.0,0.0
2885147,1,1,52.0,0.0
2883788,1,3,239.0,158.0
2883347,1,2,150.0,45.0
2881763,1,3,220.0,0.0
2880848,1,0,50.0,0.0
2880824,1,1,85.0,0.0
2880794,1,1,115.0,29.0
2878510,1,10,100.0,14.0
2878358,1,67,120.0,179.0
2876700,1,2,130.0,0.0
2875590,1,2,180.0,0.0
2874587,1,61,115.0,15.0
2874433,1,149,120.0,16.0
2874126,1,27,81.0,188.0
3472283,1,13,125.0,0.0
3472148,1,0,60.0,0.0
3490097,1,1,67.0,0.0
3485640,1,4,120.0,7.0
3484920,1,4,275.0,51.0
3484734,1,6,159.0,1.0
3484474,1,13,150.0,220.0
3484157,1,2,250.0,0.0
3483960,1,49,110.0,0.0
3483600,1,0,63.0,0.0
3481965,1,3,90.0,0.0
3480879,1,40,199.0,0.0
3480784,1,34,110.0,160.0
3479852,1,179,150.0,0.0
3478341,1,21,99.0,26.0
3473672,1,21,175.0,313.0
3473330,1,23,150.0,12.0
3472623,1,8,175.0,3.0
3509166,1,0,142.0,0.0
3507684,1,10,419.0,10.0
3504234,1,0,125.0,0.0
3502638,1,60,250.0,148.0
3502098,1,10,75.0,177.0
3501254,1,1,50.0,66.0
3501090,1,86,75.0,324.0
3499548,1,14,130.0,293.0
3496628,1,3,239.0,184.0
3495471,1,59,58.0,42.0
3494371,1,5,225.0,150.0
3493470,1,17,160.0,0.0
3491228,1,2,80.0,0.0
3490818,1,156,191.0,21.0
3490622,1,1,200.0,0.0
3490389,1,19,100.0,172.0
3538412,1,85,195.0,63.0
3537298,1,3,75.0,0.0
3531344,1,16,150.0,0.0
3530591,1,4,135.0,0.0
3530018,1,2,30.0,0.0
3529175,1,34,85.0,127.0
3526617,1,4,250.0,322.0
3526444,1,15,100.0,94.0
3524653,1,18,90.0,280.0
3522798,1,0,158.0,0.0
3519805,1,4,140.0,0.0
3518697,1,1,150.0,188.0
3514707,1,2,90.0,0.0
3510997,1,24,149.0,149.0
3510993,1,0,100.0,0.0
3510638,1,13,149.0,0.0
3551179,1,20,57.0,311.0
3550181,1,20,104.0,0.0
3549531,1,109,60.0,2.0
3548768,1,0,120.0,0.0
3548411,1,14,300.0,311.0
3547817,1,56,225.0,55.0
3546135,1,104,63.0,256.0
3543836,1,5,155.0,59.0
3543739,1,0,95.0,0.0
3543204,1,19,75.0,198.0
3541594,1,12,200.0,0.0
3541525,1,138,84.0,225.0
3540748,1,4,175.0,354.0
3540714,1,10,450.0,0.0
3540041,1,77,179.0,0.0
3538684,1,37,120.0,70.0
3562922,1,3,300.0,97.0
3562912,1,0,75.0,0.0
3562864,1,150,84.0,294.0
3562795,1,0,100.0,0.0
3562596,1,0,500.0,28.0
3561489,1,100,73.0,3.0
3560446,1,59,167.0,0.0
3560299,1,1,90.0,0.0
3558557,1,15,159.0,33.0
3558158,1,119,134.0,0.0
3557641,1,31,150.0,24.0
3555480,1,6,175.0,0.0
3554481,1,0,120.0,0.0
3554055,1,0,160.0,0.0
3554039,1,11,300.0,8.0
3552356,1,2,35.0,0.0
2868153,1,12,135.0,365.0
2863689,1,0,70.0,0.0
2863092,1,0,85.0,0.0
2862643,1,0,280.0,0.0
2862308,1,6,75.0,0.0
2861854,1,55,92.0,8.0
2861848,1,28,150.0,72.0
2861820,1,7,205.0,4.0
2861103,1,82,100.0,0.0
2860131,1,1,120.0,6.0
2859398,1,1,700.0,0.0
2857722,1,23,230.0,0.0
3564306,1,17,200.0,0.0
3563802,1,2,55.0,0.0
3563304,1,38,113.0,191.0
3563235,1,12,85.0,0.0
3586177,1,44,175.0,34.0
3585637,1,0,160.0,281.0
3583973,1,17,190.0,0.0
3582774,1,0,550.0,0.0
3578480,1,29,495.0,22.0
3577848,1,79,55.0,3.0
3577413,1,2,139.0,1.0
3574922,1,8,75.0,0.0
3574249,1,6,169.0,16.0
3571172,1,2,95.0,0.0
3570170,1,4,95.0,0.0
3569392,1,31,120.0,0.0
3568330,1,6,85.0,10.0
3568184,1,49,200.0,0.0
3566012,1,0,38.0,40.0
2871975,1,3,65.0,31.0
3599030,1,0,85.0,363.0
3598494,1,3,250.0,0.0
3598079,1,12,120.0,0.0
3598016,1,0,135.0,0.0
3597708,1,9,115.0,0.0
3597177,1,11,130.0,0.0
3595395,1,79,150.0,246.0
3595138,1,7,230.0,0.0
3593739,1,0,80.0,0.0
3593395,1,4,47.0,0.0
3591955,1,26,265.0,70.0
3590361,1,1,99.0,264.0
3588693,1,20,115.0,282.0
3588028,1,18,150.0,0.0
3587764,1,2,150.0,0.0
3586725,1,0,92.0,0.0
3608781,1,129,94.0,188.0
3607821,1,5,149.0,0.0
3605729,1,19,100.0,0.0
3605606,1,76,150.0,266.0
3605061,1,152,100.0,251.0
3605048,1,25,100.0,65.0
3604985,1,4,70.0,97.0
3604124,1,4,45.0,0.0
3603806,1,46,276.0,9.0
3603284,1,28,90.0,157.0
3602785,1,1,65.0,0.0
3600282,1,4,99.0,0.0
3600065,1,3,77.0,0.0
3599914,1,58,175.0,220.0
3599608,1,4,200.0,73.0
3599579,1,94,195.0,26.0
2851789,1,18,199.0,1.0
2851409,1,201,50.0,54.0
2851131,1,23,90.0,190.0
2849280,1,5,200.0,0.0
2847655,1,4,159.0,0.0
2846279,1,61,45.0,92.0
2843987,1,16,125.0,0.0
2843970,1,1,220.0,0.0
2841374,1,10,80.0,365.0
2841175,1,6,100.0,0.0
2841152,1,107,109.0,269.0
2840710,1,1,220.0,350.0
2839817,1,0,150.0,179.0
2839267,1,198,54.0,80.0
3609819,1,8,180.0,179.0
3609524,1,8,161.0,0.0
3630684,1,11,65.0,0.0
3630531,1,5,160.0,168.0
3630017,1,0,65.0,0.0
3629866,1,5,75.0,301.0
3629010,1,0,200.0,0.0
3627583,1,0,249.0,363.0
3627104,1,13,180.0,0.0
3627066,1,2,190.0,0.0
3626916,1,1,95.0,0.0
3624487,1,31,149.0,224.0
3623796,1,2,170.0,0.0
3620205,1,6,43.0,0.0
3619427,1,0,600.0,0.0
3617473,1,3,100.0,213.0
3616251,1,41,66.0,219.0
3612407,1,3,295.0,17.0
3642820,1,11,80.0,28.0
3642625,1,7,425.0,0.0
3642404,1,10,95.0,0.0
3642035,1,6,250.0,250.0
3641595,1,323,160.0,211.0
3641421,1,1,300.0,42.0
3641304,1,1,245.0,164.0
3640784,1,25,150.0,18.0
3639678,1,58,189.0,24.0
3637890,1,3,123.0,0.0
3636827,1,2,195.0,44.0
3636235,1,104,399.0,42.0
3635907,1,166,180.0,213.0
3635762,1,0,190.0,0.0
3632170,1,0,200.0,0.0
3631872,1,3,200.0,0.0
3662048,1,14,147.0,14.0
3660628,1,0,105.0,0.0
3659719,1,28,46.0,23.0
3659439,1,12,59.0,12.0
3659285,1,22,160.0,237.0
3656871,1,3,99.0,0.0
3656008,1,95,99.0,63.0
3655542,1,0,1000.0,0.0
3655401,1,2,150.0,0.0
3654624,1,28,85.0,32.0
3654281,1,10,150.0,43.0
3650456,1,12,90.0,0.0
3650005,1,0,150.0,0.0
3646549,1,49,100.0,149.0
3644678,1,0,30.0,251.0
3644416,1,0,270.0,0.0
3674378,1,194,120.0,213.0
3673226,1,5,90.0,0.0
3672503,1,84,195.0,18.0
3667601,1,51,78.0,9.0
3666809,1,6,150.0,0.0
3666608,1,75,210.0,309.0
3665794,1,213,179.0,277.0
3665164,1,30,999.0,365.0
3664605,1,2,150.0,0.0
3664485,1,0,30.0,0.0
3664407,1,13,120.0,9.0
3664194,1,0,210.0,0.0
3664074,1,5,250.0,0.0
3663769,1,16,225.0,1.0
3663033,1,4,50.0,0.0
3662459,1,86,240.0,344.0
3690070,1,8,94.0,0.0
3689829,1,110,200.0,51.0
3687880,1,0,35.0,0.0
3687198,1,0,200.0,0.0
3687035,1,9,75.0,7.0
3686511,1,16,163.0,154.0
3683612,1,26,125.0,67.0
3682941,1,0,150.0,66.0
3682854,1,7,60.0,0.0
3680044,1,6,99.0,0.0
3680008,1,30,134.0,90.0
3678447,1,0,150.0,27.0
3677131,1,58,99.0,88.0
3676701,1,5,145.0,0.0
3676370,1,4,95.0,0.0
3675389,1,146,85.0,46.0
2838861,1,10,60.0,92.0
2838615,1,5,239.0,0.0
2838365,1,0,71.0,0.0
2837527,1,4,165.0,0.0
2834840,1,4,700.0,22.0
2834168,1,20,350.0,25.0
2831384,1,262,125.0,246.0
2831146,1,2,185.0,0.0
2830735,1,1,49.0,0.0
2830216,1,9,65.0,0.0
2830197,1,14,110.0,0.0
2829908,1,1,149.0,0.0
2828813,1,143,120.0,102.0
2828476,1,1,80.0,0.0
3693416,1,0,450.0,0.0
3691863,1,86,78.0,362.0
3710483,1,3,200.0,0.0
3709185,1,4,90.0,0.0
3708965,1,0,60.0,0.0
3707465,1,11,250.0,0.0
3704762,1,8,169.0,0.0
3701760,1,5,50.0,0.0
3700637,1,1,200.0,0.0
3699846,1,3,197.0,95.0
3697130,1,22,174.0,0.0
3696938,1,0,180.0,0.0
3696460,1,10,50.0,205.0
3695964,1,37,200.0,5.0
3695865,1,3,200.0,0.0
3695778,1,0,95.0,0.0
3694186,1,2,101.0,0.0
3693489,1,0,150.0,0.0
3720764,1,3,60.0,0.0
3720000,1,20,200.0,53.0
3719653,1,0,250.0,249.0
3718888,1,2,45.0,0.0
3718821,1,44,120.0,96.0
3717633,1,32,185.0,47.0
3717536,1,9,100.0,0.0
3716646,1,1,240.0,0.0
3716130,1,7,100.0,0.0
3715319,1,19,79.0,365.0
3715206,1,12,100.0,0.0
3713535,1,6,230.0,0.0
3711499,1,12,120.0,15.0
3711407,1,14,85.0,0.0
3710931,1,18,172.0,0.0
3710888,1,0,350.0,364.0
3737055,1,34,60.0,66.0
3736228,1,60,145.0,15.0
3736053,1,2,100.0,32.0
3732336,1,7,127.0,0.0
3732261,1,2,75.0,0.0
3731320,1,3,125.0,0.0
3731184,1,5,87.0,20.0
3730998,1,45,250.0,90.0
3730928,1,1,350.0,0.0
3730706,1,10,175.0,0.0
3729726,1,0,60.0,0.0
3729486,1,12,180.0,172.0
3726590,1,6,150.0,7.0
3726366,1,70,144.0,198.0
3726127,1,0,150.0,0.0
3724325,1,4,185.0,0.0
2823757,1,4,109.0,0.0
2823246,1,1,70.0,0.0
2821521,1,60,225.0,18.0
2821175,1,1,150.0,0.0
2818775,1,16,75.0,280.0
2818232,1,12,225.0,0.0
2817397,1,27,165.0,128.0
2816129,1,25,200.0,6.0
2811538,1,0,350.0,90.0
2811458,1,73,395.0,2.0
2809938,1,37,250.0,83.0
2808971,1,6,200.0,20.0
3737986,1,0,12.0,0.0
3737582,1,17,195.0,26.0
3737483,1,2,75.0,0.0
3737351,1,33,45.0,323.0
3751296,1,21,139.0,188.0
3750905,1,28,109.0,170.0
3750547,1,62,145.0,50.0
3750402,1,33,375.0,346.0
3749848,1,0,90.0,0.0
3749703,1,0,300.0,0.0
3749502,1,23,65.0,1.0
3747161,1,7,125.0,204.0
3744921,1,4,70.0,134.0
3743867,1,0,100.0,0.0
3741891,1,49,45.0,8.0
3741794,1,0,150.0,359.0
3741154,1,1,55.0,0.0
3740293,1,1,60.0,0.0
3738130,1,62,169.0,249.0
2824437,1,6,70.0,41.0
3768359,1,7,300.0,12.0
3765042,1,13,124.0,38.0
3764548,1,2,150.0,0.0
3760161,1,1,95.0,0.0
3759488,1,1,275.0,146.0
3759301,1,8,50.0,220.0
3759052,1,5,50.0,188.0
3758251,1,2,200.0,0.0
3758073,1,9,60.0,0.0
3757515,1,0,125.0,0.0
3754948,1,6,305.0,66.0
3754729,1,48,122.0,256.0
3754629,1,0,150.0,0.0
3753306,1,1,180.0,0.0
3752944,1,7,200.0,3.0
3752933,1,66,85.0,59.0
3787686,1,139,70.0,364.0
3784682,1,1,650.0,0.0
3784521,1,0,70.0,0.0
3783926,1,2,250.0,180.0
3782666,1,0,70.0,0.0
3781090,1,36,100.0,0.0
3780975,1,6,200.0,0.0
3779334,1,135,80.0,365.0
3778297,1,2,140.0,0.0
3777082,1,3,81.0,175.0
3775799,1,1,85.0,365.0
3773133,1,1,380.0,0.0
3771963,1,111,249.0,28.0
3771945,1,3,50.0,0.0
3771272,1,60,120.0,156.0
3770299,1,0,150.0,0.0
3805240,1,2,85.0,0.0
3803638,1,35,99.0,39.0
3803423,1,5,175.0,0.0
3801683,1,132,120.0,267.0
3801427,1,18,36.0,0.0
3801047,1,1,187.0,0.0
3800548,1,6,70.0,0.0
3800365,1,21,123.0,0.0
3800338,1,2,50.0,77.0
3798686,1,51,66.0,329.0
3793026,1,176,250.0,0.0
3792661,1,4,90.0,0.0
3792602,1,25,65.0,30.0
3792156,1,6,120.0,0.0
3791823,1,1,70.0,0.0
3789165,1,58,59.0,345.0
2807926,1,0,90.0,0.0
2806561,1,221,180.0,264.0
2805772,1,11,130.0,0.0
2805766,1,13,100.0,219.0
2805553,1,49,249.0,0.0
2803589,1,0,45.0,0.0
2802251,1,2,60.0,0.0
2801739,1,19,194.0,177.0
2801522,1,4,41.0,189.0
2801316,1,17,120.0,28.0
2800064,1,61,208.0,255.0
2799733,1,27,147.0,294.0
3806282,1,39,115.0,90.0
3805722,1,5,175.0,0.0
3805397,1,6,140.0,0.0
3805320,1,203,200.0,260.0
3826160,1,215,80.0,232.0
3822369,1,14,100.0,0.0
3820994,1,7,225.0,4.0
3820569,1,2,80.0,0.0
3817581,1,1,123.0,96.0
3816296,1,0,180.0,0.0
3815537,1,10,106.0,0.0
3814458,1,12,450.0,0.0
3814039,1,47,64.0,282.0
3813161,1,327,65.0,287.0
3812968,1,9,60.0,0.0
3811546,1,59,122.0,217.0
3810454,1,0,185.0,0.0
3809729,1,7,199.0,0.0
3807299,1,5,315.0,38.0
3807069,1,4,100.0,0.0
3841371,1,2,120.0,0.0
3841035,1,31,125.0,14.0
3840659,1,14,215.0,0.0
3839667,1,6,120.0,0.0
3836868,1,2,170.0,0.0
3834614,1,0,175.0,0.0
3833262,1,0,46.0,136.0
3832479,1,0,50.0,113.0
3831783,1,82,155.0,188.0
3830753,1,32,90.0,107.0
3830566,1,2,200.0,316.0
3829864,1,6,170.0,0.0
3829471,1,0,100.0,0.0
3828080,1,0,199.0,0.0
3827805,1,0,210.0,0.0
3827238,1,0,170.0,64.0
3859890,1,10,53.0,0.0
3859814,1,53,278.0,30.0
3859737,1,5,225.0,0.0
3858150,1,7,60.0,0.0
3856533,1,23,120.0,0.0
3856352,1,14,40.0,0.0
3855091,1,1,53.0,0.0
3852579,1,101,400.0,258.0
3850478,1,0,50.0,0.0
3849025,1,18,180.0,106.0
3848874,1,0,180.0,0.0
3847832,1,80,195.0,364.0
3843799,1,4,165.0,0.0
3843401,1,1,150.0,0.0
3842238,1,1,65.0,88.0
3841446,1,214,109.0,127.0
3881345,1,10,100.0,0.0
3880974,1,237,350.0,0.0
3879852,1,1,65.0,0.0
3879284,1,16,140.0,0.0
3874544,1,8,115.0,0.0
3872416,1,0,65.0,0.0
3872251,1,13,100.0,0.0
3871108,1,0,75.0,344.0
3870708,1,12,154.0,19.0
3870120,1,82,119.0,0.0
3869531,1,13,70.0,0.0
3868762,1,0,550.0,34.0
3867848,1,1,150.0,165.0
3866196,1,3,281.0,0.0
3865502,1,21,120.0,219.0
3864482,1,34,100.0,0.0
3896287,1,9,225.0,0.0
3894843,1,75,95.0,19.0
3894387,1,1,111.0,0.0
3891706,1,77,240.0,116.0
3891436,1,23,260.0,0.0
3891399,1,2,75.0,0.0
3890297,1,20,199.0,0.0
3889739,1,6,60.0,0.0
3889408,1,47,545.0,269.0
3889383,1,273,100.0,45.0
3889339,1,7,125.0,358.0
3889301,1,3,99.0,0.0
3883685,1,17,199.0,114.0
3883648,1,5,97.0,282.0
3883580,1,2,97.0,87.0
3881467,1,50,45.0,90.0
2798394,1,9,105.0,0.0
2797280,1,26,200.0,69.0
2796906,1,3,46.0,0.0
2793924,1,4,140.0,5.0
2790324,1,3,150.0,0.0
2789221,1,8,150.0,0.0
2788488,1,42,80.0,245.0
2788262,1,167,199.0,17.0
2787900,1,42,175.0,0.0
2787824,1,46,95.0,0.0
3900093,1,35,180.0,18.0
3899946,1,8,120.0,0.0
3899139,1,4,125.0,18.0
3898812,1,58,130.0,301.0
3898624,1,91,125.0,143.0
3896863,1,18,250.0,51.0
3912042,1,59,185.0,4.0
3911807,1,0,45.0,0.0
3911265,1,1,60.0,0.0
3910533,1,1,90.0,0.0
3910530,1,0,60.0,0.0
3906464,1,6,9999.0,83.0
3906249,1,83,170.0,203.0
3905466,1,3,250.0,0.0
3905456,1,3,110.0,0.0
3905383,1,5,180.0,226.0
3902832,1,0,80.0,0.0
3902092,1,0,170.0,0.0
3901962,1,1,149.0,0.0
3901955,1,0,134.0,9.0
3900540,1,39,196.0,96.0
2798644,1,6,115.0,365.0
3927655,1,1,95.0,0.0
3925093,1,9,75.0,0.0
3923244,1,17,80.0,12.0
3922831,1,35,170.0,290.0
3922367,1,0,165.0,0.0
3922258,1,1,100.0,0.0
3920522,1,18,155.0,90.0
3920265,1,270,125.0,300.0
3920171,1,0,80.0,362.0
3919533,1,46,162.0,19.0
3917497,1,10,135.0,160.0
3917130,1,0,36.0,0.0
3916070,1,46,400.0,175.0
3915722,1,1,550.0,15.0
3914854,1,3,125.0,0.0
3912358,1,0,40.0,0.0
3948843,1,5,180.0,18.0
3948462,1,4,150.0,0.0
3948178,1,8,123.0,0.0
3946744,1,0,450.0,0.0
3944633,1,0,79.0,0.0
3941862,1,3,175.0,0.0
3940516,1,1,55.0,0.0
3940207,1,1,125.0,122.0
3939029,1,21,125.0,363.0
3938536,1,1,100.0,0.0
3937437,1,0,100.0,0.0
3936154,1,12,575.0,0.0
3935522,1,6,111.0,12.0
3933608,1,0,280.0,0.0
3932715,1,68,160.0,16.0
3928437,1,1,139.0,83.0
3964276,1,6,255.0,0.0
3963645,1,13,160.0,0.0
3963008,1,10,500.0,33.0
3962396,1,1,132.0,236.0
3959013,1,4,151.0,27.0
3958647,1,0,90.0,0.0
3956850,1,17,89.0,0.0
3955766,1,113,100.0,0.0
3955533,1,11,160.0,0.0
3955425,1,7,140.0,7.0
3955342,1,3,45.0,0.0
3954840,1,1,174.0,5.0
3952560,1,9,169.0,0.0
3951033,1,7,120.0,84.0
3949502,1,13,75.0,27.0
3949235,1,2,105.0,0.0
3979831,1,90,195.0,134.0
3978669,1,12,230.0,41.0
3977693,1,10,55.0,0.0
3977494,1,1,187.0,0.0
3976338,1,106,59.0,87.0
3976298,1,1,995.0,89.0
3974808,1,0,150.0,0.0
3974249,1,14,267.0,1.0
3970656,1,37,200.0,2.0
3969780,1,1,175.0,0.0
3967827,1,4,150.0,312.0
3966721,1,75,80.0,15.0
3965911,1,26,200.0,188.0
3965200,1,55,175.0,26.0
3964655,1,104,125.0,275.0
3964453,1,17,200.0,81.0
3998751,1,6,300.0,16.0
3997854,1,10,124.0,0.0
3997451,1,106,150.0,318.0
3997038,1,7,100.0,45.0
3994331,1,5,108.0,230.0
3991905,1,1,250.0,0.0
3990540,1,3,450.0,0.0
3988830,1,1,200.0,3.0
3988482,1,45,199.0,0.0
3988394,1,16,95.0,80.0
3988031,1,6,200.0,0.0
3987736,1,8,80.0,0.0
3983140,1,61,250.0,0.0
3982538,1,0,75.0,0.0
3981706,1,0,92.0,0.0
3980927,1,205,55.0,326.0
4023912,1,6,230.0,208.0
4023646,1,24,105.0,0.0
4023251,1,5,94.0,0.0
4022922,1,0,95.0,0.0
4019055,1,57,99.0,0.0
4018726,1,6,63.0,60.0
4018660,1,12,350.0,0.0
4015459,1,72,80.0,364.0
4012934,1,12,125.0,0.0
4012917,1,7,200.0,9.0
4010826,1,2,150.0,0.0
4007393,1,63,155.0,235.0
4005376,1,1,107.0,170.0
4004425,1,0,50.0,0.0
4000059,1,1,100.0,365.0
3999695,1,1,475.0,0.0
2786998,1,20,150.0,2.0
2786764,1,115,107.0,85.0
2784447,1,0,90.0,0.0
2781725,1,6,115.0,183.0
2781214,1,9,45.0,0.0
2781031,1,68,165.0,195.0
2780938,1,31,84.0,166.0
2780717,1,21,95.0,98.0
2778578,1,5,154.0,27.0
2776635,1,0,100.0,0.0
2776408,1,61,75.0,2.0
2776152,1,3,38.0,0.0
2775674,1,195,190.0,69.0
4025280,1,22,250.0,7.0
4025188,1,32,101.0,0.0
4024013,1,4,50.0,129.0
4032781,1,4,70.0,0.0
4031946,1,4,100.0,9.0
4031913,1,139,89.0,94.0
4031222,1,14,185.0,4.0
4030621,1,19,73.0,0.0
4029415,1,47,62.0,89.0
4028339,1,28,600.0,295.0
4028305,1,1,175.0,0.0
4028092,1,11,120.0,2.0
4028002,1,0,109.0,95.0
4027856,1,0,200.0,0.0
4027507,1,1,70.0,4.0
4027283,1,24,50.0,25.0
4025647,1,3,200.0,216.0
4025366,1,14,150.0,363.0
2787066,1,8,126.0,0.0
4044889,1,3,55.0,119.0
4044499,1,0,30.0,0.0
4043468,1,28,48.0,3.0
4042938,1,0,175.0,0.0
4041877,1,4,100.0,250.0
4040993,1,0,400.0,0.0
4040811,1,8,200.0,337.0
4040200,1,17,198.0,0.0
4037192,1,1,100.0,323.0
4036700,1,64,175.0,116.0
4035773,1,76,70.0,293.0
4035432,1,9,100.0,0.0
4035291,1,93,105.0,89.0
4034995,1,91,115.0,258.0
4033648,1,9,120.0,10.0
4033160,1,3,98.0,0.0
4055091,1,0,80.0,0.0
4054295,1,24,383.0,251.0
4052765,1,1,46.0,0.0
4052055,1,1,45.0,0.0
4051711,1,0,210.0,0.0
4051126,1,111,555.0,191.0
4050500,1,170,200.0,303.0
4050348,1,0,200.0,0.0
4049527,1,41,165.0,19.0
4049004,1,106,100.0,52.0
4048704,1,1,100.0,0.0
4048695,1,28,120.0,294.0
4048448,1,4,200.0,0.0
4047676,1,48,295.0,0.0
4045167,1,2,150.0,207.0
4045120,1,7,70.0,176.0
4068325,1,8,250.0,1.0
4068324,1,68,425.0,36.0
4067211,1,13,155.0,0.0
4066797,1,3,100.0,301.0
4066678,1,0,200.0,0.0
4066645,1,0,90.0,0.0
4064804,1,1,195.0,0.0
4064681,1,8,164.0,0.0
4061660,1,1,65.0,249.0
4060346,1,145,56.0,258.0
4059918,1,4,110.0,221.0
4059034,1,302,312.0,246.0
4057761,1,49,45.0,0.0
4057381,1,24,81.0,164.0
4056392,1,1,500.0,0.0
4055295,1,17,100.0,0.0
4081688,1,0,200.0,365.0
4080758,1,5,125.0,0.0
4079889,1,0,150.0,36.0
4079140,1,37,100.0,2.0
4076876,1,22,120.0,365.0
4076045,1,0,50.0,0.0
4075403,1,1,950.0,90.0
4075380,1,3,150.0,179.0
4075128,1,2,65.0,0.0
4074918,1,0,900.0,0.0
4073971,1,0,210.0,80.0
4073947,1,0,110.0,0.0
4071035,1,137,140.0,154.0
4070519,1,20,80.0,0.0
4070269,1,0,250.0,88.0
4069241,1,0,1500.0,0.0
4094013,1,72,200.0,109.0
4091348,1,0,450.0,0.0
4090856,1,2,100.0,8.0
4089529,1,67,300.0,344.0
4089400,1,254,150.0,294.0
4087986,1,2,170.0,64.0
4087778,1,0,180.0,0.0
4087531,1,0,169.0,0.0
4087478,1,0,699.0,0.0
4086839,1,52,150.0,311.0
4085985,1,0,200.0,28.0
4085770,1,0,500.0,0.0
4085497,1,42,150.0,365.0
4084075,1,21,229.0,0.0
4083654,1,138,85.0,196.0
4083145,1,1,90.0,0.0
4105376,1,46,95.0,0.0
4104874,1,1,200.0,0.0
4103952,1,4,51.0,188.0
4103779,1,62,82.0,247.0
4102722,1,2,125.0,0.0
4102079,1,65,75.0,313.0
4100176,1,1,125.0,0.0
4099467,1,2,125.0,0.0
4098796,1,0,62.0,0.0
4098538,1,2,55.0,0.0
4096786,1,40,70.0,313.0
4095135,1,10,140.0,93.0
4094857,1,23,372.0,17.0
4094837,1,8,52.0,36.0
4094332,1,51,65.0,62.0
4094151,1,72,230.0,325.0
2774967,1,25,120.0,0.0
2774528,1,1,60.0,0.0
2773585,1,23,90.0,0.0
2773082,1,7,95.0,6.0
2772294,1,5,55.0,90.0
2772230,1,205,185.0,233.0
2771943,1,9,175.0,17.0
2771711,1,2,120.0,0.0
2770985,1,1,145.0,0.0
2770788,1,29,197.0,0.0
2770769,1,2,115.0,34.0
2770375,1,12,90.0,365.0
2766813,1,5,58.0,0.0
4106680,1,212,100.0,278.0
4106320,1,33,140.0,145.0
4105474,1,10,99.0,81.0
4119683,1,4,100.0,0.0
4119331,1,0,100.0,0.0
4118478,1,1,450.0,0.0
4118217,1,4,145.0,36.0
4114004,1,3,154.0,0.0
4112902,1,33,36.0,211.0
4112547,1,11,70.0,65.0
4112409,1,52,45.0,347.0
4111729,1,71,100.0,66.0
4111662,1,4,195.0,15.0
4111640,1,48,69.0,235.0
4110759,1,0,60.0,0.0
4110491,1,18,140.0,182.0
4109954,1,11,200.0,0.0
4107826,1,5,65.0,0.0
2775107,1,63,155.0,249.0
4131257,1,7,55.0,179.0
4130601,1,1,75.0,0.0
4130512,1,1,45.0,0.0
4130492,1,26,120.0,10.0
4128972,1,33,105.0,26.0
4128399,1,7,350.0,364.0
4128255,1,7,104.0,2.0
4127752,1,5,55.0,0.0
4126686,1,87,75.0,267.0
4125000,1,7,119.0,0.0
4124666,1,145,180.0,33.0
4123240,1,2,75.0,0.0
4123046,1,0,450.0,0.0
4122796,1,1,129.0,0.0
4122771,1,0,175.0,0.0
4122424,1,36,60.0,0.0
4149263,1,31,155.0,24.0
4148879,1,3,249.0,0.0
4148174,1,2,175.0,0.0
4148114,1,108,210.0,305.0
4147608,1,11,100.0,0.0
4147380,1,50,225.0,265.0
4144536,1,30,160.0,162.0
4143813,1,1,53.0,0.0
4142684,1,232,108.0,89.0
4139790,1,0,350.0,365.0
4138139,1,3,72.0,16.0
4137875,1,21,145.0,64.0
4135793,1,8,75.0,0.0
4135221,1,148,160.0,295.0
4133458,1,0,120.0,0.0
4132784,1,3,375.0,8.0
4166175,1,0,103.0,0.0
4166168,1,40,350.0,67.0
4163733,1,21,99.0,268.0
4162797,1,2,45.0,13.0
4162754,1,52,80.0,297.0
4162067,1,1,95.0,0.0
4161553,1,5,120.0,0.0
4160649,1,1,175.0,0.0
4160421,1,11,295.0,0.0
4158712,1,3,117.0,15.0
4158086,1,15,50.0,365.0
4157435,1,71,100.0,238.0
4157362,1,0,35.0,0.0
4156449,1,0,40.0,0.0
4153591,1,10,195.0,95.0
4152484,1,229,72.0,20.0
2765870,1,1,80.0,0.0
2765234,1,19,75.0,10.0
2764786,1,18,120.0,0.0
2762303,1,7,120.0,0.0
2762154,1,1,88.0,0.0
2762022,1,22,48.0,0.0
2761278,1,1,229.0,0.0
2761047,1,13,124.0,0.0
2757621,1,23,250.0,11.0
2757243,1,6,230.0,4.0
2755668,1,1,90.0,0.0
2754405,1,11,72.0,251.0
2753256,1,85,295.0,261.0
2753243,1,0,56.0,0.0
4167027,1,3,60.0,344.0
4166822,1,14,127.0,0.0
4183050,1,28,96.0,0.0
4182834,1,52,78.0,0.0
4177178,1,4,80.0,0.0
4176842,1,23,49.0,22.0
4175606,1,25,100.0,56.0
4173868,1,9,55.0,0.0
4173425,1,65,69.0,11.0
4173419,1,4,150.0,0.0
4173415,1,103,90.0,239.0
4170464,1,0,125.0,363.0
4169722,1,0,100.0,11.0
4169040,1,12,150.0,5.0
4169001,1,0,175.0,0.0
4168247,1,12,135.0,188.0
4167576,1,71,140.0,256.0
2766490,1,1,50.0,0.0
4191209,1,7,105.0,84.0
4191076,1,51,87.0,0.0
4191006,1,0,500.0,0.0
4189991,1,0,60.0,0.0
4189538,1,27,109.0,0.0
4189194,1,3,160.0,2.0
4187747,1,2,49.0,340.0
4186597,1,18,180.0,29.0
4186145,1,3,225.0,250.0
4185984,1,93,65.0,0.0
4185618,1,3,249.0,118.0
4185342,1,4,300.0,0.0
4185151,1,3,72.0,179.0
4185119,1,23,148.0,3.0
4184612,1,146,115.0,277.0
4183222,1,1,180.0,0.0
4205284,1,2,240.0,53.0
4205149,1,1,75.0,0.0
4204942,1,1,69.0,36.0
4204890,1,186,115.0,237.0
4202557,1,3,150.0,146.0
4202236,1,3,115.0,0.0
4201991,1,36,43.0,0.0
4198853,1,1,125.0,0.0
4198285,1,43,145.0,5.0
4196156,1,1,200.0,16.0
4194830,1,13,60.0,0.0
4194142,1,12,115.0,0.0
4193618,1,3,200.0,342.0
4193378,1,8,140.0,0.0
4192794,1,20,47.0,323.0
4191725,1,1,80.0,66.0
4220920,1,6,123.0,34.0
4220261,1,0,300.0,89.0
4219594,1,3,95.0,11.0
4219564,1,22,300.0,168.0
4218873,1,1,55.0,0.0
4217567,1,2,250.0,0.0
4213096,1,3,110.0,249.0
4211266,1,3,150.0,0.0
4210456,1,0,75.0,0.0
4210130,1,6,199.0,98.0
4210082,1,84,70.0,188.0
4209540,1,26,55.0,1.0
4208096,1,20,99.0,81.0
4207560,1,54,80.0,0.0
4206804,1,2,70.0,249.0
4205782,1,0,150.0,0.0
4230646,1,6,150.0,0.0
4230541,1,0,200.0,0.0
4230317,1,47,465.0,277.0
4229387,1,4,150.0,0.0
4228414,1,1,160.0,0.0
4227812,1,4,120.0,0.0
4227531,1,0,230.0,365.0
4227314,1,28,90.0,6.0
4225192,1,1,40.0,0.0
4224588,1,0,106.0,0.0
4224513,1,16,173.0,0.0
4224480,1,34,85.0,336.0
4224309,1,3,150.0,365.0
4223227,1,18,150.0,0.0
4223044,1,0,200.0,0.0
4221836,1,7,95.0,118.0
4240419,1,4,120.0,0.0
4238591,1,36,85.0,278.0
4238402,1,1,117.0,0.0
4237535,1,107,250.0,273.0
4233879,1,5,63.0,0.0
4233535,1,0,60.0,0.0
4233288,1,78,100.0,0.0
4233168,1,1,75.0,0.0
4233030,1,61,195.0,134.0
4233003,1,18,245.0,0.0
4232762,1,2,275.0,0.0
4232014,1,8,100.0,46.0
4231845,1,2,95.0,0.0
4231668,1,42,119.0,0.0
4231636,1,4,50.0,0.0
4231312,1,8,99.0,16.0
4255199,1,7,240.0,0.0
4254417,1,12,60.0,351.0
4254072,1,44,249.0,332.0
4253817,1,45,200.0,49.0
4252788,1,3,200.0,0.0
4252490,1,15,80.0,0.0
4252459,1,0,350.0,205.0
4250697,1,1,149.0,0.0
4249379,1,17,75.0,115.0
4248868,1,0,200.0,0.0
4246574,1,0,164.0,0.0
4244200,1,0,200.0,0.0
4243849,1,279,175.0,218.0
4243073,1,8,149.0,38.0
4242708,1,12,150.0,0.0
4241831,1,0,150.0,0.0
2750607,1,0,150.0,0.0
2750389,1,40,120.0,0.0
2749543,1,1,100.0,0.0
2749343,1,1,80.0,0.0
2748575,1,0,129.0,0.0
2748223,1,1,120.0,188.0
2747221,1,10,99.0,7.0
2743716,1,6,90.0,0.0
2743475,1,5,165.0,0.0
2742979,1,6,275.0,0.0
2742827,1,5,128.0,0.0
2740824,1,22,104.0,0.0
2740709,1,1,285.0,7.0
2739935,1,4,174.0,0.0
2739598,1,89,175.0,324.0
4255290,1,19,160.0,59.0
4265697,1,3,349.0,0.0
4265419,1,0,50.0,0.0
4265028,1,1,129.0,0.0
4264890,1,66,145.0,9.0
4264648,1,3,180.0,19.0
4264360,1,6,100.0,0.0
4263734,1,8,70.0,0.0
4263511,1,0,42.0,0.0
4263114,1,5,125.0,0.0
4262510,1,6,39.0,0.0
4260505,1,7,75.0,0.0
4259761,1,0,45.0,326.0
4259327,1,10,95.0,331.0
4259154,1,87,130.0,5.0
4255319,1,6,90.0,0.0
2750745,1,4,120.0,0.0
4275601,1,1,100.0,364.0
4275400,1,0,50.0,0.0
4275336,1,2,190.0,0.0
4275254,1,36,185.0,358.0
4274594,1,43,69.0,0.0
4274268,1,3,110.0,0.0
4273661,1,1,150.0,0.0
4272748,1,52,99.0,30.0
4271822,1,76,190.0,48.0
4269804,1,13,79.0,64.0
4269459,1,2,35.0,0.0
4267864,1,4,150.0,1.0
4267089,1,1,79.0,359.0
4266202,1,0,60.0,0.0
4266017,1,8,165.0,234.0
4265753,1,2,140.0,0.0
4285260,1,5,450.0,3.0
4285208,1,8,250.0,294.0
4284267,1,177,185.0,216.0
4283766,1,0,66.0,0.0
4283610,1,9,114.0,3.0
4282125,1,27,120.0,280.0
4281957,1,38,340.0,302.0
4281324,1,1,120.0,0.0
4281123,1,2,55.0,0.0
4279827,1,148,99.0,235.0
4279544,1,6,215.0,0.0
4279005,1,64,81.0,311.0
4278354,1,4,61.0,0.0
4277248,1,1,125.0,0.0
4276374,1,92,225.0,67.0
4276261,1,1,350.0,66.0
4297835,1,0,75.0,0.0
4297109,1,5,195.0,0.0
4296770,1,13,70.0,0.0
4296422,1,0,155.0,0.0
4294646,1,4,90.0,0.0
4294396,1,1,83.0,0.0
4293340,1,2,79.0,0.0
4292600,1,9,120.0,0.0
4291837,1,156,150.0,111.0
4291088,1,35,130.0,0.0
4290578,1,12,45.0,0.0
4289709,1,4,65.0,0.0
4289557,1,3,219.0,306.0
4289248,1,22,300.0,8.0
4289240,1,0,4000.0,83.0
4285729,1,6,188.0,364.0
4307662,1,3,120.0,0.0
4306959,1,30,159.0,0.0
4306950,1,107,45.0,313.0
4305955,1,12,165.0,0.0
4305407,1,9,150.0,0.0
4304095,1,115,119.0,26.0
4303726,1,124,125.0,158.0
4303181,1,37,150.0,100.0
4302160,1,0,200.0,12.0
4300035,1,1,64.0,0.0
4299288,1,10,67.0,26.0
4298896,1,23,150.0,0.0
4298654,1,2,73.0,43.0
4298167,1,29,148.0,188.0
4298156,1,0,35.0,0.0
4298040,1,0,125.0,0.0
2739024,1,25,150.0,16.0
2738676,1,2,65.0,0.0
2737854,1,1,105.0,0.0
2737373,1,106,595.0,247.0
2736762,1,3,225.0,0.0
2736439,1,54,89.0,331.0
2733815,1,14,175.0,0.0
2733465,1,23,209.0,365.0
2732777,1,19,115.0,189.0
2731594,1,53,125.0,5.0
2730280,1,8,225.0,207.0
2729850,1,0,125.0,0.0
2729738,1,0,225.0,0.0
4308622,1,0,350.0,0.0
4308094,1,2,150.0,0.0
4308068,1,37,65.0,0.0
4319841,1,9,75.0,0.0
4319369,1,17,155.0,0.0
4317379,1,3,165.0,0.0
4317067,1,18,42.0,60.0
4316973,1,2,180.0,2.0
4316938,1,0,175.0,365.0
4316650,1,14,117.0,0.0
4316287,1,10,158.0,323.0
4316106,1,43,200.0,0.0
4314639,1,0,65.0,0.0
4314535,1,220,160.0,24.0
4313683,1,93,140.0,65.0
4312196,1,1,90.0,0.0
4311270,1,4,110.0,0.0
4311243,1,41,170.0,0.0
4309521,1,1,60.0,0.0
4331441,1,225,135.0,19.0
4330726,1,22,155.0,189.0
4328217,1,0,325.0,0.0
4328118,1,2,135.0,336.0
4328005,1,8,70.0,0.0
4327985,1,34,76.0,39.0
4327300,1,27,72.0,73.0
4326776,1,0,80.0,0.0
4325334,1,5,150.0,0.0
4325160,1,10,125.0,0.0
4324767,1,33,90.0,189.0
4324444,1,54,175.0,135.0
4324281,1,17,75.0,77.0
4323625,1,251,179.0,157.0
4323335,1,22,105.0,11.0
4320908,1,0,175.0,0.0
4342052,1,22,299.0,303.0
4341365,1,1,80.0,0.0
4341057,1,2,225.0,0.0
4337162,1,8,142.0,10.0
4336763,1,4,130.0,0.0
4336760,1,2,65.0,263.0
4336757,1,4,55.0,0.0
4336488,1,0,135.0,9.0
4336107,1,6,200.0,4.0
4336010,1,0,95.0,0.0
4335164,1,12,50.0,0.0
4334757,1,53,45.0,365.0
4334590,1,72,115.0,0.0
4332666,1,10,400.0,64.0
4331864,1,7,135.0,0.0
4331581,1,1,147.0,0.0
4351028,1,0,65.0,0.0
4350748,1,1,68.0,87.0
4350664,1,62,89.0,271.0
4350342,1,21,225.0,88.0
4350083,1,1,75.0,0.0
4348719,1,2,250.0,130.0
4348515,1,68,80.0,334.0
4348003,1,47,130.0,9.0
4345735,1,11,150.0,0.0
4345336,1,33,48.0,113.0
4345155,1,0,250.0,174.0
4344588,1,267,200.0,266.0
4344188,1,2,159.0,28.0
4343834,1,6,150.0,0.0
4343152,1,2,199.0,0.0
4342526,1,4,175.0,98.0
4364889,1,4,152.0,0.0
4363908,1,0,75.0,14.0
4363412,1,24,320.0,66.0
4362140,1,11,140.0,0.0
4360949,1,0,260.0,0.0
4360212,1,22,135.0,5.0
4359511,1,13,206.0,116.0
4359156,1,2,90.0,10.0
4358812,1,23,175.0,0.0
4358702,1,0,200.0,0.0
4358400,1,1,150.0,0.0
4358264,1,109,80.0,15.0
4357223,1,0,120.0,0.0
4356698,1,20,75.0,357.0
4356301,1,0,120.0,0.0
4355788,1,9,149.0,0.0
4373782,1,36,650.0,256.0
4372934,1,47,400.0,361.0
4372467,1,2,170.0,0.0
4372160,1,7,58.0,0.0
4372057,1,3,88.0,0.0
4370956,1,3,175.0,0.0
4369380,1,11,46.0,0.0
4368043,1,0,55.0,0.0
4367602,1,0,250.0,365.0
4367464,1,16,175.0,0.0
4366982,1,9,149.0,19.0
4366974,1,0,300.0,0.0
4365980,1,8,194.0,0.0
4365662,1,96,54.0,130.0
4365106,1,13,176.0,64.0
4365051,1,1,170.0,0.0
2727797,1,0,50.0,0.0
2724990,1,0,110.0,0.0
2723661,1,0,45.0,0.0
2723489,1,3,80.0,0.0
2720363,1,4,125.0,310.0
2719866,1,0,40.0,0.0
2719126,1,19,345.0,192.0
2718526,1,42,75.0,10.0
2717905,1,2,130.0,179.0
2717428,1,37,75.0,139.0
2716800,1,0,50.0,13.0
2716583,1,70,139.0,178.0
2716515,1,1,70.0,0.0
2715121,1,5,180.0,0.0
4374467,1,0,225.0,9.0
4373926,1,2,100.0,95.0
4385683,1,7,239.0,22.0
4385138,1,241,185.0,22.0
4384604,1,6,83.0,77.0
4383563,1,0,190.0,0.0
4383475,1,0,125.0,0.0
4383413,1,5,90.0,0.0
4383196,1,15,269.0,0.0
4382127,1,0,9999.0,365.0
4380547,1,0,395.0,0.0
4380358,1,5,135.0,95.0
4379024,1,2,225.0,1.0
4376320,1,1,192.0,0.0
4376062,1,1,138.0,0.0
4375496,1,5,235.0,177.0
4374828,1,39,110.0,0.0
2727975,1,4,134.0,245.0
4396038,1,2,120.0,0.0
4393792,1,5,120.0,0.0
4393509,1,1,160.0,0.0
4393358,1,5,80.0,0.0
4392739,1,69,290.0,99.0
4392549,1,4,99.0,0.0
4392420,1,22,85.0,0.0
4392159,1,0,179.0,0.0
4391922,1,19,150.0,0.0
4391681,1,9,75.0,280.0
4391441,1,84,190.0,8.0
4390881,1,13,85.0,22.0
4390639,1,66,495.0,334.0
4390058,1,17,349.0,356.0
4389871,1,0,90.0,0.0
4389865,1,7,400.0,365.0
4406876,1,5,195.0,329.0
4406629,1,15,50.0,179.0
4405241,1,6,230.0,0.0
4403646,1,9,319.0,358.0
4403262,1,5,79.0,0.0
4401973,1,1,95.0,0.0
4401623,1,22,80.0,226.0
4401527,1,1,40.0,17.0
4401275,1,33,175.0,0.0
4401058,1,0,110.0,0.0
4400935,1,5,90.0,0.0
4400586,1,10,129.0,0.0
4398238,1,5,175.0,0.0
4397614,1,0,125.0,0.0
4396760,1,21,189.0,70.0
4396337,1,4,159.0,0.0
4419367,1,20,200.0,279.0
4417252,1,31,68.0,129.0
4415812,1,24,45.0,4.0
4414774,1,13,60.0,0.0
4414425,1,8,36.0,83.0
4413909,1,7,170.0,0.0
4413463,1,0,250.0,0.0
4413028,1,18,200.0,6.0
4412976,1,2,1500.0,186.0
4411751,1,6,129.0,0.0
4411040,1,3,45.0,0.0
4410830,1,4,225.0,50.0
4410716,1,4,75.0,66.0
4409832,1,0,150.0,0.0
4408261,1,1,130.0,0.0
4407432,1,9,225.0,120.0
4427256,1,0,215.0,328.0
4426154,1,2,75.0,0.0
4426065,1,1,100.0,26.0
4425694,1,187,160.0,221.0
4425467,1,6,120.0,0.0
4422962,1,155,135.0,281.0
4422817,1,7,89.0,0.0
4422477,1,1,100.0,0.0
4422465,1,5,89.0,2.0
4422368,1,93,300.0,284.0
4421935,1,51,69.0,7.0
4421803,1,0,60.0,0.0
4421545,1,2,110.0,0.0
4421323,1,6,299.0,0.0
4420306,1,2,60.0,0.0
4419418,1,9,90.0,8.0
4438960,1,97,235.0,40.0
4436365,1,2,120.0,180.0
4435816,1,17,60.0,9.0
4435623,1,52,100.0,56.0
4434798,1,145,120.0,0.0
4434595,1,12,98.0,0.0
4432173,1,15,65.0,361.0
4431637,1,4,225.0,177.0
4430927,1,3,32.0,0.0
4430657,1,0,60.0,0.0
4430266,1,0,170.0,19.0
4429743,1,0,95.0,0.0
4428757,1,24,50.0,0.0
4428742,1,2,95.0,0.0
4428278,1,20,100.0,0.0
4427756,1,45,111.0,0.0
4445885,1,0,85.0,0.0
4445796,1,7,95.0,0.0
4445708,1,6,118.0,67.0
4445677,1,15,166.0,188.0
4445657,1,2,75.0,0.0
4445275,1,2,50.0,0.0
4445005,1,3,200.0,16.0
4444524,1,6,179.0,0.0
4444170,1,31,100.0,364.0
4443863,1,59,325.0,180.0
4443213,1,5,90.0,0.0
4442608,1,17,120.0,231.0
4441146,1,25,75.0,65.0
4441023,1,2,450.0,0.0
4441020,1,0,55.0,159.0
4439578,1,8,195.0,273.0
4458360,1,0,110.0,280.0
4457329,1,0,220.0,0.0
4457116,1,29,475.0,123.0
4455011,1,0,74.0,0.0
4454849,1,0,131.0,0.0
4454121,1,24,179.0,3.0
4453703,1,1,43.0,0.0
4453107,1,12,195.0,90.0
4452717,1,0,200.0,5.0
4452444,1,14,70.0,0.0
4451246,1,155,44.0,325.0
4451240,1,1,68.0,0.0
4448551,1,17,74.0,0.0
4447548,1,8,88.0,18.0
4446767,1,106,99.0,331.0
4446647,1,1,120.0,0.0
2715062,1,4,145.0,0.0
2714997,1,76,70.0,0.0
2714509,1,58,95.0,0.0
2714018,1,2,150.0,0.0
2712998,1,45,300.0,111.0
2712129,1,1,75.0,0.0
2711820,1,2,50.0,0.0
2708284,1,37,75.0,329.0
2707940,1,2,190.0,0.0
2707591,1,6,95.0,200.0
2707299,1,40,125.0,88.0
2707053,1,25,210.0,347.0
2706505,1,6,65.0,311.0
4460107,1,4,85.0,0.0
4460034,1,50,125.0,188.0
4459052,1,0,95.0,0.0
4473954,1,10,85.0,241.0
4473916,1,1,450.0,0.0
4473860,1,64,125.0,135.0
4473420,1,0,120.0,0.0
4471865,1,1,225.0,66.0
4471200,1,1,40.0,0.0
4469832,1,25,90.0,35.0
4467554,1,8,99.0,0.0
4464764,1,2,125.0,18.0
4463379,1,0,350.0,0.0
4463195,1,1,100.0,0.0
4463170,1,2,37.0,0.0
4462722,1,7,249.0,363.0
4462547,1,0,37.0,0.0
4461578,1,4,95.0,270.0
4461145,1,3,60.0,189.0
4498059,1,0,185.0,0.0
4497670,1,1,46.0,0.0
4497387,1,16,150.0,0.0
4495261,1,2,180.0,0.0
4494498,1,0,225.0,0.0
4494343,1,291,30.0,208.0
4493803,1,2,125.0,67.0
4492286,1,23,130.0,48.0
4491717,1,1,180.0,341.0
4487224,1,31,249.0,365.0
4487093,1,85,105.0,117.0
4483467,1,2,89.0,0.0
4481028,1,1,140.0,5.0
4478946,1,1,153.0,0.0
4476859,1,1,60.0,0.0
4476002,1,0,90.0,0.0
4516201,1,12,102.0,0.0
4516135,1,13,200.0,69.0
4516038,1,4,64.0,0.0
4515330,1,2,175.0,0.0
4514578,1,0,45.0,0.0
4514390,1,41,99.0,143.0
4513827,1,19,95.0,96.0
4510691,1,4,175.0,34.0
4509281,1,32,500.0,0.0
4508140,1,11,150.0,212.0
4505274,1,3,299.0,0.0
4504962,1,71,125.0,199.0
4501003,1,3,99.0,0.0
4500818,1,25,78.0,342.0
4499538,1,6,175.0,0.0
4498389,1,4,70.0,0.0
4540122,1,3,74.0,52.0
4538731,1,2,270.0,20.0
4538664,1,77,125.0,326.0
4537638,1,4,75.0,0.0
4536328,1,25,85.0,0.0
4534686,1,3,110.0,0.0
4532557,1,45,84.0,244.0
4532548,1,79,160.0,108.0
4530544,1,28,150.0,1.0
4524130,1,315,170.0,275.0
4523651,1,13,165.0,0.0
4522961,1,123,150.0,101.0
4520714,1,77,130.0,21.0
4518002,1,46,75.0,89.0
4517642,1,6,170.0,0.0
4517005,1,32,210.0,0.0
2705041,1,0,105.0,0.0
2703735,1,2,125.0,0.0
2702777,1,0,55.0,0.0
2702563,1,5,90.0,0.0
2702372,1,12,50.0,41.0
2702080,1,145,77.0,365.0
2701094,1,9,140.0,27.0
2700098,1,6,350.0,0.0
2699292,1,39,195.0,54.0
2698515,1,285,420.0,294.0
2697686,1,2,99.0,42.0
2697468,1,2,80.0,0.0
2697373,1,6,289.0,0.0
2696970,1,28,99.0,296.0
4543792,1,35,90.0,312.0
4540899,1,86,89.0,223.0
4572968,1,0,140.0,365.0
4568686,1,0,375.0,0.0
4565614,1,3,135.0,0.0
4564774,1,15,120.0,20.0
4564600,1,19,200.0,0.0
4563377,1,5,100.0,0.0
4554793,1,15,239.0,42.0
4552628,1,4,162.0,0.0
4549552,1,14,160.0,0.0
4549440,1,0,37.0,0.0
4549281,1,0,83.0,0.0
4549084,1,59,175.0,14.0
4547658,1,119,275.0,65.0
4547593,1,0,120.0,0.0
4543994,1,6,134.0,0.0
2705455,1,1,180.0,0.0
4589525,1,3,250.0,0.0
4586937,1,2,100.0,0.0
4586854,1,143,120.0,221.0
4582357,1,1,150.0,0.0
4582256,1,3,250.0,0.0
4582155,1,0,140.0,0.0
4581902,1,155,250.0,159.0
4581860,1,21,130.0,0.0
4581681,1,58,250.0,312.0
4581489,1,2,65.0,0.0
4580943,1,1,50.0,0.0
4580765,1,33,300.0,292.0
4578923,1,18,50.0,0.0
4576564,1,44,64.0,0.0
4576234,1,1,65.0,0.0
4575233,1,2,140.0,0.0
4606955,1,4,259.0,7.0
4606577,1,0,125.0,0.0
4602926,1,0,175.0,6.0
4602029,1,7,85.0,0.0
4601948,1,13,157.0,18.0
4601788,1,5,50.0,0.0
4600692,1,33,58.0,101.0
4600589,1,0,200.0,0.0
4599529,1,1,65.0,95.0
4597403,1,13,49.0,0.0
4596309,1,3,40.0,0.0
4594132,1,58,116.0,0.0
4592344,1,1,53.0,74.0
4592263,1,0,55.0,0.0
4591602,1,78,120.0,206.0
4590460,1,6,115.0,0.0
4622027,1,147,107.0,27.0
4621817,1,2,150.0,87.0
4621134,1,2,40.0,59.0
4619655,1,0,125.0,0.0
4619315,1,9,165.0,2.0
4619132,1,1,200.0,0.0
4618666,1,3,50.0,0.0
4618480,1,0,75.0,0.0
4617977,1,0,157.0,12.0
4617159,1,22,62.0,87.0
4616773,1,154,95.0,310.0
4613888,1,0,350.0,327.0
4613096,1,2,90.0,34.0
4612212,1,2,36.0,0.0
4611487,1,101,95.0,49.0
4607848,1,2,71.0,0.0
4631381,1,0,220.0,24.0
4630888,1,36,170.0,36.0
4630562,1,172,320.0,330.0
4629954,1,1,157.0,24.0
4629474,1,0,179.0,0.0
4629066,1,0,85.0,0.0
4628887,1,36,95.0,89.0
4628742,1,6,125.0,0.0
4628519,1,0,150.0,0.0
4625857,1,1,150.0,0.0
4624753,1,0,155.0,0.0
4623093,1,79,90.0,336.0
4623045,1,45,140.0,31.0
4622765,1,2,180.0,0.0
4622733,1,71,113.0,343.0
4622157,1,4,129.0,0.0
4655338,1,28,525.0,365.0
4655245,1,150,249.0,159.0
4655169,1,21,165.0,347.0
4654272,1,37,225.0,229.0
4654206,1,2,495.0,2.0
4654046,1,111,105.0,92.0
4653182,1,0,170.0,0.0
4646764,1,2,60.0,0.0
4645357,1,165,51.0,361.0
4644513,1,43,285.0,12.0
4644172,1,71,47.0,0.0
4642506,1,17,275.0,72.0
4636552,1,1,150.0,0.0
4636483,1,5,52.0,281.0
4634013,1,0,275.0,0.0
4631581,1,3,185.0,0.0
4672257,1,82,41.0,30.0
4671519,1,8,155.0,331.0
4671389,1,0,70.0,0.0
4670203,1,2,105.0,89.0
4670155,1,213,110.0,281.0
4668357,1,2,125.0,0.0
4667705,1,59,85.0,333.0
4667102,1,1,95.0,0.0
4665764,1,20,200.0,0.0
4661503,1,0,130.0,0.0
4660888,1,2,180.0,0.0
4658415,1,5,57.0,0.0
4657612,1,4,120.0,36.0
4656534,1,0,250.0,10.0
4655737,1,9,175.0,0.0
4655461,1,117,125.0,15.0
4690758,1,0,78.0,0.0
4690301,1,10,185.0,0.0
4688531,1,13,120.0,0.0
4688336,1,1,225.0,0.0
4687722,1,0,85.0,0.0
4685815,1,1,60.0,0.0
4684532,1,199,57.0,265.0
4683415,1,5,290.0,0.0
4683188,1,0,250.0,0.0
4680813,1,12,150.0,3.0
4680747,1,2,95.0,267.0
4679911,1,1,54.0,0.0
4678376,1,7,350.0,82.0
4677362,1,28,339.0,167.0
4677247,1,17,150.0,338.0
4675864,1,9,200.0,2.0
4722955,1,1,175.0,54.0
4719170,1,6,45.0,0.0
4718049,1,0,150.0,0.0
4712698,1,116,82.0,58.0
4712374,1,12,85.0,0.0
4711282,1,11,70.0,97.0
4705358,1,1,500.0,281.0
4704914,1,106,139.0,248.0
4702833,1,87,100.0,77.0
4702135,1,0,130.0,0.0
4696622,1,0,95.0,0.0
4694251,1,55,229.0,215.0
4693468,1,91,89.0,166.0
4693453,1,46,94.0,0.0
4691967,1,5,50.0,0.0
4691878,1,0,100.0,363.0
4765019,1,9,150.0,0.0
4757826,1,3,115.0,1.0
4754282,1,5,700.0,63.0
4751930,1,15,2500.0,89.0
4750332,1,0,800.0,358.0
4746193,1,163,120.0,161.0
4745560,1,0,130.0,0.0
4740447,1,76,175.0,321.0
4739974,1,0,70.0,0.0
4738242,1,3,160.0,0.0
4732500,1,0,95.0,0.0
4732049,1,7,275.0,129.0
4731785,1,1,200.0,88.0
4731046,1,0,70.0,188.0
4731044,1,0,50.0,0.0
4726696,1,1,145.0,0.0
2694451,1,28,135.0,211.0
2694297,1,3,95.0,78.0
2694253,1,0,199.0,365.0
2693076,1,0,90.0,157.0
2690800,1,6,117.0,0.0
2690202,1,0,375.0,0.0
2689908,1,177,59.0,3.0
2688409,1,0,55.0,363.0
2688383,1,1,143.0,0.0
2687920,1,1,94.0,3.0
2687435,1,25,95.0,6.0
2687071,1,21,135.0,15.0
2687009,1,5,135.0,0.0
2686052,1,39,225.0,0.0
2685965,1,0,120.0,0.0
2685943,1,30,60.0,67.0
4797755,1,53,170.0,0.0
4794638,1,52,134.0,262.0
4792728,1,9,80.0,0.0
4792032,1,9,300.0,32.0
4783987,1,141,199.0,130.0
4783045,1,1,52.0,0.0
4783028,1,4,250.0,0.0
4782600,1,90,150.0,184.0
4781753,1,0,100.0,0.0
4777135,1,19,56.0,0.0
4775716,1,21,165.0,146.0
4774053,1,23,145.0,13.0
4769812,1,7,120.0,8.0
4765670,1,233,105.0,294.0
4765290,1,3,65.0,0.0
4765119,1,4,149.0,165.0
4823737,1,0,250.0,0.0
4823243,1,9,139.0,57.0
4821730,1,4,175.0,0.0
4818484,1,24,70.0,5.0
4818113,1,34,60.0,116.0
4817341,1,6,200.0,7.0
4812440,1,0,250.0,0.0
4810688,1,43,175.0,37.0
4808861,1,0,125.0,0.0
4808242,1,28,110.0,34.0
4807448,1,0,35.0,0.0
4806989,1,0,189.0,0.0
4806931,1,1,450.0,360.0
4803115,1,5,150.0,0.0
4803103,1,0,60.0,18.0
4797813,1,56,250.0,134.0
4837614,1,2,329.0,0.0
4836650,1,1,350.0,0.0
4835582,1,185,130.0,300.0
4835399,1,0,250.0,0.0
4834187,1,37,165.0,343.0
4832845,1,275,80.0,45.0
4831440,1,12,100.0,0.0
4831239,1,0,75.0,0.0
4830699,1,9,162.0,0.0
4830234,1,51,100.0,172.0
4830078,1,15,85.0,82.0
4829797,1,1,63.0,0.0
4829216,1,0,115.0,0.0
4827009,1,0,60.0,0.0
4825815,1,9,95.0,0.0
4824082,1,0,115.0,0.0
4865463,1,0,195.0,0.0
4865452,1,1,200.0,0.0
4858280,1,7,149.0,4.0
4857962,1,5,235.0,3.0
4857042,1,105,95.0,98.0
4855335,1,4,125.0,364.0
4854680,1,0,59.0,0.0
4853070,1,0,300.0,0.0
4848828,1,28,170.0,333.0
4844390,1,9,110.0,0.0
4844209,1,0,90.0,0.0
4844197,1,12,60.0,0.0
4843750,1,152,160.0,281.0
4841646,1,24,40.0,0.0
4841046,1,30,105.0,85.0
4837798,1,107,50.0,209.0
4904811,1,230,90.0,125.0
4903508,1,90,290.0,41.0
4901731,1,15,98.0,29.0
4900788,1,4,130.0,0.0
4899404,1,46,115.0,0.0
4894525,1,9,279.0,0.0
4894044,1,28,100.0,88.0
4891915,1,36,85.0,69.0
4888892,1,157,145.0,221.0
4888599,1,209,179.0,202.0
4878479,1,0,130.0,0.0
4876826,1,1,333.0,110.0
4876817,1,1,41.0,0.0
4875631,1,0,200.0,0.0
4874700,1,0,975.0,149.0
4872812,1,2,100.0,0.0
4920604,1,23,78.0,0.0
4920221,1,3,189.0,358.0
4920111,1,4,100.0,0.0
4915579,1,0,160.0,0.0
4914270,1,1,175.0,0.0
4912237,1,7,95.0,0.0
4911550,1,166,90.0,104.0
4910820,1,30,94.0,218.0
4910739,1,31,700.0,54.0
4909923,1,54,195.0,97.0
4909308,1,26,243.0,149.0
4908941,1,43,180.0,82.0
4908332,1,8,70.0,0.0
4907734,1,14,45.0,0.0
4906960,1,65,160.0,7.0
4905474,1,0,60.0,0.0
2685092,1,2,115.0,19.0
2684478,1,16,160.0,0.0
2683773,1,63,100.0,7.0
2682735,1,50,175.0,1.0
2682346,1,4,75.0,0.0
2682322,1,0,150.0,0.0
2681844,1,0,115.0,0.0
2681756,1,0,170.0,0.0
2681144,1,13,81.0,8.0
2677753,1,0,895.0,365.0
2676750,1,0,90.0,0.0
2676438,1,16,110.0,0.0
4923567,1,32,135.0,84.0
4923436,1,2,250.0,0.0
4922765,1,0,80.0,0.0
4922378,1,6,275.0,191.0
4937803,1,8,75.0,365.0
4936739,1,42,103.0,221.0
4934112,1,49,46.0,81.0
4933848,1,4,90.0,0.0
4932419,1,6,130.0,1.0
4931159,1,17,85.0,0.0
4930847,1,103,56.0,65.0
4929873,1,163,84.0,294.0
4929807,1,48,250.0,217.0
4928687,1,2,175.0,0.0
4928083,1,14,76.0,0.0
4924711,1,37,95.0,193.0
4924477,1,5,94.0,47.0
4924435,1,3,225.0,188.0
4923854,1,2,150.0,8.0
2685910,1,0,100.0,0.0
4954283,1,120,75.0,90.0
4952877,1,3,255.0,0.0
4952537,1,0,225.0,0.0
4952512,1,12,140.0,156.0
4951037,1,5,200.0,0.0
4950822,1,0,150.0,0.0
4950369,1,28,145.0,188.0
4946655,1,6,125.0,0.0
4942658,1,14,70.0,0.0
4942450,1,17,126.0,0.0
4942156,1,2,80.0,8.0
4940167,1,26,99.0,0.0
4939914,1,3,250.0,0.0
4939720,1,8,88.0,0.0
4938485,1,25,140.0,157.0
4938247,1,163,70.0,163.0
4965751,1,8,189.0,7.0
4965750,1,92,165.0,127.0
4965665,1,0,95.0,156.0
4965107,1,4,120.0,42.0
4964848,1,2,35.0,0.0
4964784,1,108,140.0,278.0
4964682,1,43,131.0,317.0
4963379,1,62,86.0,0.0
4961381,1,3,130.0,299.0
4960457,1,0,215.0,25.0
4957149,1,28,190.0,283.0
4956248,1,14,100.0,0.0
4955986,1,0,249.0,253.0
4955560,1,22,220.0,8.0
4955499,1,4,200.0,124.0
4955205,1,68,280.0,280.0
4979093,1,1,90.0,0.0
4977373,1,5,300.0,20.0
4976872,1,116,118.0,228.0
4976428,1,92,295.0,316.0
4976277,1,19,200.0,155.0
4976240,1,26,100.0,2.0
4974196,1,2,157.0,0.0
4970579,1,77,50.0,33.0
4970150,1,18,249.0,0.0
4970027,1,78,77.0,168.0
4969033,1,30,90.0,0.0
4968801,1,0,75.0,0.0
4968673,1,2,200.0,71.0
4967965,1,42,350.0,275.0
4967319,1,19,325.0,0.0
4966907,1,41,145.0,0.0
4995411,1,92,125.0,247.0
4993337,1,2,110.0,0.0
4993126,1,14,109.0,0.0
4993038,1,1,300.0,0.0
4992804,1,1,75.0,0.0
4992559,1,12,200.0,0.0
4992081,1,10,84.0,4.0
4991034,1,5,175.0,16.0
4983838,1,14,103.0,13.0
4983469,1,5,174.0,0.0
4983133,1,7,90.0,269.0
4982496,1,0,85.0,0.0
4980733,1,38,300.0,361.0
4980714,1,1,100.0,0.0
4980428,1,13,160.0,335.0
4979473,1,0,175.0,0.0
5019619,1,4,75.0,0.0
5018907,1,8,225.0,342.0
5018185,1,1,60.0,0.0
5017724,1,4,200.0,365.0
5017615,1,3,115.0,0.0
5016524,1,2,45.0,0.0
5013592,1,0,75.0,0.0
5008954,1,19,100.0,0.0
5008870,1,129,135.0,242.0
5007316,1,6,195.0,2.0
5004109,1,45,225.0,255.0
5003239,1,20,170.0,364.0
5002183,1,3,148.0,0.0
4999887,1,0,135.0,226.0
4998154,1,0,80.0,0.0
4996789,1,146,142.0,78.0
5043049,1,1,80.0,0.0
5042891,1,0,260.0,0.0
5042847,1,9,195.0,0.0
5041830,1,1,80.0,0.0
5032943,1,2,175.0,342.0
5030772,1,13,120.0,0.0
5028297,1,1,159.0,327.0
5026324,1,1,79.0,0.0
5025809,1,1,100.0,0.0
5025692,1,13,225.0,0.0
5025046,1,100,85.0,63.0
5024658,1,1,130.0,9.0
5024128,1,31,70.0,319.0
5023498,1,116,150.0,165.0
5022499,1,0,40.0,0.0
5022142,1,4,90.0,0.0
5065719,1,2,60.0,0.0
5064974,1,5,180.0,0.0
5064855,1,18,180.0,72.0
5064742,1,0,200.0,0.0
5062254,1,20,155.0,0.0
5060814,1,0,170.0,0.0
5059784,1,10,125.0,0.0
5057804,1,16,125.0,25.0
5052897,1,17,55.0,41.0
5050537,1,40,69.0,3.0
5049863,1,1,45.0,0.0
5048868,1,261,295.0,245.0
5048861,1,3,101.0,0.0
5047712,1,3,215.0,0.0
5047156,1,30,75.0,0.0
5044922,1,3,99.0,0.0
5079985,1,4,165.0,188.0
5078978,1,2,420.0,0.0
5076469,1,2,95.0,0.0
5075354,1,8,100.0,0.0
5075049,1,2,133.0,0.0
5074874,1,3,225.0,6.0
5074556,1,4,94.0,364.0
5074343,1,0,65.0,0.0
5073789,1,111,500.0,88.0
5073548,1,6,300.0,0.0
5073448,1,2,100.0,0.0
5072735,1,0,150.0,0.0
5071632,1,47,81.0,287.0
5069809,1,29,65.0,333.0
5067783,1,53,125.0,42.0
5067409,1,15,75.0,178.0
5110884,1,0,70.0,0.0
5110818,1,14,134.0,0.0
5108882,1,18,170.0,0.0
5107938,1,2,54.0,0.0
5102579,1,6,144.0,0.0
5099333,1,0,800.0,37.0
5099080,1,7,299.0,0.0
5097458,1,30,70.0,364.0
5095576,1,30,91.0,0.0
5095364,1,1,1200.0,27.0
5091423,1,1,225.0,26.0
5086937,1,79,110.0,80.0
5085951,1,22,100.0,292.0
5085741,1,0,55.0,0.0
5083652,1,6,150.0,4.0
5081260,1,38,208.0,313.0
5130754,1,3,100.0,4.0
5125933,1,3,80.0,0.0
5124437,1,4,189.0,0.0
5123477,1,2,120.0,1.0
5123299,1,4,45.0,0.0
5123160,1,7,130.0,0.0
5121858,1,31,44.0,365.0
5120972,1,122,176.0,54.0
5120853,1,2,175.0,0.0
5120616,1,0,150.0,0.0
5120563,1,2,210.0,138.0
5118419,1,0,1500.0,365.0
5117939,1,177,100.0,214.0
5117805,1,14,65.0,0.0
5111838,1,19,99.0,11.0
5111513,1,26,175.0,188.0
2675644,1,0,5000.0,344.0
2674637,1,0,120.0,0.0
2673332,1,20,395.0,9.0
2673168,1,38,53.0,312.0
2672883,1,12,175.0,0.0
2671902,1,0,60.0,59.0
2671491,1,38,188.0,261.0
2670322,1,0,40.0,0.0
2670192,1,1,385.0,89.0
2670024,1,1,120.0,128.0
2666654,1,268,120.0,139.0
2666466,1,37,130.0,38.0
2665690,1,10,150.0,30.0
2665225,1,1,150.0,0.0
2662538,1,204,84.0,319.0
5132019,1,8,190.0,3.0
5149997,1,0,140.0,0.0
5148966,1,23,160.0,30.0
5143901,1,5,10000.0,0.0
5143511,1,0,125.0,0.0
5143286,1,5,120.0,79.0
5140888,1,0,31.0,0.0
5140287,1,8,90.0,0.0
5140244,1,2,199.0,0.0
5139965,1,3,195.0,0.0
5138621,1,1,140.0,0.0
5138312,1,11,50.0,269.0
5137740,1,0,125.0,0.0
5134018,1,10,100.0,249.0
5133495,1,8,150.0,0.0
5133087,1,0,175.0,0.0
2675913,1,0,1000.0,0.0
5167068,1,12,215.0,6.0
5166260,1,51,80.0,34.0
5165518,1,2,135.0,0.0
5165317,1,0,170.0,0.0
5163395,1,0,75.0,0.0
5162894,1,28,120.0,17.0
5162530,1,0,145.0,0.0
5161217,1,2,425.0,1.0
5160894,1,26,129.0,0.0
5160726,1,3,200.0,166.0
5160639,1,19,190.0,2.0
5158569,1,7,115.0,0.0
5153401,1,1,160.0,86.0
5153110,1,9,185.0,0.0
5152761,1,23,200.0,0.0
5151544,1,54,63.0,344.0
5180117,1,20,140.0,37.0
5179817,1,0,275.0,0.0
5179443,1,7,195.0,0.0
5178818,1,28,129.0,93.0
5178414,1,0,250.0,32.0
5176117,1,2,250.0,63.0
5175407,1,20,35.0,0.0
5175067,1,9,395.0,0.0
5175035,1,3,300.0,0.0
5174082,1,1,75.0,0.0
5173736,1,7,1000.0,286.0
5173627,1,24,1095.0,240.0
5172606,1,0,175.0,0.0
5170691,1,49,140.0,16.0
5170481,1,5,90.0,50.0
5168429,1,17,65.0,11.0
5213766,1,157,120.0,68.0
5213686,1,2,70.0,0.0
5213327,1,0,150.0,0.0
5207582,1,0,100.0,0.0
5206786,1,12,155.0,2.0
5202854,1,129,100.0,281.0
5201405,1,71,295.0,89.0
5191980,1,0,200.0,0.0
5191738,1,36,75.0,0.0
5190439,1,9,55.0,0.0
5189987,1,25,190.0,0.0
5189524,1,22,120.0,0.0
5188470,1,11,65.0,19.0
5186189,1,10,249.0,5.0
5182228,1,6,300.0,0.0
5180222,1,4,150.0,0.0
5236664,1,1,300.0,284.0
5235811,1,0,67.0,0.0
5234625,1,2,50.0,0.0
5231131,1,0,150.0,0.0
5230482,1,64,145.0,132.0
5226800,1,0,100.0,0.0
5226684,1,2,45.0,0.0
5226176,1,2,143.0,9.0
5225737,1,19,300.0,219.0
5225104,1,19,68.0,28.0
5225042,1,6,150.0,0.0
5224789,1,3,150.0,3.0
5221013,1,2,80.0,3.0
5220670,1,3,75.0,0.0
5214644,1,67,84.0,0.0
5214227,1,1,90.0,63.0
5261137,1,15,250.0,15.0
5260367,1,1,150.0,91.0
5259567,1,0,139.0,0.0
5252932,1,0,60.0,0.0
5251483,1,2,170.0,0.0
5245797,1,5,115.0,0.0
5245246,1,27,95.0,320.0
5244814,1,1,200.0,0.0
5244243,1,0,290.0,0.0
5243858,1,144,200.0,263.0
5243832,1,44,100.0,41.0
5242693,1,9,45.0,90.0
5242569,1,1,85.0,0.0
5241234,1,0,100.0,247.0
5239845,1,324,62.0,267.0
5238157,1,5,125.0,0.0
2657134,1,16,128.0,0.0
2656413,1,18,58.0,0.0
2656209,1,0,55.0,0.0
2653685,1,74,120.0,333.0
2653232,1,0,133.0,0.0
2653156,1,38,200.0,170.0
2650644,1,12,70.0,38.0
2650097,1,10,58.0,0.0
2648270,1,1,74.0,0.0
2648088,1,109,129.0,261.0
2647893,1,0,125.0,347.0
2647043,1,23,152.0,365.0
5267723,1,0,110.0,0.0
5265824,1,0,77.0,0.0
5264588,1,7,175.0,341.0
5261297,1,45,52.0,57.0
5289072,1,35,64.0,329.0
5288346,1,1,120.0,1.0
5287536,1,0,120.0,0.0
5286584,1,53,100.0,350.0
5283769,1,149,140.0,16.0
5283121,1,1,65.0,98.0
5280006,1,27,58.0,0.0
5279180,1,0,170.0,0.0
5278115,1,1,200.0,320.0
5273020,1,1,100.0,40.0
5270447,1,0,150.0,0.0
5269420,1,2,125.0,0.0
5268970,1,51,75.0,127.0
5268758,1,172,125.0,234.0
5268463,1,13,120.0,201.0
2660650,1,46,100.0,284.0
5313154,1,0,199.0,98.0
5309521,1,0,220.0,234.0
5309364,1,7,41.0,0.0
5309160,1,15,94.0,309.0
5309143,1,85,63.0,235.0
5308961,1,159,190.0,244.0
5305576,1,5,115.0,76.0
5304248,1,8,65.0,0.0
5302382,1,10,850.0,10.0
5300585,1,81,220.0,217.0
5300413,1,0,60.0,125.0
5299551,1,7,70.0,0.0
5295202,1,42,115.0,38.0
5293735,1,12,105.0,0.0
5291405,1,5,149.0,0.0
5291029,1,111,108.0,0.0
5335417,1,9,195.0,47.0
5334994,1,3,75.0,79.0
5333953,1,5,215.0,18.0
5333736,1,65,159.0,1.0
5333348,1,0,500.0,0.0
5330919,1,0,90.0,188.0
5330754,1,0,300.0,310.0
5325719,1,8,450.0,123.0
5325489,1,9,135.0,266.0
5325431,1,0,68.0,0.0
5325177,1,2,85.0,0.0
5321130,1,77,365.0,112.0
5317451,1,1,90.0,0.0
5317124,1,16,145.0,96.0
5317044,1,0,109.0,62.0
5314938,1,18,94.0,0.0
5353151,1,21,72.0,61.0
5352419,1,1,550.0,220.0
5352357,1,2,83.0,0.0
5350903,1,48,125.0,48.0
5350896,1,30,175.0,24.0
5350359,1,61,169.0,59.0
5349999,1,13,100.0,0.0
5348587,1,1,75.0,0.0
5346314,1,1,195.0,0.0
5341060,1,33,149.0,313.0
5339881,1,11,325.0,363.0
5339839,1,0,295.0,0.0
5339759,1,10,499.0,365.0
5339419,1,0,220.0,6.0
5338560,1,14,95.0,275.0
5338040,1,7,185.0,341.0
5369934,1,5,198.0,0.0
5369840,1,0,105.0,22.0
5369757,1,55,149.0,354.0
5369287,1,13,130.0,188.0
5368671,1,39,94.0,4.0
5368201,1,0,195.0,20.0
5367097,1,0,45.0,0.0
5365438,1,1,50.0,0.0
5364702,1,54,199.0,322.0
5362257,1,74,130.0,16.0
5361360,1,6,200.0,0.0
5360450,1,5,60.0,0.0
5358010,1,1,145.0,12.0
5354888,1,169,80.0,233.0
5354308,1,260,85.0,254.0
5354200,1,68,125.0,261.0
5397742,1,0,250.0,0.0
5392354,1,2,180.0,0.0
5390302,1,0,140.0,0.0
5388411,1,0,90.0,0.0
5386695,1,0,55.0,365.0
5385509,1,3,28.0,0.0
5383703,1,29,170.0,173.0
5380471,1,2,125.0,0.0
5379884,1,5,60.0,0.0
5378922,1,3,130.0,329.0
5378851,1,2,115.0,95.0
5375870,1,46,130.0,28.0
5374768,1,1,170.0,273.0
5374369,1,24,245.0,13.0
5374258,1,7,100.0,0.0
5371388,1,3,100.0,5.0
5417646,1,3,120.0,0.0
5417600,1,4,200.0,173.0
5417308,1,1,86.0,0.0
5416971,1,21,97.0,0.0
5413500,1,0,95.0,0.0
5412248,1,1,95.0,219.0
5408649,1,0,55.0,0.0
5407657,1,48,110.0,0.0
5407403,1,50,80.0,6.0
5402500,1,27,114.0,13.0
5402234,1,9,50.0,28.0
5401988,1,5,65.0,0.0
5400884,1,2,99.0,0.0
5400205,1,22,120.0,357.0
5399668,1,17,75.0,0.0
5399418,1,0,30.0,0.0
5437444,1,24,76.0,0.0
5435740,1,96,99.0,0.0
5435713,1,6,225.0,188.0
5435208,1,96,160.0,298.0
5435074,1,28,150.0,364.0
5434492,1,0,200.0,0.0
5434236,1,11,188.0,144.0
5430458,1,45,95.0,93.0
5429885,1,147,100.0,66.0
5425440,1,2,48.0,0.0
5424751,1,0,475.0,364.0
5422083,1,2,600.0,0.0
5421086,1,0,110.0,102.0
5421054,1,8,175.0,0.0
5420713,1,16,225.0,364.0
5418972,1,11,125.0,0.0
2646237,1,18,140.0,134.0
2644519,1,160,195.0,68.0
2642222,1,19,179.0,0.0
2642103,1,2,100.0,0.0
2642093,1,1,75.0,0.0
2641574,1,8,215.0,0.0
2640854,1,9,249.0,0.0
2640845,1,38,128.0,20.0
2640773,1,116,95.0,226.0
2640420,1,20,99.0,1.0
2640100,1,43,217.0,0.0
2640056,1,2,225.0,0.0
2638806,1,0,110.0,0.0
2638171,1,0,90.0,364.0
2637874,1,60,140.0,197.0
5438325,1,25,170.0,177.0
5458990,1,21,199.0,10.0
5454862,1,185,97.0,6.0
5454390,1,255,113.0,41.0
5454042,1,14,54.0,0.0
5452701,1,0,100.0,6.0
5450219,1,16,255.0,33.0
5449480,1,1,175.0,189.0
5446918,1,34,300.0,365.0
5445919,1,3,75.0,0.0
5445371,1,1,219.0,0.0
5445262,1,8,125.0,0.0
5444717,1,2,175.0,0.0
5441056,1,4,85.0,67.0
5440952,1,0,75.0,0.0
5440411,1,10,64.0,0.0
5439134,1,1,150.0,5.0
5477538,1,1,64.0,90.0
5476918,1,0,75.0,0.0
5476372,1,3,35.0,0.0
5474579,1,0,85.0,0.0
5469063,1,1,200.0,24.0
5468901,1,1,60.0,0.0
5468528,1,68,189.0,83.0
5468033,1,108,300.0,318.0
5466759,1,0,99.0,0.0
5466191,1,28,950.0,357.0
5466113,1,42,95.0,2.0
5465947,1,6,65.0,0.0
5464042,1,130,80.0,0.0
5463220,1,175,201.0,68.0
5462007,1,8,245.0,5.0
5461672,1,1,115.0,0.0
5502239,1,3,130.0,0.0
5499064,1,87,45.0,258.0
5498979,1,0,79.0,8.0
5494184,1,1,140.0,5.0
5489956,1,3,125.0,0.0
5487321,1,0,90.0,0.0
5485733,1,19,150.0,0.0
5485647,1,2,300.0,0.0
5483699,1,51,789.0,175.0
5481728,1,6,145.0,0.0
5480570,1,200,145.0,303.0
5480385,1,0,200.0,0.0
5480274,1,9,80.0,0.0
5479882,1,72,100.0,19.0
5479861,1,18,160.0,2.0
5479559,1,206,70.0,15.0
5530093,1,5,180.0,0.0
5529633,1,43,75.0,9.0
5525273,1,1,399.0,364.0
5524607,1,35,95.0,28.0
5524422,1,1,520.0,24.0
5524401,1,21,63.0,0.0
5522547,1,1,100.0,89.0
5520355,1,98,195.0,94.0
5516133,1,7,100.0,0.0
5514044,1,1,199.0,0.0
5513694,1,49,200.0,205.0
5512719,1,66,191.0,347.0
5508109,1,2,90.0,53.0
5504415,1,2,110.0,0.0
5503926,1,16,250.0,271.0
5503249,1,29,125.0,347.0
5556564,1,3,499.0,1.0
5553132,1,6,125.0,0.0
5552587,1,14,99.0,306.0
5549854,1,2,170.0,5.0
5549408,1,4,140.0,0.0
5549166,1,0,95.0,0.0
5548597,1,6,150.0,0.0
5547103,1,0,75.0,81.0
5546836,1,1,150.0,0.0
5545129,1,2,110.0,0.0
5540379,1,62,95.0,34.0
5537011,1,6,175.0,176.0
5536387,1,43,117.0,88.0
5535265,1,11,500.0,365.0
5533135,1,55,99.0,182.0
5531489,1,13,75.0,3.0
5572415,1,1,100.0,11.0
5570436,1,15,100.0,359.0
5569222,1,3,199.0,36.0
5569141,1,20,75.0,29.0
5568352,1,2,200.0,15.0
5565918,1,54,101.0,0.0
5564361,1,1,130.0,43.0
5564276,1,0,75.0,0.0
5563508,1,48,225.0,339.0
5561816,1,191,95.0,207.0
5561136,1,0,60.0,0.0
5560274,1,3,250.0,179.0
5559432,1,2,200.0,0.0
5559293,1,10,150.0,36.0
5558013,1,2,80.0,0.0
5557052,1,5,110.0,0.0
2637013,1,15,102.0,0.0
2635819,1,19,59.0,0.0
2631556,1,0,359.0,365.0
2631234,1,276,165.0,146.0
2631054,1,8,150.0,0.0
2630351,1,36,102.0,21.0
2629017,1,54,75.0,64.0
2628354,1,5,200.0,0.0
2626535,1,1,73.0,0.0
2624738,1,153,225.0,205.0
2623620,1,3,142.0,0.0
2622616,1,0,220.0,0.0
2622041,1,10,135.0,15.0
5574626,1,1,59.0,0.0
5574620,1,5,220.0,0.0
5573250,1,2,70.0,0.0
5603037,1,9,250.0,44.0
5602641,1,174,135.0,5.0
5601966,1,35,375.0,79.0
5598880,1,7,135.0,99.0
5596242,1,5,235.0,3.0
5594198,1,29,250.0,44.0
5593208,1,0,550.0,365.0
5592151,1,0,130.0,243.0
5591685,1,10,200.0,11.0
5589082,1,18,689.0,340.0
5588820,1,4,159.0,1.0
5585945,1,162,125.0,300.0
5582262,1,56,99.0,14.0
5581683,1,25,82.0,0.0
5579700,1,0,2000.0,0.0
5576749,1,9,75.0,0.0
5623834,1,29,100.0,326.0
5622682,1,10,85.0,149.0
5622480,1,176,250.0,275.0
5613109,1,13,120.0,115.0
5612625,1,55,95.0,0.0
5611846,1,0,200.0,0.0
5611490,1,33,150.0,80.0
5610823,1,5,261.0,0.0
5610754,1,14,150.0,128.0
5609081,1,13,290.0,277.0
5608167,1,12,100.0,8.0
5606448,1,71,249.0,273.0
5606004,1,9,80.0,0.0
5605897,1,0,100.0,0.0
5605755,1,52,150.0,342.0
5604089,1,3,200.0,0.0
5644804,1,31,300.0,99.0
5644215,1,13,152.0,241.0
5642757,1,9,100.0,0.0
5641193,1,59,140.0,126.0
5641114,1,29,50.0,0.0
5641042,1,132,75.0,333.0
5640467,1,1,117.0,0.0
5640444,1,5,200.0,35.0
5639390,1,0,130.0,0.0
5637573,1,39,175.0,55.0
5635997,1,5,400.0,108.0
5628991,1,0,85.0,0.0
5628508,1,7,45.0,0.0
5628243,1,10,95.0,0.0
5626253,1,9,116.0,0.0
5625684,1,2,130.0,31.0
5664549,1,4,250.0,43.0
5663719,1,6,61.0,213.0
5663597,1,11,350.0,21.0
5663328,1,0,75.0,0.0
5662533,1,4,175.0,0.0
5662183,1,166,80.0,8.0
5659683,1,5,100.0,8.0
5658953,1,66,60.0,232.0
5658754,1,1,655.0,0.0
5657756,1,7,225.0,0.0
5655889,1,47,499.0,341.0
5654454,1,11,90.0,279.0
5650951,1,6,75.0,0.0
5650826,1,2,40.0,0.0
5649853,1,23,177.0,214.0
5647813,1,12,69.0,365.0
5677896,1,4,57.0,0.0
5671308,1,10,135.0,0.0
5669820,1,26,115.0,16.0
5669527,1,96,99.0,31.0
5668894,1,2,50.0,0.0
5668786,1,244,100.0,52.0
5668550,1,18,175.0,0.0
5668546,1,0,103.0,0.0
5668544,1,0,200.0,132.0
5668108,1,7,250.0,0.0
5666720,1,0,100.0,220.0
5665728,1,0,300.0,0.0
5665583,1,0,150.0,0.0
5665090,1,1,135.0,15.0
5664607,1,3,110.0,2.0
5664550,1,35,95.0,320.0
5691429,1,5,100.0,0.0
5691195,1,0,75.0,0.0
5690047,1,2,50.0,0.0
5689587,1,27,90.0,173.0
5687436,1,0,200.0,0.0
5684941,1,16,59.0,54.0
5684780,1,3,90.0,0.0
5684580,1,34,55.0,0.0
5682956,1,40,76.0,34.0
5682003,1,38,125.0,3.0
5681729,1,5,130.0,231.0
5680409,1,0,100.0,363.0
5679552,1,2,175.0,0.0
5679237,1,0,275.0,188.0
5679153,1,17,50.0,0.0
5678260,1,0,249.0,85.0
5716241,1,6,140.0,0.0
5715779,1,0,95.0,0.0
5715157,1,19,200.0,285.0
5714455,1,232,196.0,261.0
5709606,1,24,175.0,0.0
5709288,1,1,220.0,0.0
5708821,1,4,150.0,16.0
5708673,1,1,120.0,15.0
5708402,1,0,95.0,149.0
5707879,1,0,150.0,0.0
5707409,1,226,100.0,221.0
5704909,1,1,160.0,0.0
5700708,1,2,75.0,0.0
5699385,1,13,140.0,24.0
5693756,1,182,120.0,72.0
5693024,1,1,40.0,0.0
2621935,1,1,80.0,0.0
2620162,1,92,300.0,106.0
2619307,1,6,180.0,0.0
2618273,1,1,390.0,89.0
2617850,1,82,280.0,41.0
2616981,1,3,135.0,60.0
2613671,1,38,135.0,359.0
2612106,1,0,100.0,0.0
2611503,1,49,225.0,322.0
2610741,1,26,190.0,42.0
2610519,1,2,250.0,0.0
2610288,1,55,105.0,18.0
2610233,1,99,221.0,110.0
2609535,1,19,165.0,259.0
2609335,1,3,300.0,345.0
2608356,1,0,100.0,222.0
5735779,1,11,98.0,0.0
5735174,1,17,120.0,59.0
5734689,1,13,159.0,10.0
5732940,1,1,225.0,314.0
5732761,1,68,120.0,0.0
5731144,1,0,65.0,0.0
5725732,1,1,30.0,0.0
5723770,1,0,750.0,89.0
5722995,1,87,240.0,77.0
5721788,1,6,65.0,0.0
5720429,1,66,325.0,67.0
5720054,1,109,150.0,358.0
5719998,1,23,75.0,0.0
5719667,1,15,1500.0,54.0
5719436,1,1,1100.0,365.0
5718871,1,1,59.0,64.0
5744776,1,4,153.0,3.0
5744488,1,0,45.0,0.0
5744448,1,0,85.0,0.0
5744362,1,1,150.0,276.0
5743711,1,2,75.0,0.0
5743700,1,1,200.0,0.0
5742948,1,9,199.0,0.0
5742326,1,1,48.0,0.0
5742112,1,0,100.0,0.0
5741728,1,14,57.0,0.0
5741089,1,6,80.0,0.0
5740704,1,0,82.0,0.0
5740424,1,1,200.0,0.0
5739699,1,3,500.0,0.0
5736671,1,10,160.0,8.0
5735865,1,23,70.0,87.0
5764600,1,0,70.0,0.0
5761174,1,1,151.0,14.0
5761173,1,11,162.0,0.0
5761098,1,2,485.0,1.0
5761096,1,1,80.0,0.0
5760525,1,51,105.0,208.0
5759665,1,9,120.0,0.0
5758215,1,0,350.0,173.0
5758101,1,13,300.0,365.0
5754627,1,9,94.0,0.0
5752329,1,9,90.0,0.0
5751206,1,58,96.0,364.0
5749899,1,128,195.0,278.0
5749658,1,10,70.0,3.0
5749328,1,36,160.0,318.0
5748117,1,25,75.0,170.0
5778935,1,4,135.0,0.0
5778653,1,1,45.0,0.0
5777821,1,2,100.0,0.0
5777779,1,0,150.0,158.0
5777244,1,10,175.0,0.0
5776966,1,21,61.0,16.0
5775499,1,11,60.0,0.0
5775272,1,0,125.0,0.0
5772472,1,0,500.0,0.0
5772223,1,8,100.0,69.0
5771331,1,20,190.0,0.0
5769963,1,0,150.0,0.0
5769728,1,12,67.0,332.0
5769367,1,12,450.0,83.0
5768957,1,136,169.0,279.0
5768571,1,0,390.0,28.0
5800619,1,136,195.0,203.0
5800174,1,17,70.0,26.0
5800161,1,11,117.0,324.0
5795423,1,3,80.0,1.0
5794062,1,2,93.0,5.0
5792120,1,44,102.0,38.0
5791944,1,1,55.0,0.0
5790819,1,3,75.0,0.0
5789204,1,52,37.0,70.0
5788393,1,19,105.0,0.0
5788047,1,10,150.0,6.0
5787701,1,68,115.0,10.0
5785497,1,22,40.0,4.0
5785240,1,80,120.0,245.0
5783747,1,29,316.0,6.0
5781885,1,6,285.0,0.0
5835210,1,3,110.0,342.0
5829904,1,2,70.0,0.0
5828974,1,2,150.0,0.0
5828836,1,1,255.0,0.0
5827529,1,8,160.0,0.0
5826163,1,1,90.0,90.0
5825467,1,1,110.0,21.0
5817533,1,0,75.0,0.0
5817532,1,7,600.0,42.0
5817011,1,112,116.0,127.0
5814274,1,0,225.0,0.0
5812675,1,0,89.0,0.0
5810978,1,142,127.0,2.0
5809327,1,6,80.0,282.0
5805675,1,2,140.0,0.0
5803786,1,1,75.0,0.0
2604247,1,1,150.0,0.0
2603586,1,0,150.0,6.0
2601002,1,11,80.0,0.0
2600209,1,0,60.0,0.0
2599664,1,1,170.0,0.0
2598844,1,49,50.0,47.0
2598539,1,206,120.0,278.0
2596736,1,6,175.0,5.0
2596681,1,10,110.0,0.0
2596096,1,4,150.0,0.0
2594389,1,0,200.0,345.0
5838825,1,0,200.0,0.0
5838331,1,0,249.0,0.0
5837033,1,116,199.0,300.0
5836431,1,0,400.0,0.0
5835731,1,5,79.0,0.0
5862053,1,19,400.0,46.0
5861806,1,4,140.0,0.0
5861233,1,2,50.0,0.0
5861197,1,2,190.0,0.0
5857948,1,6,182.0,32.0
5855892,1,0,75.0,0.0
5855485,1,3,83.0,6.0
5855080,1,7,110.0,67.0
5854655,1,1,200.0,0.0
5849048,1,1,169.0,180.0
5848607,1,246,125.0,216.0
5848252,1,11,70.0,0.0
5847816,1,2,700.0,174.0
5845384,1,0,215.0,33.0
2605122,1,3,55.0,0.0
2605064,1,194,220.0,338.0
5895565,1,0,85.0,0.0
5895535,1,3,200.0,0.0
5895282,1,9,135.0,0.0
5894425,1,52,200.0,193.0
5891676,1,40,65.0,0.0
5887537,1,1,80.0,18.0
5885714,1,14,485.0,54.0
5882165,1,0,139.0,0.0
5879951,1,5,68.0,0.0
5872605,1,0,395.0,0.0
5872286,1,34,110.0,12.0
5869629,1,0,300.0,0.0
5867412,1,8,158.0,283.0
5867023,1,146,145.0,148.0
5865860,1,2,120.0,0.0
5863772,1,5,225.0,0.0
5917464,1,148,99.0,29.0
5916186,1,7,110.0,3.0
5914717,1,59,50.0,0.0
5913612,1,1,150.0,0.0
5912572,1,5,29.0,321.0
5912357,1,60,85.0,247.0
5910667,1,0,168.0,46.0
5909206,1,323,58.0,284.0
5907325,1,32,2300.0,139.0
5905011,1,182,98.0,312.0
5903619,1,45,125.0,322.0
5900670,1,0,140.0,24.0
5898139,1,1,185.0,0.0
5897784,1,1,49.0,0.0
5897760,1,145,50.0,211.0
5896802,1,7,110.0,90.0
5944855,1,2,150.0,92.0
5944756,1,6,138.0,356.0
5944682,1,243,185.0,127.0
5944076,1,15,49.0,251.0
5944004,1,0,68.0,0.0
5943212,1,70,109.0,339.0
5938496,1,26,149.0,0.0
5937189,1,8,45.0,2.0
5934575,1,6,89.0,35.0
5929127,1,0,150.0,0.0
5927655,1,27,115.0,56.0
5926785,1,0,205.0,0.0
5925984,1,60,175.0,357.0
5925222,1,1,65.0,0.0
5922211,1,2,120.0,0.0
5919678,1,8,140.0,0.0
5960171,1,2,125.0,0.0
5959857,1,2,40.0,0.0
5958193,1,0,140.0,62.0
5957620,1,86,95.0,86.0
5957027,1,126,180.0,74.0
5955262,1,46,95.0,244.0
5954813,1,0,120.0,179.0
5953913,1,0,220.0,0.0
5953382,1,5,100.0,0.0
5950785,1,9,230.0,0.0
5949541,1,68,80.0,50.0
5945833,1,7,240.0,99.0
5945683,1,3,200.0,3.0
5945526,1,12,150.0,0.0
5945241,1,8,80.0,0.0
5944946,1,103,99.0,264.0
2592109,1,20,160.0,43.0
2591842,1,2,57.0,5.0
2590902,1,92,120.0,130.0
2590864,1,32,110.0,330.0
2590219,1,0,175.0,0.0
2589521,1,26,265.0,341.0
2589215,1,5,100.0,7.0
2588808,1,4,125.0,0.0
2587680,1,7,100.0,37.0
2584371,1,39,50.0,1.0
2584324,1,13,165.0,0.0
2582890,1,16,50.0,60.0
5970733,1,17,100.0,18.0
5967944,1,0,150.0,0.0
5963594,1,0,175.0,0.0
5962196,1,17,135.0,365.0
5993014,1,0,75.0,6.0
5992129,1,7,150.0,14.0
5990565,1,6,76.0,0.0
5983145,1,51,120.0,202.0
5982945,1,5,97.0,365.0
5982086,1,9,77.0,0.0
5976443,1,6,150.0,137.0
5976214,1,2,30.0,0.0
5974094,1,3,200.0,188.0
5972975,1,2,75.0,0.0
5972246,1,3,45.0,0.0
5971983,1,2,77.0,161.0
5971264,1,0,60.0,83.0
5971251,1,123,176.0,268.0
2593268,1,122,399.0,109.0
2593193,1,0,200.0,11.0
6004082,1,20,175.0,12.0
6003891,1,3,70.0,0.0
6003040,1,161,198.0,252.0
6002245,1,44,80.0,198.0
6002231,1,0,59.0,89.0
6001984,1,4,190.0,0.0
6001762,1,0,60.0,365.0
6001746,1,0,60.0,0.0
6000480,1,4,220.0,0.0
5999440,1,188,175.0,203.0
5998815,1,16,85.0,9.0
5998033,1,3,36.0,0.0
5997660,1,11,105.0,0.0
5997182,1,7,200.0,166.0
5993775,1,4,110.0,0.0
5993276,1,0,60.0,362.0
6026276,1,0,63.0,0.0
6025804,1,0,29.0,0.0
6024063,1,1,50.0,25.0
6024006,1,0,190.0,365.0
6023360,1,1,50.0,0.0
6023250,1,4,175.0,27.0
6022622,1,2,125.0,0.0
6016424,1,54,72.0,71.0
6013624,1,0,55.0,0.0
6012816,1,7,200.0,0.0
6010467,1,23,85.0,0.0
6010437,1,46,100.0,10.0
6009690,1,4,126.0,3.0
6007970,1,31,45.0,0.0
6004860,1,0,79.0,333.0
6004716,1,0,75.0,0.0
6045456,1,16,60.0,313.0
6044561,1,0,295.0,0.0
6042053,1,32,200.0,317.0
6041929,1,11,220.0,189.0
6041148,1,2,137.0,0.0
6040624,1,138,155.0,225.0
6034691,1,2,80.0,0.0
6034354,1,41,195.0,170.0
6032945,1,0,110.0,0.0
6032380,1,22,80.0,0.0
6032373,1,2,200.0,0.0
6031454,1,2,40.0,0.0
6030450,1,6,80.0,179.0
6030235,1,32,130.0,184.0
6028908,1,0,38.0,0.0
6028102,1,47,200.0,0.0
6059987,1,2,95.0,0.0
6059542,1,0,100.0,364.0
6057941,1,0,150.0,0.0
6057624,1,67,240.0,321.0
6057126,1,3,175.0,321.0
6055938,1,36,200.0,248.0
6051934,1,7,80.0,358.0
6051414,1,2,225.0,138.0
6051149,1,12,140.0,66.0
6050632,1,1,159.0,0.0
6050369,1,0,200.0,0.0
6050250,1,8,145.0,0.0
6048514,1,227,189.0,247.0
6048212,1,10,151.0,7.0
6047516,1,0,25.0,0.0
6046616,1,0,175.0,280.0
6079156,1,104,300.0,58.0
6077516,1,0,200.0,0.0
6075567,1,13,100.0,0.0
6074181,1,37,93.0,222.0
6073347,1,2,189.0,0.0
6073169,1,15,65.0,27.0
6072790,1,3,220.0,25.0
6072700,1,5,55.0,0.0
6069897,1,2,40.0,0.0
6067526,1,0,50.0,188.0
6067124,1,2,160.0,4.0
6066958,1,10,125.0,0.0
6064963,1,0,150.0,0.0
6064192,1,64,499.0,157.0
6060700,1,1,85.0,0.0
6060075,1,2,159.0,0.0
6096884,1,4,288.0,87.0
6095946,1,1,760.0,292.0
6094516,1,0,80.0,0.0
6094395,1,14,140.0,8.0
6093878,1,44,80.0,159.0
6090087,1,9,120.0,0.0
6089159,1,3,100.0,205.0
6088893,1,4,55.0,21.0
6088518,1,21,550.0,1.0
6087686,1,7,160.0,0.0
6085353,1,3,60.0,179.0
6083756,1,0,217.0,293.0
6082769,1,0,250.0,83.0
6082745,1,14,225.0,11.0
6080376,1,18,74.0,49.0
6080024,1,3,75.0,0.0
6116657,1,25,199.0,30.0
6115134,1,13,112.0,0.0
6111018,1,8,105.0,12.0
6110471,1,23,110.0,146.0
6109872,1,16,100.0,66.0
6109032,1,11,104.0,0.0
6107166,1,38,150.0,29.0
6106609,1,30,130.0,290.0
6105861,1,0,100.0,0.0
6105242,1,1,60.0,55.0
6104449,1,8,95.0,12.0
6103075,1,1,60.0,341.0
6101617,1,3,89.0,0.0
6101536,1,34,150.0,3.0
6098059,1,0,99.0,0.0
6097531,1,1,180.0,158.0
6144668,1,23,110.0,67.0
6142196,1,4,170.0,1.0
6141851,1,3,64.0,0.0
6141162,1,3,60.0,4.0
6137321,1,130,279.0,174.0
6136799,1,44,60.0,1.0
6134680,1,35,50.0,5.0
6133754,1,218,95.0,246.0
6132748,1,0,100.0,0.0
6131397,1,4,65.0,0.0
6126518,1,11,150.0,174.0
6123811,1,11,150.0,0.0
6122499,1,0,150.0,365.0
6121678,1,1,85.0,0.0
6119244,1,26,60.0,307.0
6118355,1,6,73.0,363.0
6162041,1,129,99.0,344.0
6161265,1,26,146.0,30.0
6158370,1,0,139.0,0.0
6158233,1,61,47.0,285.0
6155803,1,12,190.0,0.0
6154298,1,0,115.0,0.0
6153409,1,3,45.0,0.0
6153186,1,5,150.0,0.0
6151483,1,8,300.0,21.0
6150742,1,1,80.0,86.0
6150328,1,136,45.0,15.0
6150064,1,2,85.0,0.0
6145729,1,1,3000.0,325.0
6145679,1,4,272.0,0.0
6145618,1,97,135.0,0.0
6145540,1,8,350.0,196.0
6180052,1,4,99.0,250.0
6179439,1,57,226.0,127.0
6178560,1,0,131.0,0.0
6177121,1,1,70.0,0.0
6172959,1,0,130.0,0.0
6171984,1,2,156.0,0.0
6171011,1,4,150.0,127.0
6169992,1,0,60.0,0.0
6169516,1,13,135.0,219.0
6167891,1,2,78.0,14.0
6166889,1,52,145.0,291.0
6166708,1,59,22.0,0.0
6164507,1,0,60.0,0.0
6164428,1,1,130.0,296.0
6163686,1,0,250.0,0.0
6163192,1,126,140.0,228.0
6197784,1,9,90.0,245.0
6197480,1,0,200.0,0.0
6196141,1,42,199.0,330.0
6195809,1,8,149.0,90.0
6194871,1,31,57.0,40.0
6194657,1,0,100.0,0.0
6194434,1,15,169.0,60.0
6193870,1,0,125.0,0.0
6189263,1,6,150.0,0.0
6186588,1,0,150.0,10.0
6186498,1,81,60.0,34.0
6183406,1,4,200.0,0.0
6182854,1,5,380.0,0.0
6181443,1,9,225.0,0.0
6181203,1,13,42.0,364.0
6180828,1,10,95.0,5.0
6219701,1,1,150.0,0.0
6219013,1,5,200.0,0.0
6218023,1,4,99.0,365.0
6217827,1,2,80.0,0.0
6216882,1,19,175.0,194.0
6216526,1,1,50.0,0.0
6214982,1,4,115.0,0.0
6213880,1,16,145.0,2.0
6212988,1,16,100.0,0.0
6209044,1,19,133.0,279.0
6208391,1,37,214.0,211.0
6202020,1,0,119.0,0.0
6198836,1,1,93.0,45.0
6198824,1,12,251.0,0.0
6198638,1,2,155.0,0.0
6198203,1,29,100.0,318.0
2582762,1,0,220.0,31.0
2582255,1,4,150.0,15.0
2582224,1,1,150.0,249.0
2581816,1,0,80.0,0.0
2581079,1,0,200.0,0.0
2580352,1,5,129.0,0.0
2577615,1,21,73.0,251.0
2577242,1,0,250.0,0.0
2577135,1,18,269.0,179.0
2576980,1,0,60.0,0.0
2575895,1,2,100.0,0.0
2574881,1,6,150.0,0.0
2574856,1,29,225.0,176.0
2574806,1,1,170.0,0.0
2574452,1,2,50.0,0.0
6222620,1,1,90.0,0.0
6243641,1,1,145.0,0.0
6243156,1,228,70.0,247.0
6242426,1,0,133.0,281.0
6240859,1,11,80.0,0.0
6239596,1,3,145.0,0.0
6238742,1,0,115.0,0.0
6238348,1,4,220.0,9.0
6238227,1,0,60.0,0.0
6237789,1,1,50.0,18.0
6237087,1,15,50.0,0.0
6233644,1,0,200.0,0.0
6230673,1,0,119.0,247.0
6230173,1,30,200.0,0.0
6227706,1,1,99.0,95.0
6226676,1,1,120.0,0.0
6223874,1,3,185.0,0.0
6263778,1,0,90.0,0.0
6263540,1,3,150.0,0.0
6263296,1,3,50.0,0.0
6263282,1,51,212.0,147.0
6257521,1,3,160.0,8.0
6256118,1,9,49.0,98.0
6255971,1,7,85.0,326.0
6255854,1,20,275.0,10.0
6255163,1,16,150.0,220.0
6254791,1,2,299.0,0.0
6252064,1,20,265.0,41.0
6250141,1,138,168.0,32.0
6246089,1,27,125.0,2.0
6245535,1,2,259.0,0.0
6245239,1,27,179.0,0.0
6244152,1,0,67.0,0.0
6281031,1,169,136.0,279.0
6279607,1,26,79.0,0.0
6279234,1,1,148.0,8.0
6278351,1,26,250.0,96.0
6277934,1,0,210.0,0.0
6274742,1,8,84.0,0.0
6274029,1,5,200.0,21.0
6273146,1,0,250.0,0.0
6272532,1,8,145.0,0.0
6272317,1,6,50.0,0.0
6271674,1,2,125.0,0.0
6271042,1,54,90.0,283.0
6270663,1,2,380.0,0.0
6265305,1,0,100.0,0.0
6264251,1,24,110.0,0.0
6263861,1,2,55.0,24.0
6298158,1,12,72.0,358.0
6297882,1,2,120.0,0.0
6297445,1,6,150.0,0.0
6296368,1,1,103.0,0.0
6295182,1,11,230.0,59.0
6294856,1,140,60.0,189.0
6293227,1,9,90.0,0.0
6291714,1,0,74.0,44.0
6291509,1,4,160.0,14.0
6289792,1,17,298.0,35.0
6287848,1,22,100.0,0.0
6286114,1,42,64.0,0.0
6285979,1,6,200.0,0.0
6284535,1,0,63.0,187.0
6284410,1,1,35.0,0.0
6283678,1,0,165.0,0.0
6317895,1,1,125.0,0.0
6317137,1,1,180.0,0.0
6314010,1,51,55.0,0.0
6313448,1,1,80.0,0.0
6313371,1,0,90.0,0.0
6312670,1,1,140.0,0.0
6312322,1,0,75.0,0.0
6310115,1,12,50.0,0.0
6309019,1,175,200.0,303.0
6308220,1,35,210.0,190.0
6307153,1,5,71.0,0.0
6305477,1,127,105.0,88.0
6305367,1,54,100.0,0.0
6304221,1,10,190.0,41.0
6302448,1,0,120.0,40.0
6298986,1,46,48.0,287.0
6335037,1,1,220.0,0.0
6334250,1,198,79.0,250.0
6332730,1,0,400.0,365.0
6329693,1,3,130.0,128.0
6328283,1,49,105.0,193.0
6328069,1,5,100.0,0.0
6327629,1,1,90.0,0.0
6327260,1,0,75.0,58.0
6326737,1,40,70.0,365.0
6324947,1,4,49.0,7.0
6323006,1,2,300.0,174.0
6322527,1,2,75.0,89.0
6321996,1,1,440.0,87.0
6321587,1,20,149.0,355.0
6320146,1,0,90.0,0.0
6319849,1,2,198.0,12.0
6354758,1,1,125.0,45.0
6354467,1,4,100.0,0.0
6349846,1,5,198.0,0.0
6349214,1,4,160.0,0.0
6349101,1,1,111.0,0.0
6346488,1,1,120.0,97.0
6344971,1,8,240.0,0.0
6339750,1,66,196.0,323.0
6338590,1,7,70.0,0.0
6338496,1,0,85.0,280.0
6338005,1,7,50.0,0.0
6337882,1,11,300.0,137.0
6337128,1,0,120.0,0.0
6336630,1,3,125.0,0.0
6335895,1,16,220.0,14.0
6335178,1,24,95.0,277.0
6375186,1,28,100.0,21.0
6374043,1,8,250.0,253.0
6372947,1,1,80.0,0.0
6369681,1,4,41.0,0.0
6369087,1,7,100.0,0.0
6367907,1,59,108.0,344.0
6367348,1,0,60.0,7.0
6365575,1,0,200.0,0.0
6364557,1,45,130.0,170.0
6360636,1,3,200.0,0.0
6358504,1,3,60.0,0.0
6357668,1,0,69.0,0.0
6357428,1,3,100.0,0.0
6357228,1,0,90.0,0.0
6356476,1,0,116.0,0.0
6355999,1,3,250.0,0.0
6391001,1,39,59.0,106.0
6390340,1,0,125.0,365.0
6389984,1,34,195.0,0.0
6388732,1,16,175.0,2.0
6388666,1,56,80.0,249.0
6388652,1,49,58.0,275.0
6388234,1,0,120.0,35.0
6387598,1,80,200.0,109.0
6387541,1,9,95.0,0.0
6387274,1,95,125.0,86.0
6385674,1,7,125.0,0.0
6385492,1,12,65.0,332.0
6383939,1,9,45.0,58.0
6376776,1,13,89.0,282.0
6376364,1,11,200.0,0.0
6375225,1,0,150.0,0.0
6406576,1,0,250.0,0.0
6405437,1,6,400.0,0.0
6403404,1,14,40.0,54.0
6403403,1,18,299.0,0.0
6402171,1,21,75.0,59.0
6399777,1,3,120.0,89.0
6397405,1,2,275.0,15.0
6396863,1,1,60.0,0.0
6396827,1,18,135.0,0.0
6396561,1,69,70.0,142.0
6395317,1,5,100.0,197.0
6394831,1,0,100.0,0.0
6394282,1,116,55.0,308.0
6393112,1,0,110.0,0.0
6393008,1,1,471.0,188.0
6392776,1,181,190.0,229.0
2572253,1,19,375.0,43.0
2572082,1,5,250.0,48.0
2571687,1,7,299.0,347.0
2570750,1,27,1195.0,40.0
2570601,1,7,98.0,0.0
2569188,1,2,49.0,0.0
2568690,1,3,125.0,0.0
2568528,1,14,75.0,19.0
2568318,1,1,80.0,0.0
2568028,1,5,50.0,0.0
2566034,1,1,145.0,8.0
2563415,1,56,125.0,19.0
2563284,1,6,120.0,0.0
2563132,1,8,115.0,178.0
2562882,1,3,160.0,0.0
6407125,1,31,160.0,0.0
6426063,1,5,199.0,0.0
6424258,1,16,55.0,0.0
6423838,1,1,150.0,83.0
6423626,1,12,50.0,39.0
6420489,1,16,315.0,7.0
6416695,1,8,105.0,0.0
6415669,1,0,190.0,0.0
6415261,1,0,35.0,317.0
6414916,1,136,225.0,10.0
6414296,1,0,1000.0,365.0
6414252,1,1,262.0,16.0
6411632,1,2,130.0,0.0
6410618,1,1,65.0,17.0
6408132,1,1,50.0,35.0
6408088,1,2,100.0,0.0
6407741,1,0,39.0,0.0
6439477,1,7,93.0,146.0
6438952,1,0,75.0,0.0
6438118,1,0,55.0,0.0
6437545,1,0,500.0,6.0
6436957,1,1,125.0,0.0
6436296,1,125,155.0,297.0
6434434,1,14,110.0,0.0
6433797,1,1,89.0,0.0
6433320,1,0,40.0,0.0
6432439,1,0,299.0,107.0
6432385,1,4,70.0,34.0
6430476,1,130,177.0,267.0
6430105,1,1,200.0,0.0
6429683,1,89,75.0,268.0
6429030,1,2,100.0,0.0
6428897,1,1,95.0,5.0
6456799,1,2,125.0,250.0
6455775,1,78,207.0,231.0
6455254,1,102,139.0,235.0
6454648,1,29,80.0,357.0
6452596,1,1,250.0,0.0
6451492,1,54,175.0,0.0
6451056,1,5,93.0,0.0
6447944,1,21,155.0,0.0
6447895,1,2,50.0,35.0
6447462,1,19,70.0,188.0
6445684,1,93,99.0,311.0
6445320,1,3,90.0,66.0
6444977,1,66,80.0,365.0
6444963,1,3,50.0,3.0
6444711,1,7,150.0,0.0
6439895,1,0,69.0,0.0
6470443,1,30,199.0,184.0
6470112,1,0,150.0,283.0
6468894,1,10,75.0,0.0
6467086,1,228,125.0,53.0
6466505,1,5,100.0,0.0
6466170,1,0,109.0,327.0
6466155,1,1,124.0,0.0
6462802,1,4,250.0,0.0
6459610,1,61,150.0,26.0
6459374,1,10,120.0,0.0
6459254,1,32,100.0,0.0
6459215,1,8,130.0,332.0
6458590,1,149,80.0,0.0
6458347,1,2,180.0,158.0
6457972,1,0,199.0,49.0
6457253,1,4,66.0,365.0
6491050,1,8,150.0,0.0
6489789,1,3,450.0,22.0
6489574,1,31,140.0,1.0
6487616,1,6,175.0,0.0
6486059,1,4,85.0,8.0
6484703,1,11,90.0,3.0
6483295,1,38,80.0,192.0
6482637,1,118,85.0,0.0
6480337,1,4,58.0,0.0
6475110,1,3,100.0,0.0
6474981,1,42,85.0,9.0
6474887,1,0,115.0,0.0
6473469,1,3,100.0,0.0
6472794,1,0,60.0,0.0
6471326,1,0,89.0,365.0
6470787,1,15,100.0,0.0
6504434,1,0,35.0,0.0
6503786,1,1,175.0,188.0
6502766,1,16,150.0,0.0
6502688,1,7,165.0,0.0
6501582,1,11,50.0,0.0
6501414,1,7,150.0,188.0
6501137,1,10,228.0,0.0
6501039,1,2,30.0,0.0
6499364,1,35,149.0,16.0
6495511,1,5,175.0,0.0
6494389,1,64,65.0,307.0
6493905,1,10,199.0,0.0
6493857,1,0,69.0,0.0
6493333,1,34,140.0,0.0
6492234,1,0,50.0,0.0
6491377,1,70,79.0,308.0
2560891,1,6,95.0,19.0
2559886,1,2,130.0,0.0
2559697,1,25,40.0,223.0
2559403,1,1,100.0,0.0
2559194,1,0,100.0,188.0
2558534,1,93,85.0,13.0
2557889,1,16,55.0,2.0
2557167,1,19,75.0,109.0
2556784,1,25,60.0,311.0
2556498,1,119,250.0,339.0
2555556,1,7,225.0,0.0
2554853,1,7,200.0,358.0
2553182,1,0,350.0,0.0
2552603,1,105,190.0,306.0
6509584,1,123,75.0,80.0
6509406,1,0,800.0,0.0
6526979,1,9,165.0,0.0
6525255,1,191,190.0,282.0
6525229,1,1,73.0,37.0
6523823,1,1,103.0,0.0
6521189,1,18,190.0,5.0
6520757,1,11,150.0,0.0
6520550,1,8,59.0,45.0
6520502,1,0,450.0,0.0
6520264,1,1,75.0,0.0
6520032,1,6,250.0,19.0
6519939,1,0,320.0,0.0
6518093,1,2,50.0,0.0
6517654,1,6,125.0,0.0
6515431,1,2,46.0,0.0
6514245,1,59,137.0,80.0
6513527,1,4,110.0,0.0
6547579,1,20,1999.0,0.0
6544987,1,3,100.0,0.0
6544323,1,0,100.0,0.0
6543299,1,12,195.0,0.0
6542088,1,29,303.0,3.0
6541721,1,67,49.0,8.0
6533489,1,1,150.0,0.0
6532132,1,105,95.0,333.0
6531502,1,155,120.0,18.0
6531491,1,55,75.0,0.0
6531164,1,1,285.0,6.0
6530413,1,94,99.0,0.0
6529128,1,15,220.0,84.0
6527776,1,13,200.0,3.0
6527494,1,1,80.0,0.0
6527023,1,1,70.0,0.0
6575362,1,0,180.0,188.0
6574489,1,9,95.0,0.0
6573459,1,3,525.0,158.0
6570788,1,1,70.0,0.0
6570552,1,2,120.0,301.0
6569891,1,0,150.0,0.0
6569229,1,3,250.0,0.0
6568865,1,0,69.0,99.0
6568666,1,0,274.0,24.0
6567286,1,1,160.0,0.0
6565512,1,0,85.0,83.0
6564232,1,3,80.0,0.0
6563906,1,8,70.0,0.0
6562818,1,28,94.0,11.0
6562449,1,16,325.0,7.0
6554341,1,5,103.0,2.0
6605565,1,3,70.0,27.0
6604691,1,0,80.0,0.0
6599585,1,162,65.0,302.0
6598000,1,9,95.0,0.0
6597437,1,12,150.0,0.0
6591262,1,1,150.0,0.0
6591232,1,1,40.0,0.0
6590142,1,5,349.0,0.0
6588016,1,43,79.0,105.0
6587683,1,21,150.0,1.0
6582962,1,213,150.0,288.0
6581587,1,23,350.0,188.0
6580488,1,43,170.0,275.0
6577580,1,1,69.0,0.0
6575777,1,1,450.0,0.0
6575712,1,28,125.0,179.0
6635392,1,4,125.0,0.0
6631815,1,1,60.0,189.0
6630320,1,7,200.0,0.0
6628233,1,0,90.0,0.0
6626827,1,77,240.0,21.0
6625516,1,3,175.0,68.0
6623512,1,0,32.0,0.0
6623402,1,6,125.0,0.0
6619124,1,5,99.0,0.0
6615826,1,6,50.0,54.0
6615642,1,0,300.0,0.0
6608774,1,0,150.0,0.0
6608220,1,1,550.0,230.0
6608183,1,4,90.0,0.0
6606618,1,4,110.0,0.0
6606533,1,1,60.0,0.0
6653707,1,0,37.0,0.0
6652697,1,0,350.0,365.0
6650559,1,3,89.0,0.0
6650002,1,42,59.0,3.0
6649124,1,0,70.0,0.0
6648212,1,4,120.0,0.0
6646682,1,6,88.0,1.0
6645403,1,1,270.0,50.0
6645134,1,5,42.0,298.0
6645096,1,2,78.0,5.0
6643482,1,122,80.0,227.0
6640038,1,0,350.0,0.0
6639602,1,0,400.0,0.0
6638763,1,38,135.0,243.0
6636303,1,3,125.0,0.0
6636052,1,62,65.0,9.0
6669178,1,69,80.0,3.0
6665872,1,15,75.0,33.0
6663544,1,3,86.0,0.0
6663384,1,4,100.0,0.0
6662358,1,4,290.0,0.0
6661559,1,0,99.0,0.0
6658730,1,1,189.0,83.0
6658169,1,0,150.0,0.0
6657363,1,0,195.0,0.0
6655776,1,11,85.0,9.0
6655660,1,17,275.0,171.0
6655182,1,2,150.0,0.0
6655162,1,0,80.0,0.0
6654682,1,2,800.0,197.0
6654378,1,0,58.0,0.0
6653718,1,145,70.0,32.0
2548974,1,2,325.0,0.0
2548258,1,0,140.0,103.0
2548224,1,14,123.0,0.0
2547347,1,7,100.0,326.0
2546411,1,0,78.0,0.0
2545414,1,10,89.0,11.0
2544425,1,35,160.0,7.0
2543761,1,1,150.0,0.0
2543296,1,2,450.0,0.0
2542895,1,9,130.0,0.0
2542888,1,5,99.0,242.0
2542371,1,0,174.0,1.0
2541529,1,2,120.0,0.0
2539525,1,5,220.0,2.0
2539393,1,3,400.0,0.0
2539165,1,16,90.0,62.0
6684858,1,17,150.0,364.0
6683775,1,9,80.0,0.0
6682511,1,23,110.0,14.0
6680071,1,1,80.0,0.0
6677922,1,29,51.0,15.0
6676776,1,0,400.0,362.0
6676046,1,3,65.0,0.0
6675227,1,2,75.0,16.0
6675176,1,23,650.0,301.0
6674503,1,6,750.0,365.0
6674394,1,1,180.0,342.0
6674211,1,0,375.0,0.0
6672450,1,21,290.0,128.0
6672223,1,7,72.0,0.0
6671270,1,5,250.0,0.0
6670822,1,6,300.0,45.0
6707228,1,0,145.0,0.0
6707119,1,1,150.0,0.0
6706578,1,0,100.0,365.0
6706379,1,2,31.0,0.0
6705983,1,6,100.0,0.0
6705828,1,0,300.0,93.0
6702100,1,10,90.0,0.0
6701270,1,4,130.0,0.0
6701152,1,18,135.0,307.0
6699943,1,2,188.0,0.0
6697833,1,2,115.0,0.0
6696691,1,0,100.0,0.0
6696648,1,4,155.0,173.0
6694436,1,5,139.0,0.0
6690551,1,67,35.0,2.0
6688471,1,13,60.0,294.0
6722833,1,25,345.0,321.0
6722310,1,12,60.0,0.0
6721441,1,2,165.0,0.0
6721198,1,190,135.0,105.0
6720617,1,1,40.0,0.0
6720525,1,64,100.0,224.0
6720254,1,22,69.0,0.0
6718172,1,13,189.0,33.0
6717488,1,12,60.0,0.0
6716450,1,1,175.0,0.0
6714376,1,5,109.0,22.0
6713072,1,3,139.0,0.0
6712411,1,3,118.0,101.0
6710372,1,2,200.0,5.0
6707833,1,1,300.0,0.0
6707311,1,39,73.0,260.0
6754647,1,0,161.0,22.0
6753972,1,1,60.0,95.0
6745095,1,81,65.0,64.0
6744445,1,4,165.0,0.0
6743604,1,13,130.0,0.0
6741942,1,2,50.0,0.0
6739436,1,40,90.0,0.0
6738579,1,3,140.0,27.0
6736799,1,19,169.0,88.0
6735192,1,23,55.0,0.0
6726808,1,2,69.0,0.0
6725667,1,11,130.0,106.0
6725302,1,0,200.0,0.0
6725061,1,0,69.0,0.0
6724903,1,20,70.0,224.0
6723969,1,2,60.0,0.0
6771594,1,0,110.0,0.0
6771515,1,2,119.0,5.0
6769030,1,5,75.0,0.0
6768659,1,0,170.0,199.0
6767463,1,10,150.0,0.0
6766728,1,1,150.0,0.0
6764705,1,4,299.0,0.0
6764450,1,2,50.0,0.0
6762900,1,40,103.0,248.0
6762751,1,92,107.0,157.0
6761373,1,1,69.0,0.0
6760095,1,0,250.0,260.0
6759067,1,21,105.0,0.0
6757150,1,0,240.0,0.0
6755652,1,102,205.0,117.0
6755111,1,8,75.0,312.0
2538544,1,60,200.0,260.0
2538522,1,1,110.0,0.0
2537981,1,0,78.0,105.0
2537749,1,2,50.0,0.0
2536555,1,1,125.0,0.0
2536417,1,38,399.0,311.0
2534076,1,3,245.0,0.0
2534058,1,4,190.0,29.0
2533991,1,0,180.0,352.0
2533934,1,11,85.0,0.0
2533833,1,122,85.0,41.0
2533755,1,74,90.0,48.0
2533676,1,2,90.0,88.0
2533026,1,0,200.0,0.0
2530670,1,134,350.0,56.0
2529788,1,0,75.0,188.0
6790993,1,0,93.0,77.0
6790494,1,52,100.0,182.0
6789992,1,36,194.0,0.0
6789857,1,12,99.0,0.0
6789600,1,2,149.0,0.0
6788748,1,9,125.0,4.0
6788279,1,2,97.0,92.0
6787564,1,6,200.0,0.0
6781477,1,153,125.0,1.0
6780571,1,79,220.0,143.0
6776218,1,1,650.0,168.0
6774871,1,130,165.0,0.0
6772512,1,7,100.0,0.0
6772290,1,136,175.0,288.0
6771815,1,9,100.0,0.0
6771709,1,1,96.0,0.0
6816955,1,121,53.0,348.0
6816235,1,0,100.0,0.0
6814283,1,3,140.0,0.0
6811053,1,1,46.0,0.0
6807898,1,7,110.0,45.0
6806417,1,8,499.0,0.0
6805463,1,59,65.0,44.0
6804278,1,9,160.0,365.0
6804141,1,0,425.0,363.0
6803612,1,3,60.0,0.0
6802844,1,0,152.0,0.0
6801469,1,28,65.0,26.0
6793885,1,2,70.0,0.0
6792247,1,7,187.0,4.0
6792120,1,42,165.0,81.0
6791240,1,12,200.0,0.0
6837486,1,0,100.0,0.0
6836514,1,48,117.0,108.0
6835700,1,28,80.0,82.0
6834967,1,1,150.0,0.0
6834165,1,2,70.0,0.0
6833598,1,13,99.0,182.0
6832892,1,1,100.0,11.0
6828611,1,4,70.0,0.0
6828085,1,47,110.0,362.0
6826449,1,0,115.0,0.0
6825747,1,6,128.0,0.0
6824711,1,66,58.0,242.0
6824234,1,1,50.0,0.0
6819812,1,11,250.0,34.0
6818674,1,2,100.0,0.0
6818577,1,1,89.0,0.0
6865666,1,0,78.0,0.0
6864230,1,0,125.0,0.0
6862694,1,1,90.0,0.0
6862083,1,1,110.0,350.0
6861839,1,1,500.0,0.0
6857284,1,3,45.0,0.0
6856247,1,5,160.0,2.0
6854910,1,0,150.0,0.0
6854750,1,66,300.0,286.0
6854214,1,0,325.0,0.0
6850350,1,28,115.0,0.0
6847312,1,30,127.0,0.0
6846161,1,9,175.0,0.0
6844007,1,0,65.0,0.0
6843497,1,4,35.0,76.0
6840321,1,0,210.0,340.0
6887469,1,0,175.0,326.0
6885530,1,2,180.0,0.0
6884282,1,1,135.0,0.0
6884235,1,100,219.0,235.0
6883576,1,9,98.0,53.0
6882340,1,21,165.0,363.0
6881792,1,206,95.0,252.0
6879271,1,4,83.0,364.0
6877794,1,12,255.0,66.0
6874341,1,2,115.0,0.0
6873370,1,24,102.0,0.0
6866620,1,4,350.0,5.0
6866356,1,21,50.0,34.0
6866353,1,12,75.0,0.0
6866192,1,0,195.0,0.0
6865699,1,1,80.0,0.0
6900870,1,14,75.0,0.0
6899124,1,37,148.0,0.0
6899080,1,22,115.0,44.0
6898927,1,9,33.0,0.0
6898461,1,0,45.0,0.0
6897732,1,4,110.0,0.0
6896056,1,0,180.0,0.0
6895494,1,5,29.0,18.0
6895430,1,1,200.0,11.0
6895016,1,10,96.0,0.0
6894897,1,166,165.0,8.0
6894447,1,57,195.0,15.0
6893861,1,153,181.0,174.0
6892946,1,2,70.0,0.0
6892560,1,16,51.0,17.0
6891770,1,10,199.0,0.0
6917811,1,0,100.0,0.0
6916278,1,23,275.0,0.0
6914968,1,0,2695.0,0.0
6913402,1,0,59.0,55.0
6913285,1,4,95.0,0.0
6913016,1,67,95.0,355.0
6912221,1,6,120.0,66.0
6911276,1,83,99.0,248.0
6910298,1,0,850.0,0.0
6909591,1,1,67.0,0.0
6908132,1,1,110.0,157.0
6904334,1,0,195.0,0.0
6903334,1,3,200.0,0.0
6902571,1,6,130.0,0.0
6902218,1,0,250.0,1.0
6901734,1,114,155.0,314.0
6938506,1,14,60.0,0.0
6934546,1,0,100.0,0.0
6933440,1,18,102.0,0.0
6932195,1,30,375.0,351.0
6932160,1,27,99.0,365.0
6930315,1,0,159.0,0.0
6928558,1,51,140.0,125.0
6927464,1,0,53.0,0.0
6926899,1,4,90.0,0.0
6926778,1,10,289.0,88.0
6924461,1,39,80.0,68.0
6920054,1,0,250.0,0.0
6919899,1,34,130.0,129.0
6918423,1,62,275.0,310.0
6918093,1,8,90.0,0.0
6917906,1,16,169.0,0.0
2528671,1,1,125.0,341.0
2523466,1,133,125.0,9.0
2522854,1,320,349.0,260.0
2522596,1,12,103.0,0.0
2521848,1,15,160.0,0.0
2521642,1,14,55.0,123.0
2521513,1,60,800.0,67.0
2521127,1,13,275.0,233.0
2521069,1,27,160.0,193.0
2520559,1,89,150.0,55.0
2520288,1,0,55.0,0.0
2519631,1,10,233.0,14.0
2519356,1,1,96.0,0.0
6945333,1,0,337.0,365.0
6944101,1,5,50.0,0.0
6942997,1,0,95.0,0.0
6959061,1,147,60.0,213.0
6958919,1,0,50.0,0.0
6957798,1,336,64.0,133.0
6954001,1,0,150.0,0.0
6950431,1,1,170.0,0.0
6950113,1,16,155.0,14.0
6950091,1,1,60.0,0.0
6949594,1,10,75.0,0.0
6949069,1,2,175.0,0.0
6948761,1,0,400.0,13.0
6948005,1,1,75.0,0.0
6947681,1,23,120.0,4.0
6947307,1,1,75.0,0.0
6946537,1,0,80.0,90.0
6945858,1,0,250.0,0.0
6945444,1,62,173.0,92.0
6970732,1,18,150.0,0.0
6970030,1,51,85.0,66.0
6969910,1,0,150.0,0.0
6968630,1,5,95.0,1.0
6967723,1,1,209.0,0.0
6966831,1,3,75.0,0.0
6966161,1,0,77.0,0.0
6965700,1,6,73.0,0.0
6965682,1,1,180.0,0.0
6964353,1,6,150.0,0.0
6963310,1,1,150.0,0.0
6960621,1,27,210.0,188.0
6960348,1,0,385.0,80.0
6960329,1,2,130.0,150.0
6959884,1,18,245.0,307.0
6959160,1,9,150.0,6.0
6995644,1,3,50.0,0.0
6994503,1,12,200.0,25.0
6991947,1,103,100.0,223.0
6991164,1,49,199.0,230.0
6989825,1,49,250.0,0.0
6989615,1,18,175.0,175.0
6989380,1,2,199.0,0.0
6988611,1,0,1500.0,342.0
6986713,1,27,350.0,22.0
6985109,1,21,121.0,179.0
6984985,1,3,279.0,0.0
6983558,1,14,150.0,7.0
6978404,1,0,165.0,46.0
6976808,1,36,150.0,0.0
6970929,1,0,200.0,0.0
6970733,1,26,200.0,0.0
7016230,1,67,80.0,85.0
7014073,1,7,90.0,0.0
7013442,1,2,100.0,0.0
7010789,1,1,45.0,0.0
7009626,1,16,295.0,0.0
7009551,1,61,48.0,0.0
7009468,1,3,75.0,108.0
7009234,1,3,250.0,0.0
7007654,1,0,35.0,0.0
7006490,1,9,77.0,0.0
7005192,1,5,77.0,188.0
7002074,1,2,250.0,0.0
6999831,1,8,90.0,0.0
6997786,1,5,225.0,0.0
6997690,1,1,100.0,65.0
6997016,1,57,190.0,354.0
7028001,1,0,50.0,9.0
7027982,1,6,75.0,0.0
7027562,1,5,80.0,363.0
7027191,1,2,84.0,0.0
7025954,1,11,99.0,0.0
7022451,1,45,219.0,188.0
7021990,1,11,210.0,8.0
7021189,1,1,200.0,0.0
7020836,1,159,225.0,132.0
7020798,1,16,150.0,35.0
7019923,1,8,65.0,18.0
7018895,1,132,85.0,244.0
7018179,1,4,180.0,0.0
7018154,1,5,190.0,0.0
7017213,1,3,72.0,0.0
7016520,1,17,120.0,0.0
7055547,1,27,144.0,0.0
7054114,1,22,75.0,70.0
7050972,1,0,70.0,0.0
7045635,1,1,45.0,0.0
7041731,1,1,185.0,0.0
7041668,1,0,60.0,0.0
7041410,1,90,140.0,16.0
7040483,1,20,69.0,37.0
7039858,1,23,65.0,23.0
7038817,1,5,105.0,0.0
7036796,1,0,60.0,0.0
7033916,1,2,69.0,0.0
7033731,1,40,90.0,0.0
7033514,1,1,199.0,0.0
7029525,1,1,400.0,0.0
7028387,1,89,80.0,146.0
7079175,1,0,100.0,0.0
7078254,1,2,45.0,0.0
7077897,1,3,175.0,65.0
7074749,1,0,90.0,85.0
7074531,1,0,680.0,0.0
7073540,1,0,130.0,79.0
7072861,1,2,175.0,3.0
7070648,1,24,105.0,20.0
7069480,1,53,218.0,304.0
7065964,1,161,75.0,183.0
7065881,1,3,139.0,0.0
7065810,1,0,150.0,0.0
7065413,1,2,80.0,0.0
7065271,1,4,260.0,31.0
7057608,1,25,42.0,283.0
7056141,1,0,65.0,39.0
7098693,1,0,75.0,0.0
7097844,1,3,114.0,0.0
7096964,1,12,145.0,342.0
7096230,1,24,170.0,0.0
7094504,1,19,140.0,1.0
7093861,1,22,200.0,28.0
7093576,1,133,65.0,43.0
7092157,1,4,299.0,321.0
7090408,1,68,131.0,5.0
7090327,1,1,150.0,0.0
7089676,1,49,50.0,14.0
7088466,1,13,165.0,0.0
7088204,1,8,150.0,118.0
7087709,1,31,295.0,25.0
7087084,1,2,47.0,236.0
7086450,1,0,70.0,0.0
7114486,1,20,140.0,29.0
7112420,1,10,175.0,0.0
7111318,1,111,100.0,9.0
7111113,1,0,133.0,0.0
7109410,1,0,100.0,188.0
7108862,1,2,75.0,0.0
7108710,1,0,105.0,0.0
7107807,1,108,93.0,336.0
7107479,1,37,191.0,5.0
7107154,1,4,95.0,0.0
7106711,1,2,65.0,0.0
7106617,1,6,150.0,0.0
7105630,1,11,330.0,260.0
7104133,1,32,125.0,0.0
7101220,1,1,37.0,0.0
7098925,1,1,150.0,0.0
2515199,1,11,36.0,0.0
2515124,1,2,145.0,0.0
2513726,1,165,185.0,259.0
2513586,1,1,135.0,0.0
2513294,1,0,80.0,213.0
2513252,1,1,250.0,2.0
2511668,1,19,60.0,81.0
2510754,1,2,44.0,0.0
2510744,1,7,98.0,0.0
2507664,1,21,225.0,0.0
2507277,1,0,180.0,0.0
2506798,1,0,400.0,90.0
2505262,1,0,83.0,0.0
2503478,1,5,58.0,2.0
7116594,1,2,132.0,0.0
7116018,1,0,200.0,0.0
7132948,1,2,110.0,6.0
7132792,1,2,130.0,0.0
7129207,1,58,159.0,124.0
7128634,1,16,148.0,0.0
7127392,1,36,67.0,0.0
7127362,1,9,130.0,0.0
7125872,1,5,175.0,0.0
7120328,1,173,151.0,213.0
7119612,1,1,62.0,0.0
7118658,1,11,250.0,345.0
7118588,1,4,105.0,3.0
7118541,1,74,316.0,348.0
7117901,1,0,137.0,0.0
7117596,1,0,39.0,0.0
7117263,1,23,75.0,166.0
2517810,1,7,45.0,82.0
7159107,1,1,85.0,0.0
7157161,1,2,90.0,341.0
7156474,1,0,175.0,0.0
7156036,1,2,95.0,249.0
7155363,1,12,80.0,356.0
7155183,1,1,115.0,0.0
7149725,1,2,185.0,0.0
7147987,1,1,170.0,19.0
7147901,1,6,118.0,0.0
7147164,1,32,325.0,33.0
7139147,1,6,199.0,12.0
7138636,1,15,116.0,0.0
7138515,1,0,60.0,0.0
7138174,1,3,500.0,11.0
7138163,1,11,465.0,273.0
7137049,1,212,70.0,41.0
7182520,1,7,90.0,18.0
7182337,1,30,199.0,34.0
7181895,1,3,325.0,0.0
7181834,1,0,400.0,0.0
7178784,1,5,225.0,365.0
7177483,1,10,250.0,0.0
7174662,1,132,88.0,14.0
7171571,1,4,65.0,0.0
7169907,1,2,135.0,2.0
7169873,1,24,80.0,0.0
7169746,1,10,235.0,345.0
7169451,1,2,300.0,343.0
7168913,1,0,65.0,0.0
7167290,1,0,35.0,44.0
7165563,1,26,145.0,269.0
7159349,1,0,75.0,0.0
7195638,1,5,73.0,359.0
7195103,1,51,99.0,0.0
7195006,1,1,115.0,0.0
7194539,1,42,349.0,337.0
7193271,1,7,180.0,0.0
7193111,1,15,200.0,2.0
7189415,1,0,300.0,0.0
7188712,1,4,119.0,0.0
7187069,1,41,100.0,45.0
7186661,1,4,200.0,0.0
7185488,1,0,150.0,0.0
7185380,1,7,60.0,0.0
7183243,1,114,97.0,363.0
7183070,1,19,300.0,0.0
7183012,1,2,160.0,81.0
7182609,1,0,45.0,0.0
7227499,1,2,250.0,0.0
7226962,1,3,200.0,0.0
7221835,1,2,140.0,0.0
7220851,1,3,350.0,351.0
7218138,1,1,149.0,0.0
7216788,1,18,140.0,36.0
7216350,1,5,117.0,139.0
7216016,1,51,225.0,0.0
7212175,1,143,99.0,282.0
7210713,1,12,150.0,0.0
7205838,1,2,120.0,0.0
7202390,1,0,195.0,0.0
7201216,1,69,110.0,176.0
7199637,1,4,46.0,0.0
7199306,1,2,177.0,0.0
7196556,1,1,150.0,0.0
2503221,1,75,295.0,339.0
2502124,1,25,186.0,8.0
2500106,1,18,65.0,0.0
2499618,1,17,140.0,330.0
2498724,1,32,98.0,8.0
2497606,1,1,45.0,0.0
2497082,1,13,65.0,0.0
2496897,1,0,199.0,13.0
2496464,1,68,150.0,202.0
2496299,1,19,129.0,295.0
2495836,1,11,450.0,0.0
2495668,1,27,230.0,101.0
2495580,1,3,230.0,0.0
2495483,1,23,98.0,116.0
2495361,1,1,124.0,0.0
2494945,1,32,44.0,286.0
7241732,1,0,55.0,0.0
7241674,1,24,200.0,188.0
7240751,1,72,65.0,157.0
7239405,1,12,100.0,252.0
7238334,1,1,110.0,0.0
7236564,1,6,70.0,0.0
7235975,1,2,200.0,2.0
7234603,1,0,50.0,0.0
7230979,1,1,100.0,44.0
7229833,1,0,32.0,0.0
7229763,1,5,115.0,0.0
7229636,1,84,150.0,93.0
7229055,1,7,130.0,0.0
7228995,1,92,120.0,311.0
7228431,1,0,70.0,134.0
7228086,1,4,200.0,0.0
7257731,1,7,90.0,249.0
7256646,1,3,120.0,0.0
7256281,1,396,163.0,143.0
7253422,1,3,76.0,0.0
7251483,1,0,125.0,0.0
7250500,1,5,110.0,85.0
7250241,1,3,80.0,0.0
7249636,1,127,85.0,19.0
7249524,1,2,414.0,0.0
7248357,1,1,75.0,0.0
7248303,1,8,140.0,0.0
7247765,1,1,80.0,0.0
7245580,1,180,198.0,269.0
7245466,1,2,150.0,0.0
7244288,1,46,180.0,0.0
7243674,1,204,125.0,71.0
7281456,1,24,150.0,296.0
7275333,1,37,133.0,33.0
7273689,1,11,169.0,24.0
7273116,1,0,129.0,15.0
7271842,1,1,100.0,0.0
7271522,1,0,250.0,10.0
7271269,1,1,170.0,0.0
7271048,1,8,225.0,357.0
7269534,1,5,100.0,0.0
7268300,1,3,80.0,7.0
7266843,1,2,45.0,0.0
7265267,1,29,189.0,63.0
7265110,1,32,130.0,39.0
7262145,1,1,99.0,0.0
7261749,1,2,30.0,6.0
7259859,1,0,100.0,0.0
7313602,1,1,90.0,12.0
7310886,1,11,79.0,73.0
7310057,1,2,79.0,0.0
7309046,1,0,90.0,353.0
7308715,1,14,65.0,275.0
7306239,1,4,80.0,0.0
7306184,1,0,179.0,0.0
7305915,1,0,220.0,43.0
7304881,1,2,178.0,0.0
7304425,1,7,56.0,0.0
7290581,1,2,150.0,0.0
7289570,1,15,150.0,75.0
7286095,1,0,135.0,0.0
7285322,1,9,150.0,0.0
7285042,1,5,75.0,0.0
7281500,1,86,61.0,233.0
7339898,1,18,200.0,10.0
7339760,1,1,130.0,0.0
7339399,1,13,180.0,55.0
7338347,1,0,70.0,0.0
7337775,1,0,60.0,0.0
7333982,1,1,150.0,0.0
7329934,1,36,130.0,224.0
7324559,1,0,180.0,0.0
7323687,1,0,125.0,0.0
7322898,1,0,110.0,0.0
7322303,1,0,75.0,92.0
7321253,1,0,150.0,0.0
7320160,1,146,85.0,129.0
7318926,1,5,210.0,0.0
7318649,1,144,98.0,249.0
7317241,1,1,199.0,0.0
7360975,1,15,80.0,88.0
7360880,1,2,80.0,0.0
7359870,1,0,95.0,0.0
7356757,1,39,225.0,49.0
7355953,1,0,125.0,0.0
7353062,1,0,250.0,0.0
7352103,1,2,80.0,0.0
7348150,1,23,250.0,0.0
7344404,1,6,75.0,0.0
7344277,1,1,93.0,0.0
7342535,1,3,210.0,0.0
7342104,1,3,66.0,0.0
7341856,1,1,175.0,195.0
7341851,1,7,280.0,365.0
7341015,1,30,145.0,278.0
7340654,1,7,45.0,0.0
7380558,1,9,41.0,0.0
7379511,1,1,183.0,0.0
7375767,1,0,115.0,0.0
7375144,1,0,65.0,0.0
7374372,1,108,149.0,268.0
7371085,1,2,55.0,0.0
7370191,1,4,51.0,0.0
7367006,1,0,120.0,0.0
7366091,1,4,350.0,0.0
7365719,1,12,150.0,9.0
7365223,1,4,170.0,157.0
7364894,1,0,40.0,0.0
7363831,1,0,900.0,0.0
7363727,1,0,51.0,0.0
7363236,1,2,85.0,0.0
7361593,1,2,115.0,0.0
7402258,1,18,100.0,3.0
7401344,1,1,112.0,0.0
7399728,1,96,129.0,324.0
7399447,1,33,250.0,0.0
7398990,1,10,100.0,0.0
7398239,1,0,75.0,0.0
7390361,1,6,128.0,0.0
7390259,1,0,70.0,0.0
7389379,1,0,65.0,0.0
7388499,1,24,140.0,255.0
7388128,1,0,72.0,365.0
7387960,1,0,120.0,365.0
7385139,1,11,75.0,0.0
7384820,1,22,115.0,33.0
7384312,1,67,250.0,185.0
7381386,1,41,60.0,23.0
7425016,1,2,74.0,0.0
7420906,1,10,99.0,66.0
7419960,1,5,54.0,2.0
7416563,1,87,80.0,4.0
7412033,1,14,105.0,0.0
7411846,1,1,75.0,88.0
7410674,1,202,37.0,73.0
7410082,1,1,30.0,0.0
7409102,1,95,265.0,257.0
7409073,1,2,130.0,0.0
7408622,1,23,700.0,179.0
7408257,1,0,40.0,0.0
7408231,1,0,104.0,0.0
7407846,1,0,79.0,0.0
7407743,1,0,7500.0,364.0
7403959,1,24,245.0,48.0
2494204,1,7,150.0,11.0
2493425,1,7,47.0,0.0
2492400,1,4,101.0,110.0
2492369,1,9,131.0,5.0
2492286,1,24,100.0,0.0
2491844,1,1,150.0,5.0
2491622,1,0,200.0,0.0
2490963,1,6,75.0,0.0
2490915,1,1,80.0,0.0
2490471,1,13,175.0,0.0
2489602,1,0,149.0,0.0
2489199,1,16,99.0,157.0
2488360,1,18,90.0,0.0
2488129,1,81,275.0,258.0
7426741,1,3,60.0,0.0
7425132,1,7,59.0,140.0
7453027,1,96,90.0,295.0
7450345,1,1,107.0,0.0
7449972,1,6,69.0,0.0
7445657,1,7,140.0,0.0
7443904,1,8,100.0,0.0
7443296,1,26,120.0,63.0
7443028,1,0,60.0,0.0
7440944,1,13,179.0,0.0
7438973,1,2,60.0,183.0
7437876,1,5,99.0,365.0
7434416,1,45,130.0,7.0
7433941,1,5,85.0,0.0
7433664,1,1,60.0,0.0
7431741,1,2,110.0,0.0
7430851,1,2,110.0,0.0
2494666,1,248,140.0,0.0
7465002,1,3,50.0,0.0
7464960,1,0,200.0,47.0
7463731,1,28,180.0,280.0
7463662,1,149,120.0,0.0
7461332,1,3,169.0,36.0
7461203,1,4,75.0,0.0
7461066,1,1,200.0,0.0
7460932,1,0,94.0,5.0
7460552,1,7,325.0,96.0
7460181,1,208,99.0,206.0
7458733,1,77,90.0,269.0
7458731,1,37,85.0,310.0
7456416,1,2,250.0,0.0
7455886,1,0,35.0,0.0
7455366,1,2,38.0,0.0
7453255,1,0,51.0,0.0
7511223,1,100,300.0,335.0
7508547,1,77,49.0,1.0
7505535,1,0,149.0,180.0
7505413,1,42,91.0,80.0
7505271,1,8,99.0,0.0
7503132,1,7,100.0,0.0
7501803,1,3,55.0,0.0
7501534,1,0,60.0,0.0
7496038,1,24,49.0,0.0
7495768,1,8,175.0,0.0
7489344,1,18,120.0,0.0
7487973,1,2,125.0,9.0
7486909,1,85,110.0,304.0
7476145,1,3,75.0,0.0
7465850,1,43,120.0,243.0
7465509,1,2,67.0,14.0
7546816,1,20,168.0,0.0
7546451,1,8,100.0,0.0
7537442,1,25,50.0,151.0
7535013,1,12,90.0,3.0
7534128,1,0,450.0,0.0
7532832,1,1,125.0,0.0
7532592,1,2,50.0,0.0
7532013,1,1,60.0,0.0
7530710,1,11,175.0,0.0
7529823,1,109,45.0,131.0
7526931,1,0,350.0,0.0
7520792,1,45,175.0,0.0
7519175,1,0,75.0,0.0
7518105,1,7,198.0,0.0
7512454,1,5,100.0,0.0
7511881,1,1,60.0,0.0
7573472,1,2,50.0,0.0
7571700,1,3,45.0,0.0
7571483,1,1,105.0,0.0
7571391,1,1,100.0,0.0
7569336,1,1,60.0,64.0
7567309,1,19,199.0,0.0
7566397,1,2,100.0,250.0
7560581,1,0,100.0,0.0
7558748,1,36,115.0,114.0
7557662,1,15,200.0,29.0
7556987,1,10,160.0,218.0
7556789,1,0,60.0,0.0
7555939,1,7,65.0,0.0
7553984,1,53,350.0,87.0
7552191,1,33,130.0,105.0
7550464,1,1,55.0,0.0
2487433,1,11,95.0,32.0
2487323,1,0,61.0,157.0
2487319,1,2,150.0,141.0
2487309,1,56,209.0,160.0
2486611,1,15,130.0,0.0
2485076,1,20,148.0,0.0
2485019,1,0,95.0,14.0
2484654,1,22,130.0,77.0
2484520,1,0,150.0,0.0
2484383,1,15,175.0,64.0
2483766,1,4,100.0,0.0
2483628,1,50,200.0,50.0
2483508,1,1,44.0,0.0
2483427,1,61,200.0,341.0
2483350,1,1,114.0,0.0
2483293,1,9,198.0,0.0
7592992,1,0,90.0,0.0
7592287,1,6,42.0,0.0
7591257,1,20,275.0,257.0
7591218,1,19,45.0,67.0
7590543,1,99,215.0,0.0
7588851,1,0,100.0,0.0
7581707,1,0,30.0,0.0
7581642,1,189,99.0,0.0
7580514,1,53,160.0,0.0
7579910,1,5,105.0,363.0
7579679,1,1,50.0,0.0
7579627,1,4,200.0,0.0
7577024,1,0,100.0,0.0
7576337,1,68,200.0,21.0
7574029,1,17,175.0,0.0
7573842,1,1,250.0,0.0
7611383,1,0,200.0,0.0
7609268,1,25,99.0,12.0
7608106,1,47,196.0,6.0
7607175,1,1,75.0,157.0
7607092,1,10,225.0,0.0
7605261,1,5,240.0,0.0
7604436,1,22,128.0,305.0
7603795,1,0,350.0,124.0
7603226,1,11,285.0,173.0
7599704,1,0,75.0,7.0
7598755,1,1,120.0,0.0
7598620,1,26,58.0,70.0
7598580,1,1,90.0,35.0
7594757,1,18,40.0,0.0
7594732,1,0,70.0,103.0
7593341,1,9,195.0,9.0
7636125,1,0,70.0,0.0
7635592,1,10,49.0,76.0
7634973,1,40,108.0,0.0
7631412,1,18,80.0,0.0
7629544,1,34,185.0,365.0
7628817,1,0,275.0,0.0
7628445,1,25,160.0,363.0
7627586,1,6,299.0,27.0
7627510,1,5,80.0,157.0
7624316,1,14,60.0,0.0
7620548,1,0,170.0,10.0
7618966,1,0,387.0,0.0
7616444,1,4,350.0,0.0
7614595,1,7,38.0,137.0
7614268,1,0,139.0,0.0
7612089,1,3,222.0,0.0
7654662,1,1,160.0,0.0
7654246,1,5,90.0,0.0
7653811,1,2,60.0,249.0
7651357,1,55,48.0,0.0
7651028,1,0,150.0,0.0
7650212,1,7,300.0,0.0
7647511,1,15,100.0,0.0
7646038,1,2,120.0,0.0
7645338,1,76,35.0,5.0
7644839,1,138,112.0,248.0
7644834,1,48,199.0,37.0
7641397,1,2,65.0,0.0
7640852,1,0,95.0,0.0
7640229,1,4,90.0,0.0
7638924,1,0,130.0,0.0
7638718,1,8,54.0,0.0
7681637,1,62,175.0,213.0
7679270,1,2,150.0,146.0
7678663,1,1,40.0,0.0
7677048,1,131,140.0,28.0
7676839,1,75,70.0,364.0
7676346,1,0,80.0,0.0
7675569,1,5,90.0,0.0
7672728,1,172,95.0,14.0
7670501,1,41,72.0,68.0
7660014,1,3,150.0,228.0
7659871,1,21,45.0,21.0
7658111,1,22,50.0,8.0
7656555,1,11,33.0,0.0
7656338,1,9,80.0,0.0
7655962,1,11,99.0,0.0
7654837,1,3,149.0,14.0
7701933,1,2,232.0,234.0
7700456,1,0,89.0,1.0
7697189,1,3,160.0,0.0
7695686,1,44,130.0,80.0
7695239,1,0,249.0,0.0
7695223,1,6,65.0,0.0
7694993,1,8,200.0,0.0
7693917,1,7,100.0,36.0
7692306,1,2,200.0,16.0
7691955,1,9,81.0,0.0
7689009,1,1,225.0,0.0
7683847,1,0,110.0,0.0
7683267,1,61,100.0,0.0
7683195,1,18,162.0,247.0
7683052,1,7,110.0,0.0
7681692,1,0,75.0,180.0
2482069,1,0,95.0,0.0
2480467,1,1,125.0,0.0
2478942,1,10,65.0,5.0
2478763,1,2,298.0,74.0
2478644,1,0,38.0,43.0
2478424,1,17,110.0,94.0
2477248,1,4,150.0,0.0
2474293,1,53,210.0,148.0
2472680,1,219,90.0,30.0
2472358,1,2,250.0,0.0
2472305,1,169,349.0,344.0
7708014,1,23,60.0,0.0
7705129,1,0,100.0,0.0
7702854,1,46,280.0,64.0
7701998,1,0,75.0,0.0
7701992,1,0,130.0,0.0
7735666,1,232,125.0,47.0
7730748,1,0,45.0,0.0
7728790,1,40,65.0,64.0
7728010,1,9,63.0,342.0
7727015,1,9,120.0,0.0
7724142,1,2,1066.0,365.0
7721149,1,89,55.0,66.0
7720459,1,33,150.0,58.0
7720086,1,7,119.0,0.0
7719262,1,160,299.0,315.0
7710878,1,0,163.0,0.0
7709326,1,0,90.0,0.0
7709305,1,29,200.0,18.0
2483236,1,11,68.0,88.0
2482106,1,6,63.0,0.0
2482085,1,0,55.0,0.0
7760308,1,33,175.0,0.0
7759203,1,6,199.0,11.0
7759020,1,3,150.0,0.0
7757648,1,10,65.0,73.0
7756888,1,1,69.0,0.0
7755859,1,46,120.0,40.0
7755092,1,196,112.0,71.0
7753501,1,1,400.0,0.0
7752638,1,0,95.0,137.0
7748646,1,134,85.0,108.0
7748180,1,260,188.0,312.0
7748022,1,5,100.0,0.0
7747816,1,0,70.0,0.0
7741110,1,149,220.0,287.0
7740184,1,13,75.0,0.0
7739416,1,0,95.0,365.0
7786166,1,15,190.0,162.0
7784696,1,9,75.0,0.0
7784070,1,0,60.0,0.0
7782769,1,45,175.0,0.0
7781522,1,4,40.0,0.0
7779204,1,49,100.0,342.0
7777902,1,1,168.0,0.0
7777033,1,0,80.0,342.0
7776144,1,50,136.0,0.0
7775937,1,148,119.0,111.0
7775447,1,4,185.0,0.0
7768807,1,1,200.0,270.0
7765138,1,13,120.0,0.0
7763913,1,1,40.0,0.0
7761295,1,0,85.0,12.0
7760617,1,2,133.0,0.0
7810310,1,11,100.0,0.0
7809712,1,0,275.0,0.0
7809661,1,0,200.0,0.0
7809536,1,147,89.0,362.0
7809025,1,14,149.0,0.0
7807118,1,0,350.0,0.0
7806471,1,157,65.0,287.0
7805184,1,0,160.0,0.0
7798275,1,1,100.0,5.0
7798111,1,0,100.0,61.0
7797973,1,19,175.0,147.0
7797690,1,282,120.0,187.0
7797101,1,67,180.0,289.0
7795299,1,8,100.0,13.0
7793849,1,25,210.0,0.0
7788268,1,10,75.0,52.0
7835900,1,1,250.0,0.0
7835116,1,0,50.0,0.0
7834564,1,2,60.0,14.0
7834073,1,27,250.0,31.0
7833913,1,90,69.0,186.0
7831200,1,13,100.0,183.0
7825844,1,0,128.0,35.0
7825587,1,12,100.0,106.0
7824750,1,43,122.0,146.0
7822898,1,6,104.0,141.0
7822683,1,2,55.0,0.0
7821383,1,24,550.0,0.0
7817764,1,0,50.0,16.0
7815949,1,67,85.0,8.0
7813520,1,55,49.0,332.0
7810471,1,2,198.0,0.0
2470606,1,2,59.0,0.0
2470568,1,0,75.0,0.0
2469662,1,5,80.0,0.0
2465013,1,2,275.0,0.0
2464823,1,5,112.0,0.0
2463994,1,1,200.0,0.0
2462300,1,20,120.0,0.0
2462260,1,63,169.0,323.0
2461535,1,120,400.0,300.0
2459648,1,2,35.0,90.0
2458913,1,1,50.0,66.0
7847292,1,147,169.0,310.0
7846216,1,114,290.0,157.0
7837510,1,1,90.0,124.0
7837136,1,23,300.0,365.0
7837004,1,29,170.0,0.0
7876900,1,3,45.0,0.0
7875127,1,1,65.0,0.0
7872220,1,153,145.0,47.0
7863991,1,23,250.0,311.0
7861502,1,1,200.0,0.0
7859118,1,80,165.0,188.0
7858405,1,227,155.0,244.0
7857773,1,21,130.0,0.0
7856381,1,1,120.0,0.0
7854459,1,1,225.0,88.0
7853680,1,2,250.0,0.0
7853503,1,2,140.0,0.0
7852646,1,38,110.0,46.0
7849770,1,83,70.0,0.0
7849109,1,1,280.0,0.0
2471671,1,185,79.0,302.0
7896605,1,8,102.0,0.0
7895068,1,201,179.0,256.0
7894614,1,5,150.0,0.0
7894144,1,8,75.0,0.0
7890158,1,16,80.0,1.0
7889819,1,22,240.0,0.0
7889472,1,14,355.0,89.0
7886822,1,0,300.0,0.0
7883985,1,23,79.0,7.0
7881946,1,5,140.0,0.0
7881738,1,1,99.0,0.0
7880914,1,85,175.0,287.0
7879349,1,1,60.0,0.0
7878911,1,5,90.0,0.0
7877557,1,0,100.0,0.0
7877288,1,0,120.0,0.0
7917224,1,2,36.0,0.0
7915183,1,1,240.0,0.0
7913863,1,138,59.0,268.0
7913732,1,4,240.0,7.0
7913159,1,3,75.0,0.0
7912469,1,3,50.0,0.0
7911103,1,0,205.0,0.0
7910657,1,3,250.0,175.0
7903711,1,8,260.0,0.0
7903382,1,7,150.0,0.0
7901999,1,26,299.0,88.0
7898626,1,8,100.0,6.0
7898046,1,71,199.0,0.0
7897952,1,1,132.0,0.0
7897771,1,3,115.0,0.0
7897301,1,13,140.0,0.0
7947211,1,44,126.0,7.0
7941100,1,1,65.0,156.0
7941058,1,3,200.0,38.0
7940120,1,0,50.0,0.0
7939437,1,34,100.0,59.0
7938019,1,78,345.0,185.0
7936109,1,5,180.0,0.0
7934771,1,3,175.0,0.0
7933261,1,1,260.0,43.0
7932698,1,30,106.0,0.0
7931702,1,2,70.0,0.0
7927832,1,1,150.0,0.0
7921167,1,0,40.0,0.0
7919277,1,1,125.0,364.0
7918948,1,1,180.0,0.0
7917247,1,102,125.0,35.0
7964926,1,19,90.0,53.0
7964729,1,1,390.0,0.0
7963317,1,0,150.0,0.0
7963207,1,8,325.0,83.0
7959692,1,5,180.0,0.0
7959444,1,17,190.0,167.0
7958766,1,17,99.0,20.0
7957807,1,14,250.0,364.0
7956889,1,3,86.0,66.0
7956482,1,1,190.0,0.0
7953376,1,0,65.0,0.0
7952814,1,3,100.0,43.0
7952263,1,1,200.0,0.0
7951613,1,7,125.0,0.0
7951200,1,4,135.0,171.0
7950356,1,10,175.0,0.0
7988149,1,195,275.0,331.0
7988008,1,16,210.0,318.0
7983308,1,1,269.0,0.0
7982677,1,1,230.0,15.0
7982432,1,1,65.0,0.0
7980049,1,8,165.0,0.0
7980041,1,6,110.0,17.0
7978448,1,23,90.0,0.0
7978333,1,154,150.0,271.0
7976263,1,3,100.0,0.0
7974574,1,5,152.0,0.0
7973451,1,1,85.0,84.0
7970340,1,1,55.0,0.0
7969836,1,4,300.0,0.0
7969715,1,19,125.0,92.0
7965887,1,5,60.0,0.0
2457645,1,0,130.0,0.0
2456412,1,3,200.0,0.0
2455767,1,78,145.0,314.0
2455580,1,0,225.0,0.0
2455544,1,1,140.0,0.0
2455462,1,35,80.0,189.0
2455178,1,6,55.0,0.0
2453755,1,2,175.0,0.0
2452616,1,12,175.0,0.0
2450673,1,4,79.0,0.0
2450665,1,12,249.0,26.0
2450605,1,0,225.0,0.0
2450194,1,5,148.0,2.0
2449230,1,0,80.0,38.0
2449193,1,7,109.0,10.0
7988793,1,1,59.0,0.0
8014888,1,6,499.0,299.0
8013853,1,16,85.0,318.0
8012008,1,0,125.0,0.0
8011670,1,77,70.0,274.0
8010331,1,8,120.0,11.0
8008110,1,33,195.0,1.0
8007003,1,0,120.0,0.0
8002698,1,3,27.0,0.0
7997061,1,87,250.0,272.0
7992346,1,0,149.0,0.0
7991797,1,9,200.0,0.0
7991202,1,5,125.0,7.0
7990995,1,0,35.0,0.0
7990635,1,0,92.0,0.0
7989115,1,8,150.0,364.0
2458750,1,14,159.0,265.0
8052047,1,10,47.0,0.0
8050394,1,4,157.0,0.0
8049757,1,60,220.0,332.0
8049682,1,120,81.0,0.0
8049219,1,22,165.0,0.0
8048803,1,2,82.0,0.0
8048669,1,16,100.0,6.0
8048355,1,3,55.0,215.0
8039125,1,4,52.0,329.0
8038118,1,116,175.0,299.0
8035063,1,0,85.0,0.0
8033291,1,6,94.0,0.0
8030654,1,2,300.0,0.0
8026588,1,7,200.0,0.0
8026393,1,121,150.0,225.0
8015051,1,76,115.0,283.0
8084384,1,0,220.0,3.0
8083568,1,66,60.0,348.0
8082431,1,84,220.0,6.0
8080357,1,0,55.0,0.0
8076496,1,6,60.0,96.0
8073725,1,24,175.0,365.0
8071900,1,21,47.0,56.0
8067740,1,32,180.0,90.0
8066407,1,0,250.0,13.0
8066318,1,33,141.0,159.0
8063576,1,2,85.0,0.0
8060373,1,0,150.0,0.0
8059211,1,0,120.0,0.0
8056254,1,2,225.0,0.0
8055207,1,53,165.0,0.0
8053333,1,15,105.0,160.0
8108429,1,15,99.0,0.0
8106327,1,1,40.0,0.0
8105524,1,0,150.0,0.0
8102595,1,48,600.0,89.0
8095903,1,2,100.0,0.0
8094921,1,78,320.0,312.0
8094859,1,0,190.0,148.0
8094710,1,12,75.0,40.0
8093077,1,3,250.0,0.0
8093028,1,1,129.0,21.0
8092818,1,3,115.0,0.0
8092548,1,38,229.0,364.0
8092286,1,3,135.0,37.0
8091133,1,0,40.0,0.0
8089285,1,1,149.0,0.0
8088731,1,19,79.0,0.0
8132596,1,34,170.0,0.0
8131878,1,50,140.0,328.0
8131326,1,0,239.0,0.0
8130515,1,2,150.0,0.0
8126811,1,184,250.0,84.0
8125932,1,26,45.0,74.0
8124038,1,17,45.0,119.0
8120180,1,2,45.0,0.0
8120005,1,2,70.0,0.0
8118080,1,0,40.0,0.0
8116703,1,0,210.0,0.0
8115522,1,4,66.0,0.0
8115401,1,33,250.0,7.0
8113117,1,181,80.0,52.0
8109174,1,8,130.0,0.0
8108526,1,4,100.0,0.0
2449047,1,0,150.0,176.0
2448443,1,1,140.0,3.0
2448332,1,37,119.0,85.0
2447827,1,12,175.0,2.0
2446722,1,22,120.0,16.0
2446016,1,48,150.0,0.0
2443535,1,0,90.0,0.0
2442348,1,123,162.0,282.0
2442340,1,0,75.0,0.0
2441040,1,6,160.0,17.0
2440317,1,5,150.0,0.0
2439175,1,180,65.0,6.0
2438907,1,23,199.0,0.0
2438262,1,10,95.0,0.0
8133558,1,0,38.0,0.0
8133069,1,1,240.0,0.0
8161684,1,5,250.0,0.0
8158276,1,1,100.0,0.0
8154922,1,0,60.0,0.0
8150446,1,1,73.0,32.0
8146232,1,3,120.0,0.0
8145820,1,1,30.0,0.0
8144643,1,0,90.0,0.0
8144621,1,0,150.0,0.0
8144242,1,24,300.0,0.0
8143711,1,0,60.0,0.0
8140134,1,2,75.0,0.0
8138665,1,2,35.0,364.0
8137499,1,20,60.0,363.0
8135210,1,3,108.0,0.0
8134440,1,0,55.0,0.0
8134104,1,10,500.0,0.0
8183266,1,168,99.0,46.0
8180517,1,0,110.0,0.0
8179855,1,22,95.0,20.0
8179499,1,0,180.0,0.0
8179150,1,0,90.0,0.0
8178950,1,76,121.0,151.0
8177511,1,0,55.0,0.0
8171440,1,17,150.0,0.0
8167445,1,10,55.0,0.0
8167329,1,6,95.0,0.0
8164199,1,0,180.0,0.0
8164085,1,9,56.0,80.0
8163703,1,12,150.0,0.0
8163438,1,0,75.0,0.0
8163133,1,68,269.0,311.0
8162588,1,10,40.0,22.0
8201520,1,0,65.0,0.0
8200984,1,4,200.0,0.0
8200795,1,51,191.0,55.0
8200337,1,6,115.0,0.0
8199671,1,6,120.0,2.0
8198108,1,8,140.0,0.0
8197910,1,16,120.0,85.0
8197805,1,1,250.0,10.0
8190806,1,53,175.0,99.0
8189649,1,0,96.0,0.0
8187861,1,3,88.0,241.0
8187816,1,0,550.0,20.0
8185593,1,1,80.0,8.0
8185477,1,5,80.0,68.0
8185223,1,0,42.0,90.0
8184930,1,73,40.0,65.0
8246221,1,1,105.0,0.0
8245913,1,0,330.0,0.0
8243983,1,0,50.0,0.0
8243469,1,59,49.0,0.0
8243103,1,33,200.0,0.0
8235517,1,4,110.0,0.0
8222814,1,210,100.0,256.0
8221838,1,1,200.0,188.0
8219931,1,0,300.0,0.0
8214691,1,0,159.0,0.0
8214568,1,0,250.0,0.0
8212880,1,1,65.0,0.0
8212204,1,1,64.0,0.0
8208493,1,179,175.0,116.0
8203031,1,8,150.0,27.0
8201914,1,11,234.0,0.0
8273903,1,4,99.0,5.0
8266306,1,14,150.0,0.0
8266069,1,110,120.0,222.0
8265805,1,0,50.0,0.0
8262339,1,3,200.0,0.0
8261208,1,27,45.0,339.0
8261145,1,105,175.0,274.0
8260418,1,0,26.0,0.0
8258751,1,3,250.0,0.0
8258307,1,0,2000.0,0.0
8255208,1,1,140.0,0.0
8255157,1,0,130.0,0.0
8254680,1,0,49.0,0.0
8253008,1,0,125.0,97.0
8252974,1,3,70.0,0.0
8250822,1,4,130.0,7.0
8300712,1,124,280.0,359.0
8300022,1,1,130.0,0.0
8299661,1,4,70.0,216.0
8292025,1,0,122.0,0.0
8291260,1,31,80.0,68.0
8289663,1,101,60.0,340.0
8289606,1,19,240.0,158.0
8286555,1,0,300.0,83.0
8285778,1,0,179.0,12.0
8282962,1,31,156.0,3.0
8280982,1,1,250.0,133.0
8280182,1,0,300.0,365.0
8280108,1,6,175.0,18.0
8278521,1,50,750.0,345.0
8278179,1,4,80.0,0.0
8276592,1,79,44.0,191.0
2436652,1,44,160.0,226.0
2436633,1,162,150.0,231.0
2436599,1,2,128.0,0.0
2436411,1,2,120.0,0.0
2435941,1,24,73.0,0.0
2435822,1,57,225.0,59.0
2434499,1,0,114.0,0.0
2433524,1,0,250.0,0.0
2432924,1,0,49.0,0.0
2432475,1,2,50.0,35.0
2431679,1,7,155.0,0.0
2431528,1,22,165.0,316.0
2431238,1,93,125.0,13.0
2429432,1,27,220.0,68.0
8301763,1,9,79.0,0.0
8301365,1,5,100.0,25.0
8315176,1,0,40.0,0.0
8314626,1,148,89.0,303.0
8314232,1,38,100.0,0.0
8313953,1,36,140.0,71.0
8313697,1,0,120.0,365.0
8311526,1,1,80.0,0.0
8309054,1,3,90.0,0.0
8306638,1,11,91.0,234.0
8305981,1,34,350.0,10.0
8305252,1,26,200.0,67.0
8305133,1,0,150.0,49.0
8304751,1,10,250.0,83.0
8304377,1,0,155.0,0.0
8303104,1,102,89.0,269.0
8302904,1,6,59.0,0.0
2436695,1,0,350.0,0.0
8344401,1,4,185.0,3.0
8343891,1,0,146.0,0.0
8337801,1,72,110.0,42.0
8336526,1,17,550.0,201.0
8336084,1,33,123.0,1.0
8335875,1,59,215.0,356.0
8334983,1,4,99.0,0.0
8332684,1,1,208.0,0.0
8331436,1,4,109.0,0.0
8330977,1,47,197.0,13.0
8329975,1,15,150.0,5.0
8327308,1,1,119.0,0.0
8325079,1,1,115.0,0.0
8323145,1,131,80.0,34.0
8316059,1,25,75.0,365.0
8315861,1,52,195.0,0.0
8373183,1,32,95.0,0.0
8368667,1,18,215.0,68.0
8366847,1,1,150.0,0.0
8363605,1,0,122.0,0.0
8362282,1,15,125.0,362.0
8358654,1,0,75.0,0.0
8354383,1,7,600.0,210.0
8354345,1,95,495.0,285.0
8353665,1,4,150.0,33.0
8351424,1,20,112.0,179.0
8349905,1,5,234.0,0.0
8349334,1,9,190.0,0.0
8346419,1,2,47.0,0.0
8345393,1,3,150.0,0.0
8345378,1,20,130.0,64.0
8344620,1,10,180.0,0.0
8435624,1,15,105.0,0.0
8434244,1,59,125.0,360.0
8423479,1,16,275.0,12.0
8422502,1,2,90.0,0.0
8416362,1,17,260.0,42.0
8415945,1,1,157.0,169.0
8411075,1,0,119.0,5.0
8410380,1,147,150.0,344.0
8409547,1,3,100.0,2.0
8402190,1,38,99.0,89.0
8390853,1,117,125.0,228.0
8389213,1,7,125.0,0.0
8389062,1,1,120.0,0.0
8387315,1,75,115.0,81.0
8384058,1,37,98.0,170.0
8375500,1,9,46.0,0.0
8480056,1,17,170.0,6.0
8479809,1,0,75.0,0.0
8475475,1,3,149.0,0.0
8473523,1,7,75.0,0.0
8472477,1,1,132.0,0.0
8471197,1,28,175.0,0.0
8457613,1,0,250.0,365.0
8456422,1,10,625.0,0.0
8455543,1,3,599.0,54.0
8454981,1,7,150.0,0.0
8451716,1,9,225.0,2.0
8448216,1,0,120.0,0.0
8442344,1,0,125.0,0.0
8439929,1,17,150.0,102.0
8439782,1,0,49.0,0.0
8438140,1,14,159.0,31.0
8511553,1,6,55.0,0.0
8503277,1,3,100.0,0.0
8502406,1,12,135.0,0.0
8501698,1,1,140.0,0.0
8500390,1,3,90.0,0.0
8498596,1,14,95.0,32.0
8497788,1,1,189.0,0.0
8494658,1,12,99.0,64.0
8490286,1,189,110.0,268.0
8489997,1,27,200.0,280.0
8489537,1,129,200.0,64.0
8488933,1,22,184.0,0.0
8488826,1,5,148.0,0.0
8485868,1,0,150.0,17.0
8483704,1,16,200.0,50.0
8481739,1,334,152.0,269.0
2428014,1,0,199.0,33.0
2427868,1,121,102.0,361.0
2427529,1,0,75.0,0.0
2427385,1,2,68.0,0.0
2426779,1,124,120.0,292.0
2426404,1,6,230.0,0.0
2424887,1,36,55.0,179.0
2424873,1,30,99.0,317.0
2424168,1,2,140.0,0.0
2424166,1,0,150.0,0.0
2423570,1,4,150.0,345.0
2423554,1,15,50.0,324.0
2423401,1,0,200.0,342.0
2423377,1,6,425.0,156.0
2423107,1,4,120.0,0.0
8511789,1,3,409.0,0.0
8534626,1,3,150.0,0.0
8534610,1,23,90.0,104.0
8533891,1,2,225.0,0.0
8533032,1,5,130.0,10.0
8531067,1,2,250.0,0.0
8530836,1,5,100.0,105.0
8525424,1,2,120.0,0.0
8525142,1,7,520.0,80.0
8523970,1,10,200.0,0.0
8523790,1,0,170.0,188.0
8521063,1,48,100.0,78.0
8520430,1,65,63.0,290.0
8519823,1,5,350.0,166.0
8518298,1,3,57.0,29.0
8518291,1,3,61.0,84.0
2429094,1,1,140.0,0.0
8556751,1,0,50.0,0.0
8556404,1,0,97.0,365.0
8555319,1,13,140.0,0.0
8554637,1,36,149.0,109.0
8554194,1,39,120.0,1.0
8552927,1,309,99.0,254.0
8550571,1,10,400.0,0.0
8548453,1,3,295.0,235.0
8548430,1,142,120.0,37.0
8547368,1,84,225.0,27.0
8546088,1,42,100.0,0.0
8541180,1,60,100.0,78.0
8539684,1,10,250.0,0.0
8539550,1,20,60.0,62.0
8536366,1,9,450.0,329.0
8535372,1,57,60.0,301.0
8604689,1,151,214.0,219.0
8598491,1,27,175.0,63.0
8597778,1,6,249.0,0.0
8597272,1,2,200.0,15.0
8591819,1,0,60.0,0.0
8591292,1,20,275.0,359.0
8589557,1,7,80.0,70.0
8587936,1,0,180.0,0.0
8586684,1,1,700.0,0.0
8575784,1,4,155.0,0.0
8573805,1,0,40.0,0.0
8573489,1,1,220.0,14.0
8572778,1,4,500.0,91.0
8571056,1,4,80.0,0.0
8568891,1,13,65.0,362.0
8567200,1,36,250.0,36.0
8628781,1,1,70.0,0.0
8628273,1,2,140.0,0.0
8627814,1,3,100.0,0.0
8624212,1,131,170.0,26.0
8621271,1,20,110.0,0.0
8620509,1,0,165.0,20.0
8619985,1,14,96.0,50.0
8619862,1,1,150.0,0.0
8619668,1,2,60.0,50.0
8618782,1,1,350.0,5.0
8617411,1,0,1500.0,365.0
8616787,1,1,200.0,9.0
8616101,1,16,265.0,16.0
8615868,1,0,100.0,0.0
8612450,1,4,20.0,18.0
8610441,1,60,195.0,258.0
8659738,1,118,120.0,266.0
8658146,1,214,120.0,197.0
8656650,1,37,110.0,182.0
8655790,1,1,75.0,93.0
8655014,1,0,210.0,12.0
8654731,1,32,289.0,60.0
8654456,1,37,100.0,0.0
8653725,1,158,175.0,317.0
8652278,1,1,87.0,0.0
8638841,1,142,65.0,115.0
8636489,1,14,250.0,0.0
8636072,1,0,260.0,9.0
8635827,1,42,206.0,0.0
8635103,1,1,67.0,0.0
8633973,1,41,135.0,0.0
8629268,1,4,44.0,0.0
8686752,1,18,100.0,0.0
8686625,1,166,165.0,210.0
8685999,1,48,100.0,0.0
8685072,1,13,155.0,0.0
8682765,1,0,150.0,0.0
8680097,1,72,120.0,284.0
8677477,1,73,80.0,309.0
8677042,1,1,241.0,0.0
8676157,1,0,325.0,179.0
8671974,1,1,60.0,365.0
8671553,1,0,95.0,0.0
8671253,1,3,80.0,0.0
8670155,1,1,69.0,0.0
8662157,1,23,270.0,17.0
8661991,1,1,200.0,0.0
8661986,1,26,279.0,229.0
2423042,1,5,120.0,0.0
2422648,1,15,175.0,4.0
2420988,1,2,105.0,93.0
2420670,1,203,226.0,38.0
2420592,1,13,60.0,0.0
2420586,1,12,325.0,39.0
2419727,1,17,88.0,227.0
2419331,1,3,150.0,0.0
2416454,1,4,175.0,0.0
2416281,1,45,98.0,179.0
2416036,1,0,425.0,0.0
2415163,1,17,400.0,37.0
8687489,1,40,150.0,0.0
8687478,1,1,180.0,0.0
8687162,1,0,135.0,0.0
8687068,1,33,240.0,83.0
8716709,1,0,300.0,0.0
8714863,1,20,90.0,2.0
8714636,1,1,199.0,0.0
8713930,1,0,225.0,0.0
8712984,1,9,99.0,42.0
8712217,1,0,200.0,0.0
8708720,1,127,135.0,354.0
8707742,1,0,70.0,0.0
8706651,1,1,150.0,0.0
8706294,1,81,80.0,315.0
8702561,1,78,140.0,126.0
8699249,1,3,200.0,0.0
8696190,1,11,380.0,22.0
8693741,1,2,35.0,0.0
8692598,1,5,48.0,0.0
2423061,1,1,125.0,0.0
8739354,1,29,380.0,365.0
8739010,1,15,131.0,11.0
8737911,1,2,125.0,0.0
8737065,1,0,250.0,0.0
8734291,1,65,75.0,301.0
8733761,1,9,150.0,0.0
8732038,1,0,100.0,0.0
8731758,1,5,175.0,198.0
8730700,1,3,88.0,23.0
8730513,1,1,175.0,0.0
8726843,1,85,350.0,175.0
8726365,1,0,185.0,0.0
8726203,1,99,145.0,327.0
8726014,1,5,90.0,361.0
8726000,1,2,70.0,0.0
8717872,1,6,97.0,2.0
8756595,1,28,80.0,167.0
8756366,1,0,80.0,0.0
8754633,1,8,65.0,8.0
8753908,1,1,65.0,169.0
8753700,1,28,215.0,6.0
8753629,1,7,120.0,13.0
8752988,1,0,125.0,0.0
8751800,1,21,125.0,363.0
8750186,1,0,69.0,0.0
8749245,1,2,175.0,215.0
8748976,1,0,4200.0,347.0
8748472,1,5,100.0,0.0
8741682,1,1,100.0,0.0
8740662,1,0,125.0,0.0
8740210,1,1,75.0,0.0
8739627,1,0,40.0,0.0
8788534,1,88,84.0,155.0
8785876,1,86,68.0,64.0
8785272,1,0,90.0,0.0
8784903,1,1,115.0,0.0
8784337,1,3,32.0,0.0
8780729,1,31,135.0,0.0
8778997,1,26,102.0,2.0
8778889,1,0,1200.0,0.0
8778846,1,67,249.0,0.0
8775113,1,1,90.0,0.0
8772693,1,20,200.0,0.0
8768792,1,1,70.0,0.0
8760900,1,41,120.0,4.0
8759781,1,11,110.0,362.0
8756834,1,1,80.0,33.0
8756821,1,10,180.0,0.0
8817100,1,0,200.0,0.0
8816218,1,0,125.0,0.0
8815256,1,0,159.0,89.0
8813443,1,0,83.0,0.0
8812035,1,1,130.0,0.0
8811222,1,120,150.0,29.0
8810794,1,10,50.0,125.0
8803552,1,0,95.0,179.0
8801391,1,0,300.0,180.0
8798158,1,16,175.0,0.0
8797100,1,107,235.0,27.0
8796895,1,12,310.0,358.0
8794266,1,0,140.0,0.0
8794068,1,0,40.0,0.0
8791857,1,29,194.0,102.0
8791051,1,48,104.0,122.0
8837750,1,45,485.0,203.0
8835932,1,0,199.0,11.0
8834234,1,25,85.0,58.0
8833868,1,22,50.0,42.0
8832880,1,0,55.0,0.0
8832456,1,132,54.0,70.0
8832035,1,9,163.0,0.0
8830645,1,2,160.0,0.0
8830191,1,2,40.0,57.0
8822946,1,4,135.0,0.0
8822878,1,1,250.0,84.0
8822845,1,16,140.0,1.0
8821936,1,19,75.0,258.0
8821726,1,12,40.0,0.0
8820573,1,105,175.0,104.0
8818661,1,16,70.0,0.0
8869512,1,1,65.0,0.0
8867917,1,0,99.0,0.0
8862886,1,40,150.0,0.0
8860559,1,1,77.0,0.0
8860345,1,3,175.0,4.0
8858347,1,12,120.0,22.0
8856151,1,0,229.0,0.0
8855004,1,1,65.0,0.0
8854804,1,0,100.0,0.0
8852945,1,0,110.0,0.0
8851665,1,1,200.0,0.0
8849869,1,1,110.0,3.0
8844412,1,5,250.0,358.0
8838470,1,79,250.0,137.0
8838164,1,0,45.0,0.0
8838044,1,34,150.0,0.0
8896489,1,64,79.0,311.0
8896180,1,139,90.0,293.0
8895249,1,12,54.0,129.0
8894559,1,8,120.0,1.0
8885753,1,0,80.0,0.0
8882019,1,1,110.0,189.0
8881924,1,6,196.0,268.0
8881505,1,20,175.0,36.0
8879096,1,6,65.0,0.0
8877881,1,0,499.0,0.0
8876603,1,143,145.0,252.0
8873749,1,76,40.0,291.0
8872284,1,120,149.0,329.0
8871082,1,1,110.0,0.0
8871034,1,21,175.0,0.0
8869875,1,5,95.0,0.0
2413714,1,116,125.0,365.0
2413383,1,7,110.0,0.0
2413155,1,95,225.0,251.0
2412806,1,115,210.0,247.0
2412748,1,0,82.0,0.0
2412677,1,1,100.0,0.0
2409706,1,5,135.0,0.0
2409133,1,7,44.0,0.0
2409072,1,15,60.0,95.0
2407990,1,2,120.0,0.0
2407821,1,23,190.0,27.0
2405940,1,3,42.0,0.0
2405781,1,4,150.0,1.0
2402292,1,95,155.0,309.0
8898944,1,28,99.0,69.0
8896831,1,21,125.0,128.0
8936313,1,0,120.0,0.0
8925370,1,26,110.0,0.0
8924899,1,62,365.0,28.0
8924676,1,0,375.0,0.0
8920162,1,0,500.0,0.0
8918030,1,19,50.0,311.0
8917825,1,11,199.0,0.0
8910286,1,183,180.0,0.0
8905097,1,1,750.0,332.0
8903368,1,3,100.0,0.0
8902883,1,10,85.0,147.0
8902538,1,5,100.0,0.0
8901437,1,3,99.0,0.0
8900383,1,0,220.0,365.0
8899812,1,2,65.0,173.0
2413971,1,0,74.0,0.0
8962177,1,4,90.0,330.0
8960858,1,7,102.0,4.0
8960308,1,16,59.0,13.0
8959179,1,10,104.0,98.0
8956323,1,0,180.0,0.0
8955761,1,0,55.0,0.0
8954264,1,25,177.0,213.0
8953823,1,0,120.0,0.0
8952737,1,1,75.0,0.0
8951505,1,29,103.0,55.0
8951256,1,38,180.0,36.0
8946866,1,37,80.0,0.0
8943770,1,23,49.0,262.0
8940513,1,43,198.0,241.0
8937205,1,6,249.0,365.0
8936829,1,0,150.0,0.0
9007512,1,3,100.0,340.0
8998805,1,164,76.0,27.0
8996900,1,1,150.0,0.0
8996336,1,10,50.0,365.0
8994053,1,65,190.0,259.0
8992812,1,10,110.0,0.0
8990490,1,1,55.0,157.0
8990438,1,48,169.0,325.0
8989844,1,53,45.0,249.0
8986314,1,0,90.0,0.0
8986298,1,0,150.0,43.0
8977208,1,0,130.0,186.0
8976567,1,51,118.0,201.0
8973065,1,5,45.0,0.0
8968224,1,0,49.0,0.0
8965532,1,11,120.0,0.0
9031941,1,2,110.0,0.0
9031632,1,58,120.0,99.0
9030221,1,137,73.0,0.0
9028473,1,0,75.0,0.0
9028424,1,1,140.0,8.0
9028198,1,4,300.0,4.0
9021276,1,7,400.0,64.0
9020694,1,1,80.0,339.0
9020323,1,20,110.0,173.0
9018446,1,307,80.0,54.0
9018292,1,0,60.0,0.0
9018136,1,8,60.0,0.0
9014833,1,15,61.0,0.0
9012184,1,222,259.0,250.0
9008935,1,7,110.0,300.0
9007993,1,2,150.0,0.0
2399157,1,17,84.0,0.0
2397437,1,22,120.0,189.0
2397411,1,10,350.0,0.0
2396741,1,3,105.0,30.0
2396295,1,182,350.0,272.0
2394687,1,1,260.0,88.0
2393537,1,69,142.0,261.0
2392755,1,8,45.0,109.0
2390913,1,0,85.0,50.0
2390711,1,1,130.0,0.0
2389808,1,15,135.0,0.0
2389494,1,5,69.0,4.0
9035762,1,8,75.0,281.0
9035097,1,42,750.0,281.0
9034883,1,0,75.0,88.0
9034275,1,2,75.0,0.0
9055702,1,18,65.0,278.0
9055412,1,0,100.0,0.0
9053452,1,6,440.0,70.0
9053036,1,65,185.0,106.0
9050420,1,0,190.0,0.0
9050139,1,14,215.0,13.0
9049657,1,131,390.0,321.0
9047774,1,0,150.0,0.0
9041817,1,1,47.0,0.0
9039995,1,11,33.0,0.0
9039711,1,2,45.0,0.0
9038810,1,11,295.0,1.0
9038714,1,6,199.0,73.0
9037589,1,0,90.0,179.0
9036787,1,46,190.0,207.0
2401823,1,0,150.0,0.0
9096745,1,10,299.0,78.0
9094952,1,3,127.0,0.0
9093418,1,0,300.0,365.0
9091115,1,14,100.0,17.0
9090698,1,2,275.0,365.0
9089934,1,0,30.0,0.0
9089718,1,1,129.0,14.0
9081271,1,2,300.0,0.0
9080758,1,48,80.0,0.0
9073820,1,0,38.0,0.0
9071235,1,3,399.0,75.0
9070754,1,0,50.0,55.0
9060571,1,86,100.0,34.0
9060287,1,7,111.0,0.0
9060143,1,6,75.0,0.0
9059339,1,167,61.0,292.0
9122037,1,0,135.0,341.0
9121940,1,0,290.0,341.0
9121644,1,5,85.0,0.0
9119678,1,27,119.0,325.0
9119676,1,10,175.0,0.0
9119410,1,1,80.0,0.0
9117590,1,235,87.0,23.0
9112269,1,21,74.0,0.0
9111954,1,69,150.0,39.0
9111709,1,11,55.0,0.0
9110062,1,5,72.0,35.0
9109049,1,19,160.0,0.0
9108035,1,5,93.0,0.0
9107715,1,26,170.0,115.0
9105586,1,1,75.0,0.0
9104749,1,15,50.0,0.0
9149064,1,15,150.0,55.0
9147284,1,4,60.0,341.0
9144442,1,9,65.0,0.0
9144218,1,0,125.0,0.0
9143200,1,2,160.0,0.0
9138796,1,115,130.0,49.0
9138141,1,85,100.0,125.0
9132107,1,2,145.0,0.0
9131167,1,231,195.0,304.0
9130465,1,233,225.0,89.0
9130390,1,3,160.0,0.0
9127501,1,0,70.0,115.0
9127398,1,0,235.0,0.0
9124906,1,1,40.0,0.0
9123948,1,3,46.0,0.0
9122601,1,35,75.0,300.0
9177920,1,144,250.0,128.0
9177778,1,47,139.0,28.0
9175058,1,17,41.0,0.0
9173924,1,119,200.0,216.0
9171744,1,87,85.0,1.0
9166875,1,1,64.0,0.0
9165739,1,10,91.0,0.0
9163877,1,4,132.0,205.0
9162713,1,65,300.0,350.0
9156492,1,6,114.0,11.0
9155419,1,5,140.0,149.0
9155010,1,4,120.0,7.0
9153601,1,70,218.0,335.0
9152821,1,0,100.0,0.0
9152003,1,18,199.0,16.0
9150099,1,2,300.0,0.0
9209911,1,71,54.0,15.0
9208470,1,4,66.0,36.0
9206072,1,101,133.0,87.0
9203654,1,0,140.0,0.0
9201921,1,3,250.0,0.0
9197619,1,0,130.0,0.0
9197440,1,5,99.0,0.0
9197101,1,11,43.0,338.0
9196903,1,0,100.0,0.0
9195264,1,13,150.0,0.0
9193762,1,1,43.0,0.0
9193506,1,3,65.0,0.0
9192860,1,62,71.0,291.0
9187795,1,13,260.0,167.0
9187405,1,5,150.0,0.0
9186542,1,26,109.0,139.0
2383846,1,5,110.0,0.0
2383619,1,88,80.0,364.0
2382974,1,1,110.0,0.0
2382189,1,261,125.0,212.0
2381030,1,1,1200.0,0.0
2380912,1,0,135.0,0.0
2378621,1,0,54.0,0.0
2378357,1,42,125.0,172.0
2378231,1,4,85.0,0.0
2376644,1,0,80.0,0.0
2375701,1,1,66.0,0.0
2375125,1,1,40.0,0.0
2374190,1,1,80.0,330.0
9212560,1,5,140.0,3.0
9212402,1,12,140.0,0.0
9210000,1,5,50.0,206.0
9238069,1,15,150.0,1.0
9236677,1,0,155.0,0.0
9232930,1,8,90.0,87.0
9232428,1,6,135.0,0.0
9232106,1,10,225.0,348.0
9229424,1,52,145.0,0.0
9226441,1,42,295.0,81.0
9224491,1,0,110.0,0.0
9223263,1,3,45.0,0.0
9223085,1,190,135.0,267.0
9216074,1,0,370.0,0.0
9215977,1,20,249.0,63.0
9215302,1,6,90.0,0.0
9214999,1,3,125.0,0.0
9212686,1,1,55.0,0.0
2384086,1,0,40.0,0.0
9266337,1,4,154.0,12.0
9264606,1,0,275.0,0.0
9263625,1,22,95.0,13.0
9262409,1,1,80.0,0.0
9260643,1,3,400.0,20.0
9251010,1,8,175.0,0.0
9250639,1,7,125.0,0.0
9250609,1,0,80.0,0.0
9250406,1,127,179.0,17.0
9249156,1,2,55.0,0.0
9247072,1,9,100.0,0.0
9246334,1,0,70.0,365.0
9246269,1,0,42.0,0.0
9245509,1,4,499.0,0.0
9243105,1,227,115.0,294.0
9241743,1,1,80.0,365.0
9290968,1,2,112.0,0.0
9289171,1,20,125.0,87.0
9288577,1,206,450.0,1.0
9287155,1,16,450.0,145.0
9285643,1,0,150.0,0.0
9285314,1,0,150.0,93.0
9282079,1,12,245.0,0.0
9280524,1,1,185.0,0.0
9280078,1,1,120.0,0.0
9273561,1,21,75.0,0.0
9273392,1,75,100.0,0.0
9271620,1,10,77.0,315.0
9270927,1,0,190.0,0.0
9270510,1,7,45.0,34.0
9269794,1,38,75.0,365.0
9268156,1,107,86.0,0.0
2374185,1,0,300.0,348.0
2373905,1,36,145.0,342.0
2373697,1,2,130.0,0.0
2373009,1,1,100.0,0.0
2372486,1,0,150.0,0.0
2372310,1,0,220.0,21.0
2371814,1,2,150.0,0.0
2370635,1,128,122.0,255.0
2370614,1,22,308.0,109.0
2370532,1,8,300.0,0.0
2369681,1,540,99.0,179.0
2369654,1,7,120.0,0.0
2368753,1,48,80.0,96.0
9296262,1,3,145.0,69.0
9294273,1,1,110.0,0.0
9293512,1,37,143.0,364.0
9334241,1,2,150.0,177.0
9332835,1,3,95.0,0.0
9329143,1,3,170.0,0.0
9327286,1,0,150.0,0.0
9320996,1,2,150.0,0.0
9320995,1,1,35.0,0.0
9319215,1,3,250.0,0.0
9318816,1,15,295.0,51.0
9317567,1,10,89.0,222.0
9316328,1,14,60.0,9.0
9314442,1,2,120.0,0.0
9314076,1,0,80.0,0.0
9311147,1,0,49.0,0.0
9306716,1,74,200.0,233.0
9306192,1,0,750.0,0.0
9299046,1,5,120.0,25.0
9371687,1,0,80.0,0.0
9371652,1,1,50.0,0.0
9371210,1,29,180.0,45.0
9370327,1,6,120.0,0.0
9369977,1,4,120.0,0.0
9368118,1,0,150.0,0.0
9367785,1,10,63.0,0.0
9367710,1,0,140.0,0.0
9358748,1,3,95.0,0.0
9358396,1,22,184.0,12.0
9358058,1,3,200.0,35.0
9356744,1,50,185.0,14.0
9352452,1,50,150.0,152.0
9350960,1,168,250.0,222.0
9348961,1,1,250.0,0.0
9340104,1,143,107.0,23.0
9405848,1,11,145.0,0.0
9405109,1,3,200.0,19.0
9403624,1,13,170.0,4.0
9399634,1,11,180.0,171.0
9399583,1,0,160.0,34.0
9398673,1,2,150.0,0.0
9392189,1,0,325.0,0.0
9389685,1,15,175.0,0.0
9388460,1,56,125.0,107.0
9383056,1,3,55.0,0.0
9381867,1,0,185.0,0.0
9380030,1,1,140.0,56.0
9376458,1,11,135.0,0.0
9375506,1,0,70.0,0.0
9374970,1,11,250.0,151.0
9374496,1,16,150.0,0.0
9430316,1,1,160.0,0.0
9430106,1,1,70.0,0.0
9427915,1,27,100.0,1.0
9427815,1,1,175.0,0.0
9427555,1,6,60.0,0.0
9426702,1,26,91.0,0.0
9424650,1,74,325.0,179.0
9423379,1,10,320.0,0.0
9421493,1,24,155.0,88.0
9420221,1,3,130.0,156.0
9416996,1,95,220.0,67.0
9414337,1,1,150.0,0.0
9412549,1,1,180.0,0.0
9408069,1,130,180.0,328.0
9407818,1,61,90.0,316.0
9407785,1,258,175.0,235.0
9452830,1,32,65.0,188.0
9451697,1,0,1500.0,0.0
9450412,1,8,128.0,0.0
9450360,1,7,278.0,328.0
9450203,1,2,150.0,177.0
9446761,1,0,45.0,0.0
9444795,1,2,200.0,0.0
9443343,1,109,122.0,271.0
9443112,1,15,179.0,0.0
9442323,1,64,250.0,72.0
9442045,1,166,650.0,215.0
9440328,1,9,270.0,0.0
9432174,1,87,90.0,10.0
9430973,1,0,700.0,0.0
9430658,1,26,150.0,0.0
9430366,1,159,185.0,348.0
9481957,1,0,210.0,0.0
9478555,1,2,35.0,0.0
9475918,1,1,39.0,0.0
9475138,1,0,340.0,0.0
9473928,1,4,199.0,3.0
9472822,1,0,59.0,0.0
9471525,1,9,200.0,291.0
9470468,1,20,120.0,55.0
9470293,1,3,70.0,188.0
9466826,1,3,117.0,1.0
9462127,1,0,475.0,0.0
9460317,1,2,100.0,0.0
9455699,1,9,195.0,0.0
9453989,1,12,90.0,74.0
9453700,1,15,99.0,149.0
9453400,1,40,799.0,365.0
9501536,1,2,60.0,0.0
9494593,1,4,75.0,0.0
9494211,1,0,350.0,61.0
9490594,1,83,90.0,282.0
9489975,1,0,57.0,0.0
9489892,1,15,99.0,0.0
9488965,1,0,125.0,15.0
9488731,1,5,150.0,0.0
9488139,1,0,200.0,250.0
9488131,1,12,300.0,313.0
9486614,1,0,799.0,51.0
9486005,1,2,115.0,0.0
9484439,1,4,200.0,0.0
9484127,1,0,300.0,364.0
9483525,1,1,300.0,28.0
9482259,1,12,290.0,359.0
2368634,1,2,220.0,0.0
2368446,1,0,60.0,0.0
2368191,1,46,71.0,69.0
2368133,1,134,135.0,236.0
2367604,1,0,50.0,67.0
2363997,1,17,155.0,0.0
2363988,1,2,100.0,0.0
2363889,1,7,140.0,27.0
2362991,1,6,139.0,0.0
2362862,1,23,125.0,77.0
2361715,1,117,99.0,0.0
2361627,1,2,66.0,0.0
2361525,1,2,75.0,318.0
2361069,1,74,90.0,79.0
2360794,1,11,75.0,318.0
2360150,1,0,190.0,0.0
9530419,1,3,55.0,0.0
9525999,1,1,255.0,233.0
9524788,1,1,125.0,1.0
9523962,1,10,125.0,0.0
9523245,1,8,195.0,0.0
9523229,1,33,68.0,0.0
9522664,1,19,149.0,274.0
9520651,1,0,200.0,365.0
9520082,1,10,300.0,214.0
9511935,1,1,45.0,0.0
9509125,1,0,250.0,365.0
9507017,1,0,58.0,0.0
9504403,1,2,235.0,0.0
9503874,1,65,185.0,254.0
9503725,1,0,80.0,0.0
9502879,1,10,80.0,0.0
9563216,1,40,400.0,190.0
9558820,1,7,289.0,0.0
9558116,1,49,144.0,69.0
9554965,1,36,81.0,0.0
9554878,1,9,589.0,4.0
9553177,1,13,350.0,0.0
9549442,1,6,62.0,0.0
9545279,1,58,210.0,2.0
9543143,1,21,90.0,0.0
9541963,1,51,90.0,2.0
9540269,1,1,90.0,0.0
9539641,1,143,53.0,263.0
9539044,1,3,66.0,0.0
9538322,1,136,110.0,63.0
9535767,1,3,50.0,0.0
9535237,1,13,399.0,363.0
9589826,1,0,350.0,0.0
9586465,1,208,109.0,261.0
9585945,1,7,140.0,128.0
9584918,1,4,156.0,0.0
9584747,1,11,250.0,0.0
9583320,1,1,150.0,0.0
9582999,1,0,150.0,0.0
9582456,1,14,150.0,0.0
9582338,1,9,250.0,112.0
9581668,1,18,219.0,292.0
9576121,1,71,80.0,0.0
9574706,1,2,45.0,0.0
9564410,1,61,170.0,190.0
9563971,1,5,250.0,0.0
9563496,1,0,69.0,0.0
9563358,1,3,106.0,4.0
9605945,1,28,175.0,36.0
9605757,1,14,150.0,84.0
9604972,1,1,110.0,0.0
9603086,1,0,300.0,311.0
9601972,1,1,189.0,0.0
9601006,1,23,60.0,0.0
9600781,1,0,85.0,0.0
9599840,1,123,235.0,235.0
9599815,1,11,80.0,24.0
9598256,1,6,160.0,28.0
9597454,1,3,175.0,0.0
9597266,1,1,190.0,0.0
9597041,1,32,65.0,16.0
9594567,1,1,50.0,0.0
9593224,1,0,300.0,0.0
9592775,1,93,196.0,154.0
9634183,1,21,280.0,98.0
9633085,1,7,132.0,0.0
9632197,1,23,45.0,50.0
9632055,1,0,55.0,0.0
9631746,1,21,177.0,10.0
9630921,1,0,85.0,0.0
9630447,1,0,295.0,0.0
9625116,1,0,160.0,140.0
9623313,1,0,195.0,13.0
9618786,1,0,350.0,9.0
9617573,1,0,107.0,0.0
9615574,1,27,139.0,0.0
9614283,1,7,35.0,0.0
9613050,1,0,150.0,0.0
9610339,1,14,300.0,188.0
9609022,1,1,98.0,0.0
2358032,1,8,70.0,0.0
2357221,1,1,150.0,0.0
2357027,1,0,200.0,345.0
2356449,1,57,104.0,6.0
2355439,1,17,100.0,0.0
2354167,1,13,195.0,0.0
2353777,1,3,195.0,0.0
2352388,1,22,80.0,0.0
2351947,1,0,280.0,17.0
2351055,1,3,50.0,0.0
2350144,1,1,80.0,0.0
2350080,1,0,120.0,0.0
2350014,1,0,55.0,0.0
9638130,1,0,100.0,89.0
9637768,1,47,89.0,365.0
9637585,1,0,80.0,36.0
9663349,1,1,40.0,305.0
9663247,1,20,160.0,136.0
9662924,1,1,85.0,0.0
9659956,1,2,120.0,0.0
9659504,1,10,165.0,0.0
9655028,1,1,175.0,0.0
9652075,1,65,124.0,165.0
9649691,1,29,118.0,0.0
9646158,1,166,72.0,78.0
9644289,1,23,119.0,311.0
9644281,1,2,300.0,0.0
9641129,1,2,70.0,18.0
9640114,1,2,120.0,0.0
9639040,1,18,100.0,58.0
9638257,1,14,85.0,33.0
2359328,1,1,90.0,1.0
9680175,1,57,160.0,129.0
9680171,1,1,350.0,0.0
9679974,1,55,140.0,0.0
9679850,1,39,230.0,0.0
9679291,1,1,60.0,0.0
9678658,1,7,160.0,0.0
9678132,1,2,80.0,0.0
9676462,1,0,200.0,62.0
9673465,1,48,300.0,3.0
9671392,1,134,95.0,281.0
9670774,1,0,110.0,0.0
9669516,1,3,152.0,0.0
9667737,1,1,80.0,0.0
9667684,1,93,77.0,198.0
9665594,1,4,120.0,0.0
9664155,1,1,52.0,0.0
9709235,1,322,140.0,258.0
9708374,1,1,119.0,0.0
9704072,1,0,90.0,0.0
9703540,1,1,160.0,0.0
9703336,1,2,325.0,0.0
9702964,1,43,150.0,188.0
9700935,1,0,69.0,2.0
9698896,1,6,108.0,0.0
9693094,1,5,71.0,182.0
9691202,1,10,250.0,5.0
9689041,1,0,175.0,359.0
9685977,1,29,150.0,260.0
9685952,1,3,180.0,0.0
9685363,1,9,200.0,0.0
9684993,1,3,139.0,0.0
9683962,1,9,55.0,0.0
9737872,1,7,352.0,0.0
9736997,1,20,113.0,96.0
9736367,1,5,46.0,0.0
9731301,1,2,70.0,365.0
9730304,1,1,205.0,1.0
9729421,1,2,200.0,0.0
9727058,1,17,199.0,280.0
9726872,1,7,70.0,66.0
9721574,1,0,250.0,0.0
9720494,1,42,525.0,80.0
9718720,1,15,450.0,60.0
9718310,1,3,65.0,0.0
9716281,1,91,100.0,138.0
9711035,1,4,170.0,61.0
9710466,1,38,299.0,3.0
9709464,1,0,1700.0,0.0
9770967,1,2,250.0,233.0
9770822,1,13,55.0,36.0
9769764,1,0,70.0,0.0
9767363,1,151,59.0,308.0
9762099,1,0,145.0,0.0
9757249,1,0,50.0,0.0
9756051,1,6,100.0,8.0
9754272,1,5,130.0,0.0
9754117,1,0,400.0,0.0
9751988,1,4,90.0,0.0
9745447,1,11,60.0,0.0
9744172,1,7,209.0,265.0
9742010,1,0,175.0,0.0
9739435,1,0,1000.0,365.0
9738823,1,41,150.0,67.0
9737900,1,39,195.0,62.0
9790609,1,92,85.0,123.0
9787825,1,1,150.0,0.0
9787502,1,24,200.0,0.0
9787070,1,0,60.0,0.0
9786357,1,5,1750.0,358.0
9784802,1,70,325.0,71.0
9784206,1,204,72.0,219.0
9784153,1,0,99.0,0.0
9783911,1,0,200.0,0.0
9782866,1,31,195.0,78.0
9782676,1,143,173.0,144.0
9782292,1,3,250.0,0.0
9775058,1,7,70.0,37.0
9774018,1,240,199.0,152.0
9773128,1,0,345.0,156.0
9772108,1,28,215.0,0.0
9815198,1,0,120.0,365.0
9813962,1,2,100.0,26.0
9813350,1,0,150.0,0.0
9813233,1,0,245.0,0.0
9811865,1,1,200.0,0.0
9808087,1,13,95.0,0.0
9806886,1,1,200.0,0.0
9806708,1,0,60.0,0.0
9804005,1,1,95.0,8.0
9795610,1,1,225.0,0.0
9795483,1,207,120.0,237.0
9794342,1,35,200.0,0.0
9793190,1,4,80.0,0.0
9793059,1,16,200.0,56.0
9791461,1,45,100.0,190.0
9790846,1,0,185.0,310.0
9846230,1,0,145.0,0.0
9845403,1,0,70.0,0.0
9840901,1,16,40.0,221.0
9837019,1,45,120.0,19.0
9834068,1,19,50.0,5.0
9832158,1,6,50.0,0.0
9831905,1,0,230.0,0.0
9831730,1,0,112.0,0.0
9831559,1,10,100.0,0.0
9829662,1,10,150.0,42.0
9828418,1,3,45.0,0.0
9820312,1,0,40.0,331.0
9819284,1,44,270.0,335.0
9818634,1,0,175.0,0.0
9817733,1,158,160.0,188.0
9816503,1,9,75.0,67.0
9862957,1,21,69.0,360.0
9862206,1,19,70.0,0.0
9859391,1,10,390.0,9.0
9859148,1,1,200.0,0.0
9857739,1,59,70.0,13.0
9856784,1,266,145.0,224.0
9856492,1,9,115.0,14.0
9854533,1,33,399.0,36.0
9854463,1,41,140.0,0.0
9854191,1,38,1000.0,270.0
9852787,1,57,115.0,125.0
9851499,1,0,175.0,0.0
9850389,1,1,200.0,0.0
9849167,1,34,75.0,35.0
9848620,1,2,70.0,26.0
9847713,1,249,99.0,172.0
2350011,1,5,200.0,0.0
2349977,1,19,150.0,24.0
2349563,1,2,80.0,0.0
2348973,1,10,155.0,0.0
2348712,1,2,64.0,0.0
2347173,1,17,150.0,0.0
2346935,1,0,90.0,0.0
2346300,1,168,80.0,272.0
2344389,1,0,150.0,0.0
2344295,1,0,260.0,23.0
2343858,1,87,325.0,126.0
2343200,1,0,47.0,125.0
2343136,1,2,175.0,0.0
2341078,1,13,180.0,0.0
2340947,1,8,220.0,0.0
9870396,1,26,249.0,281.0
9893040,1,12,163.0,0.0
9892766,1,1,280.0,116.0
9891348,1,11,130.0,4.0
9890399,1,10,60.0,0.0
9888877,1,1,119.0,0.0
9883499,1,1,230.0,6.0
9881214,1,1,125.0,0.0
9880282,1,3,175.0,0.0
9878261,1,73,120.0,49.0
9872650,1,26,70.0,81.0
9872597,1,8,70.0,0.0
9872248,1,0,120.0,65.0
9871522,1,2,140.0,0.0
9870919,1,2,75.0,0.0
9870528,1,0,120.0,0.0
9870527,1,17,220.0,167.0
9915185,1,2,65.0,0.0
9914596,1,0,130.0,280.0
9912620,1,14,450.0,1.0
9912305,1,4,300.0,185.0
9911159,1,24,175.0,0.0
9910595,1,0,155.0,113.0
9910378,1,0,65.0,0.0
9909455,1,7,45.0,32.0
9906590,1,0,350.0,0.0
9904977,1,95,200.0,358.0
9904775,1,27,200.0,0.0
9903826,1,0,99.0,0.0
9897580,1,51,55.0,340.0
9896078,1,1,60.0,0.0
9895399,1,1,100.0,0.0
9893943,1,12,220.0,0.0
9946550,1,1,100.0,0.0
9946315,1,79,250.0,78.0
9945748,1,13,130.0,0.0
9944244,1,11,57.0,0.0
9943690,1,0,55.0,136.0
9942424,1,0,50.0,0.0
9937471,1,11,55.0,0.0
9933134,1,28,170.0,364.0
9932811,1,2,100.0,0.0
9931428,1,0,225.0,17.0
9930986,1,0,110.0,0.0
9930219,1,7,90.0,310.0
9928037,1,8,149.0,0.0
9922513,1,1,200.0,21.0
9921108,1,2,83.0,0.0
9919024,1,7,130.0,28.0
9965028,1,18,450.0,363.0
9963151,1,16,122.0,5.0
9962746,1,2,80.0,107.0
9962257,1,19,171.0,81.0
9959323,1,17,130.0,347.0
9956828,1,2,55.0,0.0
9953808,1,1,65.0,0.0
9953720,1,1,140.0,0.0
9952523,1,10,125.0,0.0
9951993,1,1,159.0,0.0
9951559,1,71,195.0,222.0
9950152,1,177,97.0,272.0
9949656,1,6,250.0,114.0
9949215,1,39,175.0,90.0
9949214,1,13,60.0,33.0
9947332,1,245,98.0,247.0
9995094,1,93,200.0,86.0
9994745,1,2,175.0,2.0
9991763,1,6,130.0,262.0
9991314,1,0,125.0,0.0
9990930,1,0,95.0,0.0
9990552,1,52,175.0,264.0
9979861,1,0,66.0,0.0
9977688,1,6,575.0,179.0
9976776,1,1,199.0,0.0
9975193,1,6,180.0,0.0
9975046,1,0,65.0,0.0
9974520,1,1,45.0,0.0
9973967,1,78,310.0,169.0
9970061,1,6,139.0,0.0
9968385,1,0,250.0,0.0
9966670,1,42,125.0,226.0
10012271,1,1,195.0,0.0
10010083,1,26,60.0,47.0
10009047,1,15,65.0,0.0
10008086,1,72,180.0,290.0
10004428,1,0,75.0,6.0
10004299,1,0,80.0,0.0
10003254,1,10,105.0,0.0
10003145,1,85,150.0,194.0
10002937,1,0,85.0,1.0
10002513,1,3,159.0,0.0
10001551,1,20,175.0,83.0
10001478,1,29,85.0,13.0
9997988,1,0,40.0,0.0
9997747,1,7,200.0,0.0
9997184,1,10,185.0,0.0
9996343,1,18,55.0,0.0
10024006,1,202,65.0,0.0
10023559,1,2,150.0,203.0
10023505,1,1,185.0,0.0
10022878,1,15,65.0,31.0
10022166,1,9,95.0,0.0
10020112,1,2,250.0,0.0
10018530,1,2,50.0,0.0
10018391,1,84,120.0,16.0
10017420,1,31,250.0,101.0
10016960,1,18,55.0,310.0
10015933,1,48,55.0,365.0
10015055,1,94,119.0,279.0
10015020,1,66,88.0,0.0
10014288,1,0,100.0,0.0
10013093,1,1,84.0,0.0
10012421,1,32,750.0,141.0
10061009,1,57,90.0,74.0
10057035,1,6,120.0,0.0
10054959,1,33,149.0,53.0
10054163,1,1,149.0,0.0
10045509,1,2,150.0,0.0
10043726,1,20,150.0,26.0
10041857,1,36,85.0,288.0
10039614,1,0,249.0,0.0
10039346,1,0,83.0,0.0
10036249,1,2,250.0,0.0
10035055,1,0,2500.0,89.0
10034987,1,25,199.0,0.0
10032762,1,2,85.0,6.0
10032016,1,1,250.0,34.0
10032007,1,2,250.0,0.0
10028635,1,13,55.0,36.0
10096792,1,1,340.0,365.0
10095503,1,7,150.0,10.0
10094431,1,78,115.0,8.0
10089405,1,1,120.0,1.0
10087095,1,41,200.0,0.0
10086230,1,0,200.0,27.0
10078038,1,46,300.0,29.0
10077970,1,3,57.0,0.0
10077626,1,0,50.0,0.0
10075380,1,5,232.0,13.0
10074602,1,0,200.0,0.0
10074473,1,22,60.0,0.0
10071397,1,4,200.0,0.0
10071119,1,1,100.0,0.0
10061428,1,6,55.0,0.0
10061222,1,0,95.0,355.0
10113673,1,2,155.0,0.0
10113653,1,5,45.0,9.0
10113487,1,13,185.0,292.0
10112706,1,59,49.0,24.0
10111580,1,2,299.0,0.0
10110888,1,34,170.0,198.0
10109204,1,3,65.0,0.0
10106740,1,6,269.0,277.0
10103520,1,30,195.0,4.0
10102809,1,2,100.0,0.0
10102581,1,0,150.0,0.0
10100413,1,89,150.0,148.0
10099888,1,9,91.0,0.0
10099608,1,2,149.0,6.0
10099253,1,1,144.0,0.0
10098825,1,25,65.0,0.0
2340370,1,1,37.0,0.0
2339722,1,3,500.0,0.0
2338762,1,12,150.0,0.0
2335804,1,70,160.0,0.0
2335786,1,10,199.0,0.0
2335775,1,154,165.0,157.0
2335233,1,0,220.0,0.0
2334794,1,4,160.0,41.0
2334269,1,8,65.0,0.0
2333304,1,1,200.0,0.0
2333018,1,8,142.0,157.0
2332430,1,230,210.0,319.0
2332386,1,2,86.0,0.0
10123248,1,88,250.0,223.0
10121204,1,0,50.0,0.0
10117927,1,0,180.0,4.0
10153235,1,0,235.0,0.0
10150931,1,7,170.0,312.0
10149880,1,0,106.0,0.0
10149453,1,0,110.0,0.0
10148113,1,3,70.0,0.0
10146370,1,39,159.0,351.0
10136764,1,91,119.0,316.0
10135994,1,0,60.0,0.0
10132406,1,2,150.0,0.0
10132166,1,3,0.0,73.0
10131727,1,1,109.0,0.0
10128779,1,8,150.0,0.0
10127519,1,6,35.0,0.0
10125456,1,51,115.0,8.0
10124757,1,3,185.0,0.0
10124193,1,6,499.0,0.0
10178252,1,160,99.0,133.0
10176907,1,6,80.0,3.0
10174929,1,0,199.0,0.0
10174909,1,0,50.0,0.0
10174622,1,44,140.0,110.0
10174191,1,58,275.0,59.0
10172703,1,109,51.0,212.0
10170046,1,2,250.0,171.0
10167933,1,1,150.0,0.0
10166570,1,1,230.0,0.0
10162189,1,45,180.0,351.0
10160373,1,0,200.0,4.0
10160214,1,5,190.0,32.0
10158478,1,0,350.0,0.0
10154856,1,0,200.0,0.0
10153970,1,1,149.0,0.0
10198498,1,2,99.0,4.0
10197436,1,71,99.0,140.0
10197359,1,13,100.0,7.0
10197136,1,0,45.0,0.0
10196765,1,9,90.0,0.0
10196579,1,4,2000.0,362.0
10196479,1,1,45.0,0.0
10194688,1,172,100.0,214.0
10191047,1,4,195.0,0.0
10188543,1,17,60.0,1.0
10184093,1,3,119.0,0.0
10184022,1,0,115.0,54.0
10183117,1,7,68.0,0.0
10181589,1,0,95.0,0.0
10180449,1,0,100.0,0.0
10179999,1,157,150.0,365.0
10222758,1,54,90.0,69.0
10221694,1,2,80.0,0.0
10219283,1,4,170.0,3.0
10218953,1,12,39.0,4.0
10218689,1,26,90.0,0.0
10217559,1,0,175.0,0.0
10217532,1,4,115.0,3.0
10214546,1,0,250.0,179.0
10211848,1,1,75.0,0.0
10210950,1,13,60.0,0.0
10209118,1,0,105.0,0.0
10208450,1,1,100.0,0.0
10207681,1,13,350.0,69.0
10200352,1,9,189.0,0.0
10199873,1,0,42.0,0.0
10199059,1,0,70.0,0.0
10256614,1,52,99.0,42.0
10254539,1,9,60.0,0.0
10252755,1,1,145.0,0.0
10251511,1,5,120.0,0.0
10241822,1,3,50.0,0.0
10240786,1,1,150.0,0.0
10240682,1,6,197.0,0.0
10239152,1,43,150.0,285.0
10238963,1,7,95.0,0.0
10238618,1,2,275.0,0.0
10237786,1,117,88.0,192.0
10234636,1,19,99.0,2.0
10232293,1,1,180.0,26.0
10226006,1,19,80.0,0.0
10225905,1,0,250.0,0.0
10225447,1,164,135.0,325.0
10264377,1,3,245.0,0.0
10264372,1,6,70.0,0.0
10263977,1,0,750.0,0.0
10263854,1,29,250.0,358.0
10263619,1,135,120.0,66.0
10263308,1,36,100.0,89.0
10263251,1,154,150.0,218.0
10262436,1,0,90.0,0.0
10262420,1,37,86.0,22.0
10262386,1,12,225.0,47.0
10262363,1,1,100.0,0.0
10261855,1,0,120.0,0.0
10260340,1,4,70.0,0.0
10259868,1,0,85.0,0.0
10258336,1,0,90.0,0.0
10256663,1,136,175.0,171.0
2331719,1,78,200.0,336.0
2331158,1,3,30.0,0.0
2330750,1,4,60.0,0.0
2328540,1,15,200.0,129.0
2327518,1,7,75.0,0.0
2327346,1,0,70.0,0.0
2327106,1,6,275.0,252.0
2326517,1,0,695.0,1.0
2325861,1,0,1300.0,0.0
2324779,1,1,250.0,0.0
2323652,1,6,270.0,12.0
2323561,1,8,90.0,0.0
2321870,1,199,100.0,19.0
2321783,1,2,250.0,338.0
10273046,1,0,120.0,53.0
10268766,1,19,140.0,76.0
10302140,1,40,85.0,324.0
10301127,1,0,140.0,0.0
10295496,1,1,33.0,0.0
10294707,1,15,130.0,0.0
10294443,1,2,105.0,0.0
10291534,1,63,200.0,270.0
10287553,1,1,147.0,27.0
10286572,1,13,239.0,3.0
10284594,1,0,38.0,1.0
10284187,1,2,175.0,0.0
10283936,1,1,300.0,4.0
10283677,1,8,55.0,0.0
10282255,1,7,110.0,42.0
10280728,1,0,150.0,0.0
10276104,1,71,85.0,151.0
10273945,1,1,150.0,0.0
10332773,1,137,110.0,102.0
10331953,1,8,145.0,0.0
10331194,1,0,49.0,0.0
10330612,1,0,97.0,120.0
10328631,1,11,150.0,0.0
10321540,1,9,60.0,84.0
10320429,1,37,72.0,18.0
10319096,1,0,215.0,0.0
10318796,1,0,160.0,0.0
10317649,1,4,190.0,17.0
10317189,1,0,1000.0,0.0
10316525,1,3,119.0,0.0
10312377,1,0,120.0,0.0
10306287,1,3,149.0,0.0
10304316,1,0,60.0,21.0
10303277,1,0,110.0,0.0
10355206,1,64,75.0,178.0
10355011,1,76,135.0,338.0
10353677,1,0,395.0,351.0
10350245,1,1,200.0,0.0
10348305,1,3,50.0,17.0
10348014,1,0,139.0,0.0
10347684,1,2,190.0,0.0
10346860,1,0,400.0,0.0
10346273,1,4,115.0,47.0
10346084,1,0,110.0,0.0
10338528,1,8,55.0,173.0
10338497,1,0,50.0,0.0
10337544,1,12,105.0,0.0
10335937,1,24,197.0,0.0
10335193,1,3,150.0,0.0
10335025,1,12,50.0,0.0
10384087,1,78,115.0,93.0
10383481,1,100,100.0,280.0
10380050,1,37,50.0,0.0
10374669,1,2,92.0,187.0
10373126,1,0,850.0,0.0
10371038,1,0,199.0,0.0
10369934,1,0,85.0,0.0
10369267,1,14,450.0,36.0
10367443,1,10,900.0,0.0
10366675,1,5,300.0,0.0
10366196,1,18,120.0,188.0
10365281,1,237,190.0,266.0
10364617,1,34,80.0,0.0
10363037,1,7,150.0,0.0
10362054,1,1,100.0,0.0
10358835,1,0,49.0,362.0
10398270,1,4,120.0,0.0
10396710,1,2,56.0,0.0
10396448,1,4,100.0,0.0
10396247,1,4,180.0,0.0
10396079,1,5,150.0,0.0
10395888,1,24,119.0,313.0
10395636,1,32,195.0,0.0
10392717,1,0,500.0,0.0
10391716,1,68,190.0,41.0
10391137,1,67,250.0,87.0
10390993,1,0,159.0,0.0
10388850,1,0,379.0,364.0
10388662,1,13,145.0,86.0
10385600,1,1,50.0,0.0
10385345,1,6,100.0,0.0
10384362,1,7,140.0,0.0
2321776,1,0,80.0,0.0
2321422,1,0,122.0,13.0
2321360,1,0,120.0,0.0
2321321,1,454,39.0,353.0
2319102,1,9,200.0,0.0
2317952,1,5,150.0,53.0
2317686,1,37,150.0,39.0
2316922,1,31,65.0,22.0
2316568,1,0,49.0,0.0
2316542,1,182,100.0,220.0
2316267,1,10,90.0,365.0
2316247,1,10,150.0,68.0
2316071,1,8,215.0,77.0
2315692,1,2,75.0,52.0
2311767,1,51,75.0,77.0
10398617,1,19,70.0,19.0
10421091,1,1,140.0,74.0
10419406,1,0,300.0,0.0
10418386,1,0,90.0,0.0
10417911,1,1,400.0,0.0
10417106,1,7,85.0,207.0
10416706,1,6,1485.0,260.0
10416602,1,6,130.0,292.0
10414780,1,4,139.0,58.0
10411521,1,0,120.0,0.0
10411359,1,33,120.0,0.0
10411030,1,7,155.0,0.0
10406845,1,28,125.0,22.0
10406601,1,0,250.0,0.0
10406276,1,0,42.0,0.0
10400953,1,0,100.0,12.0
10399992,1,1,39.0,0.0
10447370,1,2,210.0,0.0
10445838,1,2,150.0,34.0
10441070,1,4,250.0,0.0
10440985,1,1,50.0,0.0
10440694,1,88,150.0,3.0
10440010,1,7,210.0,50.0
10437461,1,12,150.0,0.0
10434821,1,9,85.0,12.0
10434360,1,12,92.0,0.0
10434070,1,4,180.0,4.0
10433019,1,3,135.0,231.0
10432817,1,16,70.0,67.0
10431172,1,66,110.0,323.0
10430261,1,0,52.0,31.0
10428997,1,72,165.0,0.0
10428298,1,0,220.0,0.0
10466854,1,16,60.0,363.0
10461612,1,20,160.0,0.0
10461088,1,0,180.0,0.0
10460189,1,23,55.0,0.0
10459594,1,2,165.0,0.0
10458297,1,0,230.0,35.0
10458139,1,81,199.0,85.0
10457486,1,17,47.0,106.0
10457300,1,36,140.0,70.0
10456843,1,22,109.0,1.0
10454853,1,2,215.0,0.0
10450922,1,0,80.0,0.0
10448798,1,6,75.0,0.0
10448572,1,12,115.0,7.0
10448306,1,4,180.0,0.0
10447807,1,0,250.0,0.0
10478551,1,0,50.0,0.0
10478532,1,11,100.0,0.0
10477693,1,0,160.0,0.0
10477204,1,0,70.0,0.0
10476957,1,8,1000.0,273.0
10476487,1,1,385.0,365.0
10476100,1,1,85.0,16.0
10474877,1,11,71.0,98.0
10473601,1,11,150.0,0.0
10472095,1,0,60.0,16.0
10471651,1,12,350.0,301.0
10471351,1,11,85.0,305.0
10471097,1,0,350.0,0.0
10469805,1,1,150.0,0.0
10469103,1,3,220.0,45.0
10468616,1,1,125.0,0.0
10525934,1,13,125.0,0.0
10520210,1,19,110.0,0.0
10513282,1,1,93.0,361.0
10512556,1,0,55.0,0.0
10511660,1,12,290.0,117.0
10510181,1,6,32.0,83.0
10506005,1,2,110.0,108.0
10503555,1,0,55.0,0.0
10503302,1,0,117.0,15.0
10500831,1,42,130.0,91.0
10491406,1,39,320.0,242.0
10490291,1,3,120.0,0.0
10489933,1,0,180.0,177.0
10489069,1,0,132.0,0.0
10487850,1,0,230.0,0.0
10485182,1,0,60.0,0.0
10538579,1,10,269.0,10.0
10535464,1,42,69.0,84.0
10535116,1,8,199.0,9.0
10534760,1,18,23.0,36.0
10534508,1,21,110.0,0.0
10533936,1,2,300.0,363.0
10533750,1,1,75.0,0.0
10533538,1,29,100.0,128.0
10532769,1,97,180.0,24.0
10532169,1,0,100.0,0.0
10530947,1,1,120.0,0.0
10529692,1,276,225.0,338.0
10528897,1,16,65.0,302.0
10527465,1,13,89.0,101.0
10526877,1,0,150.0,0.0
10526058,1,58,145.0,0.0
2308616,1,1,100.0,0.0
2308459,1,5,85.0,9.0
2308139,1,45,189.0,180.0
2306962,1,24,300.0,23.0
2306485,1,118,220.0,180.0
2306320,1,7,125.0,0.0
2305944,1,48,79.0,0.0
2305477,1,6,142.0,188.0
2304932,1,10,300.0,4.0
2303270,1,21,120.0,9.0
2301624,1,19,250.0,311.0
2301618,1,34,146.0,0.0
2301120,1,8,300.0,0.0
2300590,1,2,95.0,0.0
10545845,1,1,179.0,0.0
10545523,1,6,375.0,0.0
10558287,1,0,199.0,0.0
10558084,1,1,85.0,0.0
10557160,1,10,50.0,0.0
10556923,1,15,110.0,13.0
10556597,1,12,230.0,4.0
10555698,1,9,200.0,23.0
10553573,1,3,210.0,0.0
10552208,1,3,120.0,0.0
10552196,1,2,100.0,363.0
10550207,1,0,100.0,0.0
10549906,1,54,105.0,365.0
10549792,1,2,200.0,0.0
10549294,1,14,55.0,8.0
10547661,1,97,200.0,60.0
10547610,1,0,800.0,0.0
10546345,1,31,180.0,339.0
10577253,1,3,150.0,0.0
10576896,1,0,85.0,6.0
10576263,1,1,58.0,332.0
10576227,1,1,200.0,0.0
10575779,1,1,190.0,0.0
10574166,1,17,150.0,0.0
10573806,1,5,140.0,0.0
10573163,1,2,75.0,0.0
10573152,1,119,219.0,275.0
10571574,1,74,77.0,343.0
10568305,1,2,49.0,325.0
10568263,1,8,190.0,0.0
10566585,1,0,200.0,0.0
10563705,1,0,110.0,0.0
10563051,1,26,110.0,0.0
10562062,1,1,190.0,0.0
10595200,1,31,165.0,55.0
10593759,1,5,450.0,179.0
10593364,1,6,42.0,0.0
10593026,1,1,170.0,88.0
10590489,1,7,60.0,0.0
10590166,1,3,90.0,87.0
10590038,1,3,110.0,0.0
10585956,1,0,599.0,0.0
10585694,1,21,99.0,3.0
10584659,1,12,177.0,0.0
10583598,1,9,40.0,0.0
10581580,1,0,85.0,0.0
10581418,1,17,45.0,354.0
10578546,1,6,325.0,333.0
10577999,1,3,200.0,0.0
10577541,1,6,55.0,255.0
10618178,1,4,119.0,0.0
10611392,1,13,250.0,35.0
10610482,1,1,80.0,0.0
10609847,1,0,93.0,0.0
10609846,1,56,89.0,365.0
10608644,1,10,130.0,89.0
10607636,1,4,54.0,0.0
10607256,1,0,175.0,0.0
10606799,1,0,299.0,0.0
10606171,1,12,90.0,104.0
10605984,1,46,615.0,282.0
10603974,1,4,56.0,0.0
10603767,1,203,150.0,308.0
10600973,1,7,65.0,80.0
10595966,1,13,119.0,0.0
10595388,1,25,200.0,2.0
10638711,1,1,700.0,0.0
10638597,1,2,35.0,0.0
10636508,1,0,1500.0,0.0
10635169,1,49,70.0,47.0
10628463,1,0,125.0,365.0
10622869,1,19,499.0,296.0
10622338,1,26,160.0,0.0
10621862,1,13,180.0,4.0
10621509,1,12,80.0,0.0
10621468,1,0,50.0,281.0
10621196,1,5,110.0,333.0
10621137,1,1,134.0,0.0
10620222,1,1,95.0,0.0
10619345,1,1,49.0,0.0
10618980,1,157,98.0,15.0
10618197,1,1,150.0,0.0
10657268,1,0,130.0,0.0
10656683,1,74,99.0,261.0
10655479,1,85,70.0,16.0
10653693,1,2,169.0,0.0
10651357,1,2,450.0,0.0
10650502,1,92,299.0,14.0
10646374,1,0,82.0,0.0
10645724,1,0,55.0,0.0
10643810,1,57,99.0,42.0
10643695,1,0,575.0,0.0
10643341,1,54,150.0,153.0
10643230,1,3,120.0,0.0
10642957,1,2,130.0,0.0
10642725,1,1,35.0,0.0
10642609,1,8,255.0,0.0
10641733,1,61,145.0,11.0
2298141,1,45,100.0,76.0
2297544,1,22,179.0,336.0
2295610,1,21,170.0,0.0
2294171,1,1,120.0,0.0
2294061,1,2,140.0,0.0
2293050,1,167,61.0,320.0
2292332,1,5,350.0,54.0
2291000,1,3,163.0,0.0
2290932,1,4,80.0,0.0
2287727,1,47,129.0,177.0
2286764,1,14,125.0,42.0
2286611,1,6,195.0,0.0
10659899,1,2,60.0,0.0
10659447,1,106,135.0,282.0
10659007,1,0,110.0,0.0
10658486,1,52,239.0,84.0
10677483,1,0,70.0,0.0
10675384,1,21,140.0,252.0
10674184,1,8,185.0,0.0
10674042,1,1,89.0,0.0
10672594,1,1,210.0,0.0
10671580,1,4,200.0,101.0
10666587,1,3,119.0,0.0
10665748,1,7,122.0,339.0
10665495,1,3,199.0,0.0
10663089,1,5,70.0,0.0
10662294,1,9,150.0,0.0
10661984,1,55,220.0,13.0
10661536,1,52,124.0,147.0
2300343,1,8,80.0,0.0
2299134,1,2,100.0,2.0
2298239,1,4,89.0,0.0
10702860,1,0,55.0,0.0
10701169,1,1,50.0,0.0
10700780,1,11,90.0,3.0
10697117,1,2,45.0,0.0
10696263,1,0,60.0,0.0
10695335,1,18,160.0,358.0
10694601,1,21,179.0,0.0
10692401,1,27,94.0,0.0
10690947,1,0,60.0,20.0
10689761,1,0,600.0,319.0
10685968,1,9,89.0,0.0
10685109,1,1,200.0,0.0
10683360,1,15,240.0,45.0
10683147,1,0,100.0,0.0
10681247,1,31,83.0,0.0
10677720,1,20,77.0,0.0
10721506,1,106,85.0,238.0
10721093,1,49,299.0,350.0
10720383,1,49,199.0,62.0
10720264,1,0,75.0,362.0
10720001,1,3,275.0,0.0
10718241,1,0,50.0,0.0
10717539,1,0,175.0,0.0
10717291,1,0,175.0,0.0
10716661,1,2,75.0,0.0
10714783,1,4,200.0,38.0
10713617,1,6,260.0,1.0
10711933,1,3,170.0,0.0
10711869,1,21,170.0,8.0
10711342,1,1,150.0,0.0
10710522,1,26,150.0,269.0
10703999,1,0,220.0,0.0
10750483,1,1,89.0,365.0
10748308,1,0,200.0,0.0
10747093,1,13,149.0,185.0
10746800,1,2,61.0,0.0
10746551,1,0,153.0,38.0
10745276,1,0,225.0,270.0
10744966,1,10,300.0,0.0
10743221,1,0,98.0,0.0
10743035,1,0,75.0,0.0
10736013,1,0,156.0,0.0
10733404,1,2,275.0,0.0
10732706,1,3,195.0,0.0
10732658,1,0,500.0,89.0
10730227,1,9,162.0,0.0
10725397,1,0,560.0,0.0
10721586,1,1,200.0,365.0
10777266,1,109,185.0,269.0
10774442,1,3,130.0,0.0
10773304,1,90,160.0,147.0
10770787,1,4,45.0,35.0
10770318,1,17,65.0,19.0
10770088,1,1,101.0,0.0
10768801,1,5,899.0,161.0
10768717,1,49,180.0,60.0
10768668,1,0,75.0,0.0
10767841,1,18,2000.0,365.0
10764579,1,66,55.0,17.0
10763733,1,16,84.0,0.0
10763283,1,15,110.0,3.0
10762834,1,32,165.0,55.0
10762635,1,0,93.0,0.0
10759819,1,1,300.0,364.0
10797290,1,32,225.0,0.0
10792303,1,19,73.0,13.0
10788865,1,205,100.0,1.0
10787323,1,3,80.0,0.0
10787148,1,4,50.0,0.0
10787061,1,5,95.0,0.0
10787007,1,54,125.0,0.0
10786794,1,1,70.0,0.0
10784618,1,8,55.0,270.0
10784441,1,15,111.0,0.0
10783378,1,0,108.0,0.0
10782927,1,45,250.0,96.0
10779300,1,0,150.0,0.0
10777921,1,8,129.0,0.0
10777637,1,9,160.0,0.0
10777592,1,16,85.0,0.0
10831168,1,15,70.0,22.0
10828833,1,191,180.0,161.0
10826173,1,3,120.0,0.0
10826049,1,0,75.0,0.0
10823443,1,0,45.0,0.0
10812370,1,28,69.0,36.0
10811427,1,1,189.0,69.0
10810969,1,9,95.0,0.0
10810355,1,9,66.0,11.0
10809204,1,0,46.0,0.0
10807892,1,85,175.0,0.0
10807649,1,20,61.0,0.0
10806025,1,353,80.0,258.0
10805053,1,4,300.0,311.0
10803693,1,3,90.0,88.0
10799035,1,0,55.0,0.0
2285974,1,11,200.0,259.0
2285348,1,7,196.0,0.0
2284111,1,0,152.0,0.0
2282687,1,1,120.0,0.0
2282355,1,23,150.0,0.0
2280048,1,15,79.0,174.0
2279677,1,17,99.0,43.0
2279300,1,17,400.0,334.0
2279174,1,6,220.0,135.0
2278050,1,3,80.0,188.0
2277487,1,15,399.0,0.0
2277452,1,30,58.0,0.0
2277244,1,2,180.0,0.0
10835806,1,60,185.0,0.0
10834322,1,0,40.0,54.0
10832128,1,2,47.0,0.0
10859834,1,179,150.0,300.0
10859032,1,4,60.0,0.0
10856865,1,23,250.0,237.0
10856201,1,0,190.0,0.0
10855721,1,1,38.0,0.0
10852093,1,0,150.0,0.0
10851687,1,185,95.0,140.0
10849252,1,24,130.0,2.0
10842596,1,24,100.0,1.0
10842335,1,0,135.0,0.0
10838658,1,7,110.0,7.0
10838291,1,1,250.0,0.0
10838145,1,8,74.0,0.0
10836962,1,69,69.0,21.0
10836122,1,1,50.0,0.0
2286224,1,17,200.0,67.0
10903067,1,17,179.0,5.0
10901705,1,20,120.0,0.0
10899109,1,1,100.0,0.0
10896884,1,0,99.0,0.0
10896859,1,70,150.0,89.0
10896584,1,6,120.0,0.0
10894722,1,0,90.0,0.0
10888067,1,13,150.0,9.0
10887881,1,28,85.0,0.0
10875931,1,70,65.0,90.0
10875083,1,2,32.0,1.0
10872717,1,1,75.0,0.0
10870477,1,1,100.0,365.0
10870019,1,0,125.0,0.0
10864311,1,7,75.0,0.0
10860081,1,9,130.0,0.0
10932521,1,12,224.0,0.0
10931680,1,125,30.0,304.0
10930874,1,1,100.0,0.0
10929872,1,138,93.0,7.0
10929586,1,1,106.0,0.0
10929225,1,2,60.0,0.0
10928857,1,8,125.0,0.0
10928484,1,0,299.0,35.0
10920759,1,0,90.0,12.0
10920393,1,5,275.0,0.0
10918472,1,6,75.0,0.0
10915812,1,20,158.0,2.0
10914834,1,108,220.0,225.0
10914119,1,4,190.0,187.0
10910216,1,5,450.0,207.0
10906528,1,14,225.0,0.0
10973455,1,49,150.0,0.0
10972769,1,5,250.0,0.0
10972311,1,13,180.0,11.0
10970798,1,0,55.0,0.0
10966450,1,42,250.0,126.0
10964365,1,13,55.0,83.0
10963050,1,48,250.0,211.0
10962595,1,0,60.0,263.0
10954437,1,24,105.0,0.0
10953390,1,1,300.0,0.0
10952317,1,7,125.0,0.0
10949644,1,177,97.0,58.0
10945786,1,1,30.0,0.0
10945216,1,1,40.0,0.0
10934627,1,3,105.0,16.0
10933267,1,38,175.0,244.0
10994728,1,2,150.0,159.0
10994250,1,0,50.0,0.0
10990986,1,3,175.0,0.0
10989161,1,20,135.0,1.0
10987233,1,175,160.0,269.0
10981052,1,5,45.0,0.0
10981050,1,104,111.0,261.0
10980826,1,41,110.0,3.0
10980633,1,0,70.0,0.0
10979123,1,26,170.0,1.0
10975987,1,119,150.0,273.0
10975951,1,2,60.0,1.0
10974696,1,16,199.0,3.0
10974421,1,8,200.0,0.0
10974237,1,0,850.0,0.0
10973901,1,23,76.0,178.0
11017415,1,0,75.0,0.0
11013791,1,4,100.0,0.0
11013095,1,0,150.0,0.0
11012889,1,0,575.0,0.0
11012377,1,2,125.0,196.0
11010011,1,9,130.0,0.0
11005274,1,48,125.0,2.0
11004198,1,2,125.0,204.0
11003269,1,32,150.0,358.0
11002711,1,6,79.0,180.0
10999333,1,0,180.0,0.0
10998158,1,37,100.0,305.0
10995969,1,3,62.0,0.0
10995888,1,5,208.0,9.0
10995590,1,1,150.0,0.0
10994839,1,32,150.0,76.0
2276763,1,3,40.0,0.0
2275829,1,178,210.0,0.0
2275401,1,23,220.0,0.0
2274845,1,21,120.0,13.0
2274545,1,97,85.0,230.0
2273886,1,4,199.0,0.0
2271676,1,0,292.0,0.0
2270183,1,36,75.0,47.0
2269517,1,234,95.0,264.0
2269285,1,6,100.0,0.0
2269233,1,1,120.0,47.0
2267508,1,23,139.0,0.0
11022916,1,14,45.0,0.0
11021180,1,216,190.0,55.0
11018124,1,0,175.0,66.0
11017633,1,0,225.0,0.0
11056171,1,6,48.0,6.0
11054692,1,0,110.0,0.0
11052217,1,94,180.0,326.0
11051885,1,2,200.0,339.0
11050811,1,0,200.0,45.0
11050667,1,7,154.0,0.0
11048791,1,2,40.0,0.0
11045893,1,10,63.0,290.0
11040921,1,3,70.0,0.0
11039369,1,1,55.0,0.0
11035230,1,13,100.0,0.0
11028650,1,0,69.0,0.0
11028022,1,0,100.0,0.0
11026665,1,12,175.0,54.0
11026504,1,30,144.0,0.0
11026055,1,2,80.0,0.0
11080981,1,0,200.0,0.0
11079245,1,14,100.0,365.0
11075539,1,96,69.0,36.0
11073179,1,3,75.0,0.0
11073109,1,3,61.0,0.0
11071244,1,49,80.0,0.0
11070320,1,82,90.0,0.0
11069084,1,0,30.0,0.0
11068351,1,0,249.0,0.0
11066377,1,13,100.0,365.0
11066012,1,1,417.0,219.0
11065010,1,0,300.0,16.0
11064999,1,0,275.0,0.0
11063639,1,0,99.0,0.0
11061595,1,2,250.0,10.0
11057719,1,0,73.0,0.0
11120994,1,0,150.0,0.0
11116177,1,2,80.0,0.0
11111521,1,20,220.0,31.0
11109705,1,10,180.0,0.0
11105949,1,13,139.0,0.0
11103721,1,6,130.0,39.0
11095383,1,1,150.0,20.0
11090576,1,8,25.0,0.0
11084524,1,0,50.0,0.0
11082833,1,1,80.0,0.0
11082255,1,1,200.0,0.0
11082069,1,1,52.0,0.0
11081810,1,3,350.0,0.0
11081628,1,6,80.0,0.0
11081130,1,0,37.0,0.0
11081099,1,1,50.0,0.0
11157871,1,94,150.0,144.0
11157618,1,93,85.0,0.0
11155956,1,0,300.0,0.0
11150363,1,2,90.0,0.0
11147328,1,0,950.0,0.0
11137400,1,193,249.0,344.0
11136995,1,2,22.0,0.0
11136429,1,259,79.0,2.0
11135666,1,0,70.0,0.0
11134859,1,0,179.0,311.0
11134688,1,1,60.0,0.0
11132113,1,1,45.0,0.0
11131161,1,0,60.0,0.0
11129295,1,1,98.0,0.0
11126880,1,8,160.0,0.0
11121151,1,0,69.0,0.0
11196496,1,127,75.0,134.0
11192207,1,2,300.0,0.0
11191325,1,35,99.0,1.0
11189139,1,145,90.0,250.0
11186022,1,2,400.0,2.0
11183488,1,0,300.0,0.0
11182145,1,0,50.0,347.0
11179499,1,2,180.0,0.0
11176329,1,3,675.0,0.0
11165856,1,0,100.0,0.0
11163915,1,1,150.0,0.0
11163727,1,0,250.0,0.0
11163128,1,28,350.0,76.0
11160056,1,4,135.0,0.0
11158576,1,2,175.0,0.0
11158514,1,1,42.0,0.0
11241615,1,33,250.0,28.0
11241369,1,151,130.0,36.0
11241345,1,0,275.0,0.0
11239404,1,2,140.0,0.0
11237515,1,4,100.0,358.0
11234583,1,0,100.0,0.0
11231506,1,9,85.0,1.0
11228023,1,2,50.0,0.0
11227830,1,43,249.0,38.0
11223389,1,14,44.0,47.0
11218119,1,1,117.0,0.0
11211827,1,2,250.0,98.0
11208418,1,271,90.0,281.0
11203708,1,20,64.0,0.0
11200970,1,31,80.0,13.0
11199830,1,1,45.0,0.0
2266961,1,3,120.0,0.0
2266717,1,43,140.0,0.0
2266437,1,10,200.0,0.0
2266169,1,221,150.0,215.0
2265800,1,0,116.0,0.0
2265389,1,123,50.0,21.0
2265022,1,16,150.0,299.0
2264481,1,15,110.0,97.0
2264413,1,9,150.0,6.0
2263722,1,12,56.0,0.0
2263462,1,1,100.0,0.0
2262706,1,2,95.0,0.0
2262180,1,33,145.0,267.0
11243357,1,3,299.0,0.0
11243113,1,11,200.0,365.0
11242618,1,0,1000.0,364.0
11275734,1,1,40.0,0.0
11274802,1,35,175.0,19.0
11273539,1,0,900.0,0.0
11270687,1,0,150.0,74.0
11268108,1,0,100.0,3.0
11265131,1,59,130.0,0.0
11263163,1,18,150.0,0.0
11262790,1,3,55.0,0.0
11262267,1,0,77.0,350.0
11259589,1,3,99.0,0.0
11257635,1,1,395.0,340.0
11256721,1,0,92.0,27.0
11254580,1,0,350.0,0.0
11249746,1,28,215.0,106.0
11246260,1,32,175.0,24.0
11243583,1,0,260.0,0.0
11305100,1,6,150.0,10.0
11304670,1,3,29.0,206.0
11303788,1,0,100.0,88.0
11302433,1,9,190.0,188.0
11300395,1,0,180.0,0.0
11300359,1,6,60.0,13.0
11296515,1,0,99.0,0.0
11293255,1,3,215.0,0.0
11292325,1,17,150.0,157.0
11286990,1,9,225.0,11.0
11280566,1,53,75.0,0.0
11280333,1,82,85.0,35.0
11279503,1,3,125.0,0.0
11279326,1,2,150.0,0.0
11279303,1,0,225.0,0.0
11276922,1,9,215.0,0.0
11334992,1,1,105.0,0.0
11333699,1,281,105.0,248.0
11332183,1,3,65.0,0.0
11330638,1,0,749.0,0.0
11330223,1,11,80.0,0.0
11322502,1,5,142.0,0.0
11320557,1,35,100.0,6.0
11315661,1,0,90.0,0.0
11313778,1,22,105.0,121.0
11312158,1,0,1500.0,0.0
11310249,1,98,120.0,193.0
11310081,1,1,650.0,0.0
11309938,1,0,135.0,263.0
11308483,1,2,80.0,0.0
11306420,1,0,145.0,0.0
11305249,1,41,650.0,126.0
11365202,1,38,160.0,2.0
11363708,1,165,81.0,15.0
11363395,1,0,125.0,0.0
11363157,1,30,65.0,198.0
11362470,1,2,99.0,0.0
11361046,1,18,80.0,312.0
11360525,1,4,130.0,0.0
11358093,1,0,330.0,0.0
11354707,1,6,130.0,0.0
11353904,1,0,4000.0,0.0
11353190,1,4,140.0,5.0
11345677,1,22,85.0,58.0
11342593,1,11,75.0,365.0
11340369,1,1,165.0,8.0
11339193,1,0,1000.0,0.0
11338827,1,5,60.0,0.0
11386608,1,0,35.0,179.0
11386273,1,4,95.0,270.0
11385753,1,0,1000.0,0.0
11381575,1,8,59.0,0.0
11380126,1,2,45.0,0.0
11379822,1,3,63.0,167.0
11378117,1,0,70.0,195.0
11377906,1,0,100.0,3.0
11376647,1,3,150.0,17.0
11375556,1,10,100.0,10.0
11375436,1,1,89.0,0.0
11371978,1,0,750.0,0.0
11371357,1,10,95.0,0.0
11369454,1,119,190.0,243.0
11369083,1,2,115.0,0.0
11366961,1,0,650.0,0.0
11414858,1,0,200.0,0.0
11409024,1,1,61.0,349.0
11406067,1,17,80.0,24.0
11403548,1,0,110.0,30.0
11402865,1,3,135.0,0.0
11402864,1,4,50.0,0.0
11397354,1,1,89.0,4.0
11395856,1,6,350.0,0.0
11395220,1,28,200.0,341.0
11392362,1,133,107.0,9.0
11392003,1,76,210.0,9.0
11391775,1,22,150.0,29.0
11389260,1,3,200.0,0.0
11389064,1,2,109.0,5.0
11387702,1,0,145.0,0.0
11386786,1,0,80.0,0.0
11449978,1,17,350.0,23.0
11443640,1,3,110.0,0.0
11440643,1,0,395.0,0.0
11437322,1,0,200.0,45.0
11433245,1,6,168.0,130.0
11430909,1,0,100.0,0.0
11430355,1,25,290.0,195.0
11430190,1,51,90.0,179.0
11429272,1,55,116.0,0.0
11428056,1,11,70.0,0.0
11427836,1,18,160.0,0.0
11427289,1,1,300.0,0.0
11418912,1,7,100.0,66.0
11418466,1,50,89.0,246.0
11418277,1,2,65.0,0.0
11414889,1,9,190.0,0.0
11462920,1,19,75.0,0.0
11462251,1,2,109.0,0.0
11461854,1,0,1500.0,0.0
11461795,1,0,125.0,0.0
11460768,1,0,1500.0,0.0
11460541,1,1,60.0,0.0
11460365,1,14,200.0,22.0
11459431,1,1,300.0,11.0
11458977,1,88,120.0,49.0
11457317,1,11,380.0,43.0
11457159,1,2,130.0,0.0
11454384,1,0,700.0,37.0
11453805,1,3,207.0,0.0
11453695,1,1,85.0,0.0
11452850,1,3,70.0,0.0
11452065,1,1,70.0,0.0
11494661,1,7,89.0,10.0
11494077,1,5,425.0,321.0
11492501,1,0,1500.0,0.0
11491789,1,64,190.0,159.0
11490872,1,0,1550.0,0.0
11490581,1,1,249.0,7.0
11486122,1,2,50.0,0.0
11483903,1,0,1000.0,0.0
11483208,1,4,55.0,0.0
11479819,1,0,90.0,0.0
11478902,1,1,110.0,0.0
11478291,1,90,69.0,111.0
11476179,1,29,155.0,8.0
11473727,1,4,250.0,310.0
11469296,1,7,170.0,0.0
11463877,1,0,75.0,0.0
11513446,1,2,150.0,0.0
11513145,1,2,65.0,0.0
11512908,1,0,400.0,0.0
11512676,1,10,40.0,0.0
11512483,1,5,175.0,0.0
11511386,1,1,100.0,0.0
11510329,1,2,180.0,4.0
11508018,1,0,500.0,0.0
11505536,1,0,500.0,0.0
11503864,1,0,65.0,0.0
11503187,1,1,1400.0,17.0
11501956,1,28,150.0,316.0
11497855,1,1,65.0,0.0
11495251,1,1,200.0,0.0
11495235,1,2,150.0,0.0
11495231,1,0,250.0,0.0
11539672,1,0,200.0,0.0
11538076,1,0,425.0,0.0
11530808,1,1,60.0,0.0
11528105,1,0,65.0,0.0
11526701,1,3,75.0,0.0
11526455,1,123,135.0,124.0
11526146,1,19,225.0,0.0
11525399,1,21,100.0,87.0
11524572,1,56,145.0,18.0
11523568,1,25,190.0,158.0
11523254,1,0,750.0,0.0
11522679,1,0,325.0,0.0
11522108,1,4,150.0,130.0
11521252,1,0,83.0,0.0
11520555,1,15,612.0,91.0
11519866,1,7,85.0,0.0
2261706,1,3,75.0,0.0
2261678,1,0,250.0,0.0
2261381,1,46,121.0,0.0
2260600,1,26,105.0,269.0
2260289,1,2,185.0,33.0
2260108,1,12,119.0,0.0
2259113,1,23,110.0,159.0
2259061,1,11,99.0,249.0
2258341,1,9,155.0,103.0
2257960,1,14,150.0,18.0
2257289,1,3,65.0,0.0
2257005,1,31,100.0,0.0
2256583,1,1,195.0,0.0
2252859,1,0,160.0,365.0
2252514,1,2,35.0,0.0
11540028,1,0,1000.0,0.0
11573876,1,3,59.0,0.0
11570627,1,152,89.0,147.0
11559667,1,3,150.0,0.0
11559235,1,3,125.0,87.0
11557572,1,1,369.0,0.0
11555845,1,148,58.0,280.0
11553221,1,15,225.0,87.0
11552512,1,5,120.0,81.0
11549078,1,148,160.0,149.0
11547083,1,2,135.0,1.0
11544181,1,199,89.0,114.0
11543355,1,0,250.0,0.0
11542546,1,2,275.0,0.0
11542120,1,0,1250.0,0.0
11541034,1,7,210.0,0.0
11540240,1,1,40.0,0.0
11601610,1,60,148.0,320.0
11600691,1,0,265.0,0.0
11599506,1,48,150.0,0.0
11598586,1,0,159.0,0.0
11598359,1,0,6500.0,0.0
11589542,1,2,135.0,0.0
11586393,1,1,80.0,66.0
11586111,1,6,159.0,0.0
11585415,1,0,100.0,0.0
11583998,1,0,128.0,152.0
11582560,1,22,54.0,5.0
11581619,1,45,100.0,269.0
11576606,1,1,199.0,0.0
11576459,1,211,45.0,270.0
11575335,1,9,95.0,342.0
11573901,1,1,185.0,0.0
11626567,1,2,60.0,0.0
11625123,1,20,95.0,0.0
11623750,1,0,2500.0,0.0
11623096,1,1,800.0,0.0
11620529,1,2,85.0,0.0
11615226,1,0,75.0,0.0
11612418,1,0,285.0,6.0
11611239,1,170,90.0,255.0
11611066,1,0,90.0,0.0
11610321,1,0,2750.0,0.0
11608565,1,0,200.0,270.0
11607949,1,28,130.0,297.0
11607339,1,4,130.0,0.0
11606007,1,0,450.0,0.0
11603608,1,8,199.0,0.0
11601961,1,24,90.0,29.0
11674823,1,0,750.0,0.0
11673798,1,227,110.0,239.0
11671329,1,2,49.0,0.0
11670365,1,2,250.0,8.0
11669123,1,0,85.0,0.0
11668649,1,0,1600.0,0.0
11661229,1,0,800.0,0.0
11661027,1,16,240.0,302.0
11659708,1,1,65.0,0.0
11658596,1,0,100.0,0.0
11654079,1,14,300.0,9.0
11650470,1,1,110.0,188.0
11636894,1,19,239.0,257.0
11631535,1,6,124.0,0.0
11630930,1,17,60.0,39.0
11630571,1,7,350.0,365.0
11706506,1,0,300.0,0.0
11704017,1,2,350.0,156.0
11702175,1,6,170.0,0.0
11699846,1,15,103.0,0.0
11699708,1,81,75.0,158.0
11696537,1,3,100.0,0.0
11691665,1,5,152.0,0.0
11688742,1,1,300.0,194.0
11687702,1,1,160.0,0.0
11686822,1,0,75.0,0.0
11686214,1,3,128.0,0.0
11685844,1,2,125.0,0.0
11684392,1,1,67.0,0.0
11680404,1,0,140.0,0.0
11675431,1,8,100.0,0.0
11675390,1,106,91.0,113.0
11728318,1,24,40.0,95.0
11727297,1,9,110.0,0.0
11727149,1,19,150.0,0.0
11725595,1,0,100.0,0.0
11724504,1,1,40.0,0.0
11723764,1,2,97.0,0.0
11722972,1,9,275.0,342.0
11722846,1,3,80.0,0.0
11721588,1,0,600.0,0.0
11718279,1,4,115.0,177.0
11710466,1,3,135.0,0.0
11710440,1,6,180.0,0.0
11708912,1,2,139.0,0.0
11708876,1,0,90.0,0.0
11708656,1,0,1000.0,0.0
11708118,1,2,86.0,0.0
11747009,1,1,975.0,0.0
11743513,1,87,90.0,108.0
11742895,1,1,180.0,0.0
11742777,1,1,550.0,43.0
11742138,1,3,250.0,35.0
11741773,1,0,425.0,0.0
11740479,1,6,249.0,0.0
11740339,1,0,120.0,0.0
11736641,1,0,199.0,0.0
11733037,1,0,900.0,365.0
11732822,1,33,160.0,1.0
11732741,1,0,1000.0,0.0
11732381,1,0,200.0,0.0
11731168,1,6,65.0,0.0
11730237,1,0,140.0,0.0
11729215,1,1,225.0,0.0
11774785,1,0,135.0,0.0
11774081,1,0,86.0,0.0
11774035,1,45,200.0,346.0
11773839,1,5,95.0,2.0
11773680,1,4,280.0,225.0
11768876,1,61,30.0,26.0
11767749,1,15,95.0,3.0
11764444,1,11,150.0,0.0
11764237,1,1,135.0,0.0
11763414,1,13,149.0,0.0
11762397,1,146,220.0,112.0
11761831,1,68,99.0,2.0
11760898,1,0,149.0,0.0
11760806,1,1,299.0,88.0
11758216,1,5,150.0,8.0
11753837,1,8,305.0,30.0
2252261,1,13,225.0,195.0
2251176,1,17,45.0,16.0
2250865,1,0,165.0,0.0
2248897,1,70,110.0,283.0
2248545,1,120,142.0,222.0
2247818,1,28,100.0,0.0
2247187,1,1,45.0,19.0
2246253,1,2,75.0,0.0
2246071,1,3,200.0,0.0
2245915,1,2,85.0,0.0
2245740,1,0,120.0,0.0
2244813,1,1,250.0,156.0
2244532,1,1,100.0,0.0
2243431,1,1,85.0,0.0
2242911,1,0,200.0,0.0
2240143,1,38,85.0,157.0
11811612,1,7,62.0,0.0
11797330,1,18,139.0,0.0
11796442,1,32,179.0,41.0
11796166,1,3,225.0,88.0
11796122,1,2,100.0,0.0
11793333,1,30,650.0,0.0
11791986,1,29,325.0,349.0
11791633,1,1,65.0,0.0
11790431,1,52,86.0,53.0
11789627,1,27,172.0,42.0
11787834,1,25,106.0,10.0
11787695,1,12,175.0,42.0
11785148,1,1,83.0,163.0
11778114,1,141,140.0,307.0
11776513,1,2,99.0,188.0
11775328,1,17,150.0,336.0
11854642,1,1,157.0,0.0
11847492,1,242,115.0,55.0
11845677,1,97,160.0,68.0
11845040,1,0,130.0,157.0
11841497,1,3,55.0,0.0
11830475,1,10,185.0,329.0
11830463,1,4,90.0,0.0
11827970,1,17,250.0,0.0
11827364,1,9,74.0,76.0
11825464,1,1,105.0,0.0
11823440,1,42,129.0,233.0
11821104,1,0,200.0,9.0
11818785,1,0,200.0,88.0
11816453,1,4,150.0,0.0
11815674,1,4,125.0,0.0
11814933,1,2,198.0,11.0
11904916,1,35,69.0,0.0
11904076,1,0,160.0,0.0
11902072,1,6,130.0,27.0
11898556,1,22,800.0,266.0
11894522,1,11,200.0,363.0
11885649,1,0,195.0,0.0
11884842,1,0,150.0,0.0
11884239,1,2,150.0,0.0
11881734,1,24,80.0,0.0
11878464,1,11,85.0,0.0
11876825,1,52,128.0,219.0
11870917,1,3,135.0,15.0
11869986,1,1,210.0,0.0
11866880,1,0,289.0,253.0
11861244,1,0,300.0,0.0
11855071,1,46,273.0,166.0
11935406,1,7,123.0,0.0
11935009,1,15,60.0,0.0
11923041,1,0,300.0,0.0
11921184,1,37,85.0,6.0
11918958,1,0,50.0,0.0
11917311,1,17,80.0,0.0
11917115,1,0,110.0,0.0
11915544,1,7,250.0,195.0
11914604,1,3,70.0,135.0
11914004,1,5,50.0,0.0
11911230,1,1,100.0,363.0
11911154,1,0,35.0,0.0
11910223,1,2,70.0,264.0
11908891,1,2,97.0,0.0
11908795,1,0,350.0,87.0
11907194,1,8,110.0,0.0
11971910,1,0,110.0,104.0
11968765,1,71,85.0,60.0
11968309,1,21,122.0,306.0
11967922,1,93,10.0,32.0
11967268,1,1,225.0,0.0
11966882,1,2,119.0,0.0
11962385,1,3,120.0,0.0
11951664,1,8,195.0,41.0
11951550,1,3,86.0,0.0
11951436,1,0,175.0,0.0
11951403,1,0,475.0,0.0
11950557,1,232,135.0,192.0
11950208,1,0,110.0,0.0
11949316,1,21,795.0,16.0
11947308,1,196,70.0,0.0
11940121,1,2,200.0,0.0
12018166,1,7,209.0,201.0
12012671,1,1,65.0,0.0
12010675,1,4,115.0,0.0
12009770,1,0,250.0,0.0
12008116,1,16,375.0,110.0
12002279,1,20,160.0,0.0
11995451,1,114,78.0,217.0
11989253,1,0,60.0,0.0
11984140,1,2,210.0,78.0
11983859,1,183,65.0,146.0
11982812,1,99,89.0,0.0
11982558,1,1,37.0,36.0
11981562,1,0,60.0,0.0
11976770,1,4,55.0,0.0
11976676,1,24,139.0,0.0
11975339,1,6,129.0,0.0
12080664,1,0,500.0,0.0
12076120,1,0,205.0,157.0
12072392,1,0,120.0,0.0
12063606,1,7,90.0,0.0
12062317,1,108,55.0,13.0
12061757,1,0,100.0,53.0
12061634,1,60,47.0,4.0
12060709,1,0,125.0,0.0
12059266,1,14,120.0,108.0
12058474,1,5,132.0,0.0
12058024,1,3,70.0,4.0
12057272,1,77,120.0,3.0
12038925,1,15,250.0,0.0
12033348,1,5,70.0,0.0
12028820,1,28,900.0,340.0
12020405,1,38,244.0,222.0
12126100,1,26,85.0,221.0
12122228,1,0,62.0,174.0
12120448,1,27,45.0,190.0
12117418,1,3,142.0,0.0
12114372,1,0,150.0,0.0
12112004,1,0,150.0,365.0
12101562,1,0,175.0,0.0
12099193,1,0,275.0,0.0
12096316,1,4,175.0,89.0
12092726,1,75,155.0,0.0
12091973,1,1,100.0,1.0
12090062,1,31,195.0,10.0
12089291,1,1,600.0,0.0
12087651,1,44,95.0,90.0
12086609,1,11,90.0,0.0
12082653,1,1,225.0,0.0
12154854,1,0,35.0,0.0
12154291,1,1,95.0,0.0
12151986,1,8,359.0,0.0
12150056,1,4,100.0,22.0
12149983,1,2,250.0,0.0
12149644,1,0,125.0,0.0
12147356,1,20,496.0,313.0
12144814,1,3,150.0,0.0
12140588,1,2,50.0,0.0
12140561,1,0,100.0,4.0
12133055,1,124,400.0,261.0
12132369,1,0,150.0,9.0
12131971,1,3,140.0,0.0
12128354,1,0,100.0,0.0
12127963,1,4,95.0,0.0
12126255,1,28,76.0,282.0
2239610,1,10,165.0,31.0
2239235,1,1,125.0,0.0
2239025,1,0,100.0,0.0
2238348,1,0,42.0,0.0
2238256,1,0,128.0,91.0
2238052,1,54,69.0,0.0
2237736,1,3,60.0,0.0
2237267,1,73,250.0,284.0
2236848,1,0,50.0,0.0
2235545,1,5,125.0,0.0
2235105,1,0,209.0,0.0
2234119,1,12,86.0,0.0
2233907,1,5,260.0,0.0
2233850,1,20,100.0,0.0
2233249,1,5,110.0,0.0
12155032,1,6,150.0,0.0
12201187,1,12,400.0,26.0
12198291,1,0,180.0,0.0
12194903,1,0,150.0,0.0
12190846,1,0,250.0,0.0
12188270,1,5,90.0,83.0
12186466,1,149,179.0,242.0
12176919,1,4,234.0,0.0
12166742,1,21,85.0,82.0
12166612,1,1,310.0,5.0
12166574,1,4,120.0,14.0
12162815,1,9,140.0,36.0
12162311,1,1,101.0,167.0
12161280,1,38,165.0,0.0
12160792,1,107,150.0,75.0
12160369,1,6,185.0,15.0
12157737,1,0,38.0,0.0
12241602,1,0,125.0,0.0
12236516,1,0,175.0,300.0
12235509,1,12,175.0,142.0
12233435,1,0,70.0,0.0
12227689,1,24,155.0,0.0
12226733,1,1,95.0,0.0
12223914,1,0,75.0,0.0
12223329,1,18,300.0,61.0
12222242,1,2,150.0,0.0
12220316,1,6,375.0,252.0
12219437,1,36,25.0,144.0
12216173,1,21,150.0,2.0
12215421,1,60,275.0,0.0
12214869,1,102,275.0,276.0
12211018,1,3,170.0,0.0
12210788,1,117,119.0,365.0
12302023,1,48,92.0,43.0
12300501,1,102,49.0,1.0
12298772,1,3,84.0,0.0
12294891,1,8,400.0,35.0
12292581,1,4,240.0,220.0
12291588,1,142,59.0,318.0
12290324,1,21,250.0,284.0
12275644,1,0,70.0,0.0
12268556,1,0,349.0,11.0
12267269,1,17,300.0,11.0
12261576,1,10,37.0,6.0
12260878,1,0,280.0,0.0
12259864,1,1,68.0,22.0
12249166,1,0,340.0,90.0
12247755,1,3,150.0,0.0
12244687,1,25,163.0,266.0
12335685,1,1,67.0,0.0
12334470,1,8,100.0,0.0
12334451,1,19,350.0,179.0
12330542,1,0,135.0,0.0
12327841,1,4,80.0,0.0
12326863,1,0,160.0,31.0
12326402,1,5,80.0,0.0
12321281,1,0,110.0,145.0
12320096,1,3,185.0,0.0
12317978,1,25,135.0,0.0
12317482,1,1,150.0,0.0
12313907,1,5,200.0,163.0
12307951,1,9,240.0,17.0
12306936,1,45,150.0,129.0
12303720,1,2,75.0,0.0
12302238,1,2,115.0,0.0
2233165,1,118,80.0,353.0
2232742,1,7,200.0,0.0
2232455,1,4,150.0,94.0
2231216,1,17,150.0,16.0
2230419,1,27,80.0,0.0
2230103,1,287,399.0,284.0
2229582,1,95,94.0,18.0
2228665,1,0,110.0,0.0
2228137,1,0,45.0,358.0
2227376,1,10,109.0,0.0
2225836,1,12,99.0,6.0
2224802,1,22,200.0,0.0
2224374,1,0,270.0,0.0
2223278,1,246,115.0,69.0
2220859,1,3,145.0,0.0
12337690,1,0,300.0,0.0
12384418,1,43,159.0,25.0
12378834,1,1,64.0,0.0
12377856,1,0,80.0,0.0
12368999,1,2,72.0,0.0
12368114,1,1,40.0,0.0
12360441,1,2,80.0,365.0
12360407,1,1,85.0,0.0
12353168,1,20,149.0,0.0
12352188,1,8,125.0,0.0
12351745,1,10,150.0,292.0
12351216,1,177,130.0,235.0
12349009,1,1,200.0,0.0
12346795,1,35,60.0,333.0
12345174,1,14,146.0,0.0
12341146,1,1,200.0,0.0
12337810,1,2,192.0,0.0
12422467,1,0,80.0,0.0
12420115,1,16,170.0,0.0
12419083,1,0,270.0,0.0
12419033,1,40,125.0,295.0
12417880,1,0,225.0,0.0
12417778,1,16,100.0,20.0
12411178,1,71,350.0,287.0
12404650,1,6,100.0,3.0
12399023,1,0,500.0,0.0
12394900,1,1,110.0,0.0
12394498,1,9,90.0,121.0
12390595,1,1,60.0,0.0
12388182,1,2,250.0,0.0
12387523,1,27,47.0,272.0
12386614,1,2,125.0,249.0
12385603,1,120,200.0,193.0
12461120,1,3,85.0,0.0
12460642,1,6,95.0,0.0
12460557,1,3,90.0,0.0
12458767,1,12,80.0,67.0
12455431,1,0,500.0,0.0
12454759,1,47,99.0,155.0
12447185,1,0,80.0,0.0
12446288,1,4,110.0,0.0
12446229,1,47,85.0,76.0
12442710,1,97,67.0,141.0
12440590,1,12,85.0,0.0
12435489,1,1,80.0,0.0
12432739,1,1,75.0,0.0
12432650,1,14,250.0,5.0
12431341,1,3,149.0,0.0
12424361,1,8,105.0,188.0
2216353,1,1,100.0,0.0
2214774,1,18,1899.0,0.0
2213846,1,29,70.0,16.0
2213809,1,225,149.0,254.0
2210374,1,2,43.0,0.0
2208401,1,11,125.0,0.0
2207585,1,0,139.0,0.0
2206966,1,6,170.0,3.0
2206491,1,0,110.0,303.0
2205455,1,3,90.0,128.0
12475280,1,0,44.0,0.0
12474780,1,6,30.0,0.0
12470243,1,0,50.0,0.0
12465884,1,64,100.0,219.0
12463953,1,0,107.0,81.0
12461367,1,104,100.0,334.0
12516367,1,157,134.0,264.0
12512629,1,1,125.0,0.0
12511213,1,1,90.0,0.0
12511067,1,0,95.0,0.0
12508991,1,30,45.0,287.0
12502512,1,1,44.0,0.0
12502207,1,3,130.0,339.0
12501133,1,35,131.0,0.0
12501130,1,106,100.0,28.0
12495861,1,0,60.0,0.0
12485696,1,3,60.0,0.0
12484957,1,122,280.0,113.0
12483260,1,1,118.0,0.0
12483101,1,1,70.0,342.0
12479495,1,0,75.0,0.0
2216673,1,22,90.0,239.0
12554853,1,32,75.0,0.0
12554468,1,116,259.0,1.0
12552750,1,71,195.0,12.0
12541753,1,1,39.0,0.0
12541502,1,0,85.0,0.0
12540615,1,13,128.0,0.0
12535775,1,0,200.0,0.0
12534916,1,0,125.0,0.0
12534414,1,198,96.0,169.0
12533228,1,78,279.0,363.0
12524253,1,0,51.0,0.0
12518898,1,3,69.0,0.0
12518470,1,6,125.0,365.0
12518089,1,3,195.0,0.0
12517694,1,8,67.0,3.0
12517331,1,4,75.0,0.0
12587147,1,186,75.0,193.0
12586279,1,5,110.0,0.0
12584768,1,0,75.0,0.0
12582591,1,83,130.0,0.0
12579916,1,1,100.0,0.0
12579773,1,1,220.0,15.0
12578148,1,42,545.0,322.0
12577986,1,113,124.0,63.0
12577771,1,0,18.0,0.0
12575621,1,0,180.0,0.0
12574877,1,65,150.0,186.0
12573771,1,0,75.0,0.0
12573650,1,11,38.0,0.0
12570239,1,2,85.0,0.0
12570191,1,38,199.0,94.0
12568104,1,1,60.0,0.0
12620454,1,27,220.0,0.0
12620213,1,0,200.0,0.0
12616662,1,3,199.0,0.0
12616627,1,2,250.0,0.0
12615927,1,15,135.0,10.0
12614433,1,1,85.0,0.0
12610226,1,8,150.0,0.0
12608878,1,0,49.0,0.0
12608261,1,27,72.0,183.0
12605496,1,0,205.0,0.0
12603183,1,0,150.0,0.0
12603113,1,39,50.0,245.0
12602098,1,2,55.0,0.0
12589844,1,42,71.0,0.0
12588825,1,3,175.0,0.0
12587611,1,0,200.0,0.0
12649246,1,173,92.0,276.0
12647740,1,11,200.0,32.0
12644018,1,0,150.0,0.0
12642973,1,2,120.0,67.0
12641005,1,171,95.0,137.0
12639098,1,0,60.0,0.0
12637520,1,7,160.0,0.0
12633660,1,5,50.0,0.0
12632660,1,60,125.0,0.0
12627412,1,1,88.0,0.0
12625398,1,4,43.0,0.0
12625165,1,0,42.0,0.0
12624093,1,3,86.0,0.0
12624062,1,8,210.0,54.0
12622830,1,0,600.0,0.0
12621774,1,69,36.0,354.0
12692690,1,7,198.0,4.0
12690012,1,17,65.0,280.0
12678346,1,0,45.0,0.0
12674973,1,22,143.0,81.0
12672916,1,2,275.0,0.0
12672756,1,42,90.0,99.0
12672672,1,0,75.0,0.0
12672143,1,4,195.0,0.0
12672019,1,23,65.0,255.0
12662045,1,2,50.0,0.0
12658747,1,0,90.0,0.0
12655794,1,2,150.0,90.0
12652679,1,13,80.0,0.0
12651062,1,2,50.0,5.0
12650039,1,0,150.0,0.0
12649916,1,2,115.0,0.0
12748942,1,1,220.0,189.0
12745771,1,1,28.0,0.0
12741400,1,9,99.0,19.0
12739246,1,11,95.0,0.0
12733096,1,0,275.0,0.0
12732806,1,19,60.0,356.0
12732385,1,55,180.0,97.0
12730517,1,1,50.0,0.0
12729740,1,0,75.0,0.0
12722812,1,6,60.0,0.0
12718658,1,0,75.0,0.0
12708335,1,0,125.0,0.0
12704088,1,7,88.0,0.0
12703148,1,8,110.0,0.0
12703112,1,2,65.0,281.0
12700569,1,2,135.0,195.0
12776493,1,4,92.0,0.0
12776165,1,7,120.0,0.0
12775618,1,4,185.0,0.0
12774739,1,12,40.0,0.0
12774721,1,4,250.0,0.0
12773532,1,3,199.0,0.0
12767750,1,2,65.0,0.0
12764940,1,0,95.0,0.0
12764250,1,0,125.0,0.0
12762559,1,0,150.0,0.0
12762193,1,10,150.0,0.0
12760201,1,20,141.0,0.0
12759735,1,1,100.0,0.0
12757332,1,0,350.0,0.0
12749467,1,5,198.0,301.0
12749383,1,0,60.0,0.0
2204078,1,39,395.0,50.0
2204011,1,11,100.0,15.0
2203885,1,182,420.0,301.0
2203817,1,10,150.0,0.0
2203563,1,0,150.0,0.0
2203467,1,10,300.0,22.0
2203415,1,6,85.0,0.0
2201963,1,0,64.0,5.0
2201403,1,0,50.0,340.0
2199778,1,6,150.0,4.0
2199502,1,126,499.0,256.0
2199280,1,15,150.0,0.0
2196083,1,6,214.0,32.0
12780119,1,2,175.0,67.0
12777561,1,2,125.0,0.0
12776694,1,0,250.0,39.0
12827163,1,0,200.0,0.0
12825778,1,23,46.0,12.0
12821514,1,4,34.0,0.0
12811150,1,83,128.0,52.0
12810744,1,8,235.0,12.0
12806055,1,3,45.0,151.0
12802075,1,4,300.0,0.0
12797993,1,6,45.0,0.0
12796091,1,14,90.0,0.0
12796040,1,3,150.0,0.0
12795683,1,1,110.0,0.0
12795393,1,18,100.0,0.0
12788163,1,2,95.0,23.0
12784820,1,3,400.0,3.0
12780893,1,0,150.0,0.0
2204797,1,0,30.0,0.0
12876904,1,1,125.0,0.0
12873109,1,0,160.0,0.0
12872812,1,22,145.0,282.0
12872707,1,0,40.0,0.0
12871485,1,9,120.0,0.0
12866178,1,9,55.0,342.0
12865261,1,5,170.0,304.0
12859795,1,150,99.0,320.0
12851900,1,50,395.0,319.0
12841127,1,8,128.0,0.0
12838954,1,0,375.0,0.0
12838732,1,76,190.0,12.0
12837247,1,0,220.0,0.0
12833650,1,0,150.0,46.0
12831071,1,69,90.0,137.0
12827876,1,1,33.0,0.0
12925391,1,0,55.0,0.0
12921356,1,7,165.0,0.0
12920745,1,2,120.0,0.0
12913455,1,16,300.0,52.0
12906455,1,29,61.0,5.0
12904034,1,1,80.0,0.0
12901128,1,0,240.0,0.0
12899510,1,1,150.0,0.0
12898987,1,49,150.0,324.0
12898160,1,0,90.0,55.0
12895206,1,4,65.0,0.0
12881634,1,43,112.0,29.0
12881527,1,17,227.0,362.0
12879620,1,2,158.0,290.0
12878653,1,19,59.0,346.0
12877954,1,174,113.0,63.0
12974174,1,1,60.0,0.0
12971995,1,39,90.0,0.0
12970838,1,1,197.0,12.0
12968821,1,12,119.0,0.0
12968185,1,0,175.0,0.0
12967572,1,1,65.0,0.0
12965328,1,0,59.0,0.0
12965214,1,1,99.0,0.0
12960612,1,0,275.0,0.0
12958562,1,12,95.0,0.0
12954861,1,20,100.0,0.0
12949460,1,488,160.0,269.0
12943509,1,0,35.0,0.0
12933114,1,4,130.0,0.0
12930988,1,94,222.0,281.0
12927770,1,0,150.0,0.0
13026391,1,11,165.0,0.0
13023370,1,6,90.0,0.0
13020369,1,0,225.0,0.0
13015084,1,35,100.0,2.0
13010274,1,0,75.0,0.0
13008402,1,0,419.0,0.0
13007287,1,36,70.0,0.0
13001047,1,0,225.0,0.0
13001035,1,19,122.0,0.0
12999475,1,2,60.0,0.0
12996782,1,0,79.0,0.0
12995701,1,1,200.0,0.0
12986471,1,1,75.0,0.0
12986426,1,95,180.0,60.0
12986134,1,0,150.0,334.0
12981247,1,1,60.0,0.0
13061093,1,1,45.0,0.0
13060798,1,13,65.0,8.0
13059803,1,2,60.0,326.0
13058935,1,0,55.0,0.0
13056751,1,49,102.0,134.0
13043852,1,5,400.0,85.0
13043232,1,14,230.0,9.0
13042411,1,179,129.0,179.0
13037911,1,54,250.0,365.0
13034246,1,0,90.0,0.0
13032983,1,1,150.0,0.0
13032188,1,4,40.0,84.0
13031379,1,57,140.0,0.0
13031306,1,19,80.0,0.0
13030891,1,3,190.0,0.0
13027278,1,3,151.0,0.0
13093738,1,2,165.0,0.0
13092234,1,0,295.0,0.0
13089720,1,0,180.0,0.0
13089400,1,32,143.0,0.0
13081524,1,48,60.0,13.0
13078961,1,1,60.0,0.0
13077909,1,1,40.0,0.0
13077418,1,4,200.0,57.0
13076168,1,9,49.0,0.0
13074730,1,0,55.0,0.0
13069275,1,19,75.0,358.0
13068601,1,9,99.0,0.0
13067214,1,22,595.0,0.0
13066224,1,35,78.0,247.0
13064420,1,0,50.0,6.0
13061712,1,6,800.0,177.0
2190447,1,0,275.0,0.0
2188481,1,2,150.0,55.0
2186425,1,1,100.0,220.0
2184470,1,2,250.0,0.0
2182412,1,0,80.0,17.0
2182167,1,2,80.0,0.0
2180889,1,0,125.0,24.0
2179407,1,0,80.0,0.0
2179149,1,3,150.0,0.0
2178877,1,3,100.0,0.0
2177462,1,87,150.0,73.0
2176547,1,4,220.0,54.0
2175110,1,4,350.0,0.0
13097902,1,29,250.0,38.0
13096043,1,40,250.0,41.0
13094498,1,124,75.0,109.0
13148521,1,4,200.0,0.0
13137787,1,2,95.0,0.0
13135873,1,26,225.0,85.0
13133943,1,7,69.0,0.0
13133052,1,16,182.0,301.0
13132515,1,12,65.0,0.0
13129524,1,4,275.0,0.0
13125674,1,1,30.0,0.0
13125226,1,2,200.0,157.0
13108315,1,3,100.0,7.0
13108199,1,0,150.0,267.0
13107477,1,1,125.0,266.0
13106591,1,3,100.0,0.0
13102999,1,15,108.0,0.0
2195782,1,8,68.0,281.0
2195090,1,2,75.0,0.0
13203970,1,44,97.0,174.0
13203690,1,0,90.0,0.0
13200818,1,11,45.0,0.0
13197498,1,0,95.0,0.0
13196439,1,16,500.0,298.0
13187595,1,77,120.0,1.0
13184549,1,3,140.0,0.0
13175303,1,1,135.0,3.0
13169974,1,11,200.0,0.0
13168457,1,18,70.0,89.0
13165300,1,2,90.0,310.0
13164593,1,0,88.0,0.0
13161042,1,18,180.0,0.0
13156754,1,6,250.0,56.0
13156191,1,10,55.0,0.0
13148824,1,6,280.0,0.0
13246721,1,1,86.0,0.0
13242534,1,6,250.0,0.0
13238971,1,5,175.0,8.0
13237695,1,3,85.0,189.0
13231566,1,0,100.0,52.0
13224803,1,53,199.0,0.0
13223221,1,1,75.0,0.0
13221575,1,0,150.0,88.0
13220337,1,27,150.0,0.0
13219494,1,1,125.0,0.0
13209857,1,11,125.0,0.0
13208109,1,3,45.0,0.0
13207016,1,14,140.0,0.0
13206448,1,2,50.0,283.0
13206384,1,19,120.0,0.0
13204586,1,0,175.0,0.0
13299977,1,27,65.0,1.0
13295673,1,6,102.0,0.0
13291840,1,2,100.0,35.0
13287929,1,67,100.0,34.0
13285212,1,0,200.0,0.0
13284271,1,14,350.0,353.0
13283118,1,1,175.0,282.0
13283016,1,0,157.0,0.0
13282162,1,35,148.0,207.0
13275837,1,7,190.0,0.0
13275669,1,0,60.0,0.0
13274612,1,0,39.0,179.0
13272957,1,1,30.0,0.0
13270888,1,28,65.0,0.0
13257873,1,14,120.0,36.0
13251813,1,6,120.0,1.0
13337141,1,121,150.0,0.0
13332949,1,0,55.0,0.0
13325936,1,1,60.0,0.0
13324888,1,2,200.0,0.0
13324284,1,1,95.0,0.0
13322263,1,12,125.0,0.0
13322259,1,54,115.0,188.0
13322169,1,9,150.0,0.0
13314736,1,7,100.0,327.0
13314076,1,15,99.0,0.0
13313020,1,8,85.0,0.0
13312279,1,17,125.0,0.0
13307646,1,4,125.0,24.0
13305499,1,3,145.0,0.0
13304615,1,3,75.0,0.0
13300403,1,42,615.0,117.0
13394035,1,85,49.0,35.0
13392996,1,75,75.0,166.0
13392472,1,38,103.0,99.0
13384586,1,74,49.0,284.0
13384464,1,0,50.0,0.0
13377549,1,13,250.0,0.0
13360423,1,13,90.0,0.0
13356805,1,0,300.0,0.0
13352650,1,0,250.0,111.0
13349759,1,0,75.0,0.0
13347139,1,6,450.0,0.0
13343955,1,6,75.0,133.0
13342524,1,6,100.0,0.0
13342325,1,0,120.0,156.0
13341919,1,3,110.0,0.0
13340829,1,1,60.0,0.0
2171626,1,0,275.0,0.0
2170381,1,4,73.0,242.0
2169825,1,7,55.0,0.0
2168789,1,15,175.0,4.0
2168468,1,64,110.0,74.0
2168251,1,16,200.0,291.0
2166065,1,103,250.0,315.0
2165711,1,100,208.0,310.0
2165401,1,19,151.0,249.0
2164856,1,0,50.0,0.0
2164452,1,2,145.0,365.0
2164138,1,33,265.0,0.0
2163683,1,0,250.0,0.0
13406868,1,1,45.0,0.0
13402436,1,43,130.0,0.0
13394563,1,2,45.0,0.0
13454974,1,11,175.0,88.0
13451102,1,254,80.0,118.0
13440686,1,87,45.0,0.0
13425453,1,0,69.0,0.0
13425452,1,27,161.0,0.0
13422723,1,1,90.0,14.0
13419129,1,16,97.0,11.0
13415893,1,0,89.0,6.0
13414796,1,10,185.0,0.0
13412901,1,1,65.0,88.0
13412408,1,5,200.0,0.0
13410839,1,55,250.0,34.0
13407785,1,44,325.0,153.0
2174446,1,1,58.0,0.0
2172525,1,4,199.0,0.0
2171676,1,112,71.0,129.0
13487080,1,1,150.0,0.0
13486605,1,25,40.0,0.0
13484820,1,0,55.0,0.0
13483820,1,0,120.0,160.0
13483550,1,10,110.0,0.0
13483196,1,0,90.0,0.0
13482882,1,0,65.0,0.0
13481367,1,10,199.0,0.0
13466647,1,8,155.0,0.0
13465396,1,3,82.0,0.0
13463652,1,0,125.0,0.0
13463015,1,0,145.0,66.0
13462349,1,40,200.0,288.0
13460416,1,6,140.0,0.0
13460069,1,0,500.0,365.0
13456636,1,166,91.0,38.0
13530279,1,3,100.0,0.0
13530123,1,105,195.0,204.0
13525339,1,60,195.0,16.0
13524368,1,8,275.0,0.0
13523227,1,0,350.0,0.0
13510515,1,0,200.0,0.0
13509844,1,7,69.0,0.0
13507716,1,0,55.0,0.0
13506708,1,3,250.0,188.0
13501034,1,4,100.0,0.0
13500687,1,9,60.0,81.0
13500220,1,1,450.0,0.0
13497325,1,0,180.0,0.0
13496782,1,2,200.0,0.0
13490977,1,14,198.0,0.0
13490820,1,3,50.0,0.0
13574223,1,61,80.0,32.0
13567212,1,5,70.0,0.0
13564519,1,1,190.0,84.0
13563861,1,0,200.0,0.0
13562603,1,0,80.0,95.0
13561853,1,6,75.0,45.0
13561307,1,2,149.0,0.0
13558726,1,0,45.0,0.0
13546922,1,14,249.0,17.0
13543967,1,4,100.0,53.0
13541655,1,150,159.0,54.0
13540183,1,0,150.0,0.0
13538150,1,1,97.0,8.0
13535952,1,0,300.0,0.0
13533446,1,31,139.0,81.0
13532838,1,0,400.0,0.0
13617251,1,0,94.0,0.0
13616834,1,1,50.0,0.0
13616538,1,8,74.0,0.0
13615300,1,4,160.0,0.0
13612070,1,0,150.0,0.0
13608859,1,13,110.0,6.0
13608839,1,0,98.0,0.0
13605253,1,0,95.0,81.0
13604945,1,143,80.0,187.0
13601944,1,11,195.0,13.0
13599766,1,3,80.0,79.0
13596820,1,16,125.0,60.0
13584145,1,4,275.0,0.0
13583715,1,4,165.0,203.0
13583451,1,1,94.0,7.0
13575029,1,3,47.0,0.0
2157562,1,4,120.0,181.0
2156741,1,37,90.0,21.0
2155832,1,266,90.0,150.0
2155360,1,2,115.0,0.0
2155213,1,142,83.0,80.0
2153455,1,33,135.0,76.0
2153064,1,18,100.0,0.0
2152359,1,0,220.0,0.0
2151325,1,17,6000.0,359.0
2148881,1,69,50.0,0.0
2148510,1,18,145.0,155.0
2147561,1,36,69.0,49.0
13621509,1,12,55.0,89.0
13620283,1,16,135.0,0.0
13619313,1,0,175.0,179.0
13617520,1,8,40.0,0.0
13672021,1,0,46.0,0.0
13670148,1,32,40.0,0.0
13669059,1,14,250.0,16.0
13667539,1,2,75.0,0.0
13664226,1,24,425.0,365.0
13646328,1,10,99.0,29.0
13644183,1,3,97.0,0.0
13642781,1,1,100.0,0.0
13642054,1,30,180.0,69.0
13639385,1,0,60.0,179.0
13637847,1,11,98.0,188.0
13636138,1,14,105.0,173.0
13632182,1,6,200.0,0.0
13631524,1,262,75.0,166.0
2161203,1,5,190.0,10.0
2158706,1,11,49.0,0.0
13736818,1,132,105.0,12.0
13733669,1,7,59.0,0.0
13728275,1,1,50.0,0.0
13716703,1,3,165.0,0.0
13716326,1,1,77.0,0.0
13715851,1,0,850.0,180.0
13715158,1,2,45.0,3.0
13713796,1,32,130.0,355.0
13713658,1,1,80.0,0.0
13711192,1,0,105.0,0.0
13709292,1,0,0.0,0.0
13705706,1,0,65.0,0.0
13698410,1,12,80.0,0.0
13697041,1,14,100.0,30.0
13678557,1,0,90.0,102.0
13677929,1,8,78.0,219.0
13759034,1,11,100.0,0.0
13758411,1,1,160.0,71.0
13757674,1,0,200.0,0.0
13755526,1,0,100.0,0.0
13754273,1,6,60.0,0.0
13753058,1,0,65.0,0.0
13752584,1,2,125.0,0.0
13752339,1,20,130.0,80.0
13750109,1,1,249.0,17.0
13749425,1,198,100.0,305.0
13744738,1,0,200.0,1.0
13743148,1,0,65.0,310.0
13741210,1,9,89.0,0.0
13739649,1,32,225.0,44.0
13739286,1,6,55.0,87.0
13738322,1,4,125.0,0.0
13822373,1,2,120.0,0.0
13816539,1,4,118.0,0.0
13811875,1,7,400.0,281.0
13811457,1,6,115.0,6.0
13811334,1,1,140.0,0.0
13804630,1,0,165.0,0.0
13795689,1,24,85.0,318.0
13794250,1,1,75.0,0.0
13789963,1,141,345.0,273.0
13785996,1,1,42.0,0.0
13783103,1,13,140.0,192.0
13778440,1,95,50.0,315.0
13775855,1,25,149.0,1.0
13775180,1,0,250.0,0.0
13772270,1,3,85.0,351.0
13769025,1,0,43.0,220.0
13873488,1,7,196.0,0.0
13873277,1,0,100.0,0.0
13872573,1,3,90.0,0.0
13871584,1,0,132.0,0.0
13871213,1,2,135.0,0.0
13866555,1,2,45.0,0.0
13859261,1,35,181.0,37.0
13859188,1,2,200.0,0.0
13857446,1,12,90.0,0.0
13848780,1,15,275.0,207.0
13848128,1,13,275.0,0.0
13846249,1,2,100.0,0.0
13839404,1,0,180.0,0.0
13838573,1,5,285.0,365.0
13834266,1,0,400.0,290.0
13829968,1,16,90.0,3.0
2147438,1,12,110.0,330.0
2144034,1,2,90.0,0.0
2141626,1,118,109.0,14.0
2141246,1,2,90.0,0.0
2141109,1,8,250.0,0.0
2140820,1,11,190.0,331.0
2140246,1,10,95.0,188.0
2139368,1,1,175.0,0.0
2138902,1,0,90.0,0.0
2135948,1,102,100.0,33.0
2135117,1,53,52.0,55.0
2134560,1,0,100.0,0.0
2133558,1,4,450.0,345.0
13888072,1,4,200.0,0.0
13874881,1,4,90.0,18.0
13873590,1,3,80.0,0.0
13929249,1,2,72.0,0.0
13926627,1,15,75.0,140.0
13924244,1,48,100.0,6.0
13920011,1,11,350.0,12.0
13917722,1,0,150.0,0.0
13908017,1,209,120.0,283.0
13907788,1,9,95.0,0.0
13904931,1,0,110.0,0.0
13903103,1,18,125.0,0.0
13900556,1,5,145.0,0.0
13899187,1,0,50.0,0.0
13898361,1,1,55.0,0.0
13896771,1,14,90.0,1.0
13896003,1,0,50.0,0.0
13891989,1,142,120.0,345.0
2147475,1,3,159.0,0.0
13972159,1,12,250.0,0.0
13969061,1,32,150.0,3.0
13968910,1,19,140.0,0.0
13964451,1,34,120.0,23.0
13963575,1,15,130.0,41.0
13956097,1,2,70.0,223.0
13953653,1,15,49.0,128.0
13951935,1,8,135.0,0.0
13951574,1,22,60.0,0.0
13949526,1,0,99.0,0.0
13937830,1,0,110.0,0.0
13934498,1,3,90.0,311.0
13934385,1,2,175.0,0.0
13933878,1,0,75.0,0.0
13931194,1,0,70.0,0.0
13929469,1,21,60.0,1.0
14016646,1,18,100.0,0.0
14012333,1,10,280.0,70.0
14012039,1,3,120.0,0.0
14011859,1,6,350.0,0.0
14010411,1,4,149.0,0.0
14005489,1,0,250.0,0.0
14001033,1,0,65.0,0.0
13997669,1,3,200.0,30.0
13997208,1,0,280.0,87.0
13996246,1,2,250.0,0.0
13989494,1,1,42.0,0.0
13977477,1,5,99.0,0.0
13976139,1,0,120.0,0.0
13976132,1,133,120.0,4.0
13974626,1,13,65.0,247.0
13974214,1,92,130.0,248.0
14055452,1,1,130.0,0.0
14052889,1,32,105.0,290.0
14049772,1,12,170.0,308.0
14046877,1,0,63.0,0.0
14043678,1,6,50.0,363.0
14041891,1,0,200.0,0.0
14035846,1,2,50.0,341.0
14035840,1,38,120.0,16.0
14035480,1,0,160.0,0.0
14035150,1,0,190.0,0.0
14034161,1,0,249.0,45.0
14022130,1,1,115.0,0.0
14020493,1,6,265.0,29.0
14019963,1,88,105.0,93.0
14018666,1,9,45.0,0.0
14017165,1,1,58.0,0.0
14087588,1,1,300.0,0.0
14085769,1,0,125.0,0.0
14084903,1,182,295.0,226.0
14084147,1,149,499.0,201.0
14081811,1,12,325.0,0.0
14079322,1,2,80.0,0.0
14078910,1,42,75.0,0.0
14078461,1,1,40.0,0.0
14077910,1,28,175.0,126.0
14076492,1,0,120.0,0.0
14076423,1,43,175.0,0.0
14073337,1,9,180.0,4.0
14064072,1,0,295.0,0.0
14060369,1,8,220.0,0.0
14060030,1,2,180.0,0.0
14058714,1,51,200.0,88.0
14139134,1,1,90.0,0.0
14138135,1,2,170.0,0.0
14136274,1,0,500.0,0.0
14135981,1,2,130.0,363.0
14133008,1,43,78.0,49.0
14120733,1,349,80.0,13.0
14117835,1,3,150.0,6.0
14105586,1,1,180.0,0.0
14104449,1,48,88.0,122.0
14103679,1,75,199.0,80.0
14102923,1,0,48.0,0.0
14100888,1,15,200.0,0.0
14098887,1,0,35.0,0.0
14098199,1,0,250.0,209.0
14097466,1,1,140.0,0.0
14094953,1,0,67.0,0.0
14171579,1,5,140.0,254.0
14170288,1,0,174.0,89.0
14163805,1,129,399.0,237.0
14163479,1,3,195.0,0.0
14163206,1,6,45.0,0.0
14163033,1,0,200.0,0.0
14157435,1,36,47.0,59.0
14157243,1,3,250.0,0.0
14157138,1,56,70.0,1.0
14156628,1,4,200.0,233.0
14156051,1,1,130.0,0.0
14152383,1,0,246.0,0.0
14142169,1,31,140.0,67.0
14141873,1,28,399.0,354.0
14140782,1,0,80.0,0.0
14140453,1,11,450.0,2.0
14244557,1,1,250.0,251.0
14235450,1,2,41.0,0.0
14235061,1,10,59.0,27.0
14231957,1,5,250.0,0.0
14210435,1,0,180.0,179.0
14208923,1,1,50.0,0.0
14204809,1,78,69.0,30.0
14201257,1,4,40.0,1.0
14199417,1,1,45.0,0.0
14197781,1,3,68.0,0.0
14196588,1,0,180.0,0.0
14194388,1,1,66.0,0.0
14176488,1,10,55.0,365.0
14174901,1,0,150.0,0.0
14171882,1,6,120.0,0.0
14171743,1,112,87.0,10.0
14278457,1,0,125.0,0.0
14278450,1,7,200.0,0.0
14276413,1,2,300.0,0.0
14273136,1,26,94.0,0.0
14271995,1,8,110.0,0.0
14269481,1,2,130.0,3.0
14269155,1,0,160.0,24.0
14266812,1,0,450.0,0.0
14262697,1,1,150.0,0.0
14261988,1,150,70.0,222.0
14258860,1,1,200.0,0.0
14258377,1,0,50.0,38.0
14254368,1,0,75.0,87.0
14253187,1,4,65.0,104.0
14249909,1,3,169.0,0.0
14249332,1,68,69.0,51.0
2128805,1,12,150.0,38.0
2128535,1,5,50.0,0.0
2128335,1,9,69.0,0.0
2128192,1,0,99.0,0.0
2127723,1,40,140.0,20.0
2127180,1,5,125.0,59.0
2127057,1,148,145.0,134.0
2126994,1,5,62.0,0.0
2126399,1,0,150.0,7.0
2126138,1,3,160.0,8.0
2125221,1,19,150.0,80.0
2124716,1,100,99.0,1.0
2124690,1,1,175.0,0.0
14281112,1,2,125.0,0.0
14279331,1,91,70.0,0.0
14278851,1,2,50.0,15.0
14320459,1,0,70.0,0.0
14318669,1,44,210.0,0.0
14317804,1,2,75.0,0.0
14317115,1,0,86.0,0.0
14315424,1,6,58.0,0.0
14314420,1,21,150.0,11.0
14297465,1,42,135.0,100.0
14295824,1,7,80.0,0.0
14295613,1,1,75.0,0.0
14294841,1,0,75.0,0.0
14292409,1,20,95.0,0.0
14291958,1,2,60.0,0.0
14291580,1,7,65.0,11.0
14291250,1,136,120.0,254.0
14285627,1,42,200.0,15.0
2132620,1,4,85.0,0.0
14362471,1,6,229.0,61.0
14361027,1,15,179.0,0.0
14358525,1,0,202.0,0.0
14349735,1,2,64.0,250.0
14343538,1,19,69.0,238.0
14340851,1,0,120.0,0.0
14338184,1,2,175.0,0.0
14337132,1,31,150.0,0.0
14336676,1,7,75.0,0.0
14332697,1,1,89.0,27.0
14329995,1,2,125.0,0.0
14328715,1,6,150.0,0.0
14323652,1,36,85.0,130.0
14322725,1,13,290.0,66.0
14321520,1,0,275.0,0.0
14320524,1,35,99.0,162.0
14396342,1,111,61.0,109.0
14391637,1,3,200.0,0.0
14386700,1,0,140.0,0.0
14383640,1,0,335.0,365.0
14383179,1,4,90.0,0.0
14381199,1,20,125.0,0.0
14380678,1,13,129.0,176.0
14380456,1,365,120.0,174.0
14379468,1,4,125.0,0.0
14379366,1,2,340.0,100.0
14377035,1,10,43.0,0.0
14376724,1,0,55.0,0.0
14374073,1,0,150.0,0.0
14369316,1,1,289.0,0.0
14363695,1,1,275.0,0.0
14362628,1,0,100.0,0.0
14438618,1,31,99.0,345.0
14435697,1,0,120.0,0.0
14435551,1,6,67.0,0.0
14433834,1,61,250.0,324.0
14430349,1,10,75.0,0.0
14422390,1,12,49.0,0.0
14416504,1,0,120.0,0.0
14416238,1,0,125.0,0.0
14409957,1,7,110.0,0.0
14408045,1,27,199.0,0.0
14406362,1,2,100.0,0.0
14405060,1,7,117.0,0.0
14404488,1,0,102.0,0.0
14400653,1,4,110.0,0.0
14398102,1,1,49.0,33.0
14396470,1,0,150.0,0.0
14495918,1,2,40.0,0.0
14480781,1,20,85.0,182.0
14477996,1,10,350.0,0.0
14476858,1,1,106.0,0.0
14476679,1,3,70.0,0.0
14470110,1,30,105.0,291.0
14469743,1,66,80.0,56.0
14466771,1,0,300.0,0.0
14463049,1,0,275.0,0.0
14461742,1,1,220.0,0.0
14460656,1,7,295.0,0.0
14459075,1,58,60.0,110.0
14456700,1,1,60.0,0.0
14453908,1,4,85.0,357.0
14441566,1,7,200.0,32.0
14439022,1,86,75.0,224.0
14524071,1,5,150.0,157.0
14521821,1,2,200.0,0.0
14521207,1,2,250.0,0.0
14518375,1,0,299.0,365.0
14518163,1,2,49.0,30.0
14517154,1,1,300.0,0.0
14513121,1,21,180.0,125.0
14512391,1,1,100.0,0.0
14510607,1,13,300.0,365.0
14509754,1,0,150.0,364.0
14505375,1,69,125.0,275.0
14504701,1,5,115.0,192.0
14501609,1,18,40.0,30.0
14501006,1,0,430.0,0.0
14499116,1,0,250.0,30.0
14498263,1,105,60.0,101.0
14566486,1,1,85.0,0.0
14565233,1,3,115.0,0.0
14564591,1,5,130.0,350.0
14564237,1,5,280.0,0.0
14564141,1,12,85.0,0.0
14563618,1,0,248.0,0.0
14554858,1,44,385.0,180.0
14549202,1,0,140.0,83.0
14546480,1,4,100.0,0.0
14545465,1,16,115.0,0.0
14544355,1,60,140.0,37.0
14543419,1,16,99.0,0.0
14540215,1,1,50.0,0.0
14538085,1,7,64.0,0.0
14537404,1,6,70.0,0.0
14535843,1,1,38.0,0.0
2123463,1,2,55.0,0.0
2120889,1,0,63.0,66.0
2119928,1,7,380.0,62.0
2119428,1,9,125.0,252.0
2118206,1,5,33.0,44.0
2117078,1,106,138.0,189.0
2116807,1,8,190.0,0.0
2116342,1,0,950.0,69.0
2115395,1,2,107.0,133.0
2113042,1,1,70.0,65.0
2111060,1,134,99.0,265.0
2110601,1,3,145.0,35.0
2110569,1,60,199.0,37.0
14585417,1,122,185.0,105.0
14582705,1,0,150.0,0.0
14573346,1,1,39.0,0.0
14621589,1,0,50.0,90.0
14614795,1,1,90.0,0.0
14613015,1,4,69.0,0.0
14612223,1,10,100.0,200.0
14611970,1,104,111.0,317.0
14611780,1,5,105.0,0.0
14608821,1,0,42.0,0.0
14607718,1,58,200.0,257.0
14603774,1,1,225.0,0.0
14601436,1,4,185.0,0.0
14600914,1,118,85.0,327.0
14590096,1,62,70.0,7.0
14588919,1,131,150.0,185.0
14586567,1,0,150.0,0.0
14586041,1,18,75.0,87.0
2123674,1,0,70.0,83.0
14680576,1,13,300.0,224.0
14680337,1,0,169.0,84.0
14678390,1,31,180.0,10.0
14676072,1,0,180.0,0.0
14671652,1,0,250.0,364.0
14667282,1,0,100.0,0.0
14666091,1,16,90.0,37.0
14664356,1,5,86.0,203.0
14656629,1,0,35.0,0.0
14655604,1,55,60.0,118.0
14654770,1,6,97.0,0.0
14651590,1,4,150.0,0.0
14641776,1,3,100.0,0.0
14636480,1,56,130.0,0.0
14631757,1,5,150.0,319.0
14624072,1,1,48.0,0.0
14726038,1,13,120.0,0.0
14724243,1,3,130.0,161.0
14723162,1,10,149.0,365.0
14720647,1,25,95.0,0.0
14717052,1,2,180.0,365.0
14715701,1,1,198.0,5.0
14713587,1,6,125.0,0.0
14710145,1,3,150.0,0.0
14709426,1,6,120.0,20.0
14707270,1,1,350.0,0.0
14703729,1,2,350.0,46.0
14700562,1,0,39.0,0.0
14684457,1,2,35.0,0.0
14684238,1,22,150.0,6.0
14683530,1,8,200.0,19.0
14680684,1,5,250.0,0.0
14758012,1,66,195.0,0.0
14757938,1,0,65.0,0.0
14751888,1,6,79.0,0.0
14747290,1,4,65.0,349.0
14746465,1,49,89.0,157.0
14743889,1,18,46.0,16.0
14743478,1,42,105.0,286.0
14742776,1,3,55.0,0.0
14741088,1,3,60.0,0.0
14736455,1,56,125.0,188.0
14733148,1,39,860.0,365.0
14731964,1,36,125.0,81.0
14730722,1,9,90.0,0.0
14730409,1,0,50.0,0.0
14729523,1,0,110.0,0.0
14727039,1,0,165.0,89.0
14795719,1,30,45.0,21.0
14794302,1,10,250.0,364.0
14793862,1,64,115.0,0.0
14786085,1,3,275.0,0.0
14785032,1,165,48.0,365.0
14772147,1,2,50.0,0.0
14768898,1,12,145.0,0.0
14768609,1,19,285.0,15.0
14766250,1,1,160.0,0.0
14763957,1,0,58.0,57.0
14763882,1,5,180.0,184.0
14760734,1,35,110.0,90.0
14760116,1,0,400.0,0.0
14759473,1,25,55.0,0.0
14759219,1,2,120.0,0.0
14758945,1,2,150.0,3.0
14833285,1,23,100.0,2.0
14829766,1,2,235.0,0.0
14819229,1,1,75.0,47.0
14818535,1,17,122.0,73.0
14818218,1,3,80.0,84.0
14817413,1,8,65.0,0.0
14815035,1,0,170.0,0.0
14813211,1,0,109.0,0.0
14812962,1,3,93.0,0.0
14810989,1,8,55.0,162.0
14808512,1,2,170.0,0.0
14805863,1,7,88.0,0.0
14805627,1,8,45.0,0.0
14804867,1,11,78.0,116.0
14800483,1,0,140.0,0.0
14798138,1,1,40.0,179.0
14890430,1,174,75.0,311.0
14889425,1,0,500.0,53.0
14885787,1,2,150.0,0.0
14885449,1,2,160.0,0.0
14865754,1,34,175.0,75.0
14864202,1,9,200.0,0.0
14861483,1,0,325.0,0.0
14860389,1,1,120.0,87.0
14859699,1,0,29.0,0.0
14856361,1,59,65.0,43.0
14854832,1,9,130.0,0.0
14853570,1,0,100.0,0.0
14852867,1,0,117.0,0.0
14844084,1,0,75.0,113.0
14841940,1,13,48.0,34.0
14833533,1,25,109.0,2.0
14914020,1,1,250.0,0.0
14911571,1,161,79.0,125.0
14910665,1,3,175.0,0.0
14909731,1,7,200.0,252.0
14908606,1,10,5000.0,363.0
14908547,1,7,169.0,0.0
14907512,1,4,30.0,13.0
14906911,1,3,75.0,0.0
14906645,1,2,65.0,0.0
14906518,1,2,119.0,0.0
14905237,1,12,120.0,0.0
14905080,1,1,75.0,0.0
14905006,1,11,52.0,0.0
14904449,1,9,110.0,15.0
14892784,1,20,100.0,7.0
14892152,1,3,155.0,364.0
14946082,1,121,195.0,66.0
14945903,1,1,108.0,0.0
14945045,1,2,95.0,0.0
14945039,1,1,400.0,0.0
14944507,1,16,160.0,11.0
14942902,1,0,150.0,358.0
14935685,1,0,250.0,0.0
14934881,1,6,280.0,11.0
14933692,1,8,90.0,0.0
14933223,1,9,110.0,21.0
14932802,1,9,87.0,89.0
14929050,1,0,350.0,33.0
14927662,1,4,100.0,15.0
14927030,1,0,200.0,103.0
14925591,1,191,150.0,290.0
14923355,1,7,200.0,0.0
14991730,1,23,145.0,173.0
14991456,1,11,100.0,0.0
14990573,1,46,200.0,0.0
14987061,1,3,125.0,1.0
14979188,1,3,110.0,0.0
14975379,1,5,75.0,0.0
14974205,1,1,35.0,0.0
14970988,1,57,130.0,187.0
14969786,1,26,70.0,0.0
14965776,1,5,55.0,0.0
14961638,1,72,180.0,291.0
14953075,1,3,150.0,0.0
14952623,1,82,90.0,0.0
14950774,1,0,160.0,98.0
14948568,1,0,80.0,0.0
14946552,1,0,100.0,0.0
15049157,1,136,250.0,284.0
15047361,1,0,400.0,0.0
15029400,1,13,70.0,220.0
15025923,1,0,43.0,0.0
15021288,1,1,65.0,0.0
15020878,1,0,115.0,3.0
15019621,1,2,99.0,0.0
15017590,1,2,50.0,0.0
15010925,1,13,160.0,120.0
15010803,1,10,200.0,0.0
15010630,1,1,216.0,89.0
15008796,1,1,150.0,0.0
15004693,1,2,250.0,0.0
15002363,1,60,100.0,0.0
14995329,1,1,95.0,0.0
14993592,1,3,95.0,0.0
2109282,1,2,55.0,0.0
2108853,1,18,325.0,364.0
2108760,1,21,115.0,0.0
2108671,1,0,70.0,0.0
2107905,1,7,260.0,0.0
2107234,1,17,149.0,1.0
2104160,1,4,119.0,0.0
2103888,1,197,325.0,207.0
2103550,1,0,200.0,0.0
2102889,1,8,65.0,123.0
2102686,1,10,135.0,5.0
2102205,1,15,250.0,0.0
2101644,1,289,130.0,217.0
2101238,1,9,170.0,0.0
2100968,1,116,325.0,203.0
2099273,1,0,85.0,98.0
15099550,1,77,290.0,252.0
15096876,1,2,60.0,0.0
15094887,1,11,150.0,0.0
15090552,1,1,175.0,0.0
15088853,1,82,85.0,46.0
15082988,1,13,270.0,0.0
15081041,1,0,169.0,0.0
15078552,1,0,75.0,0.0
15074983,1,13,110.0,13.0
15074852,1,0,300.0,0.0
15069930,1,1,490.0,180.0
15065559,1,105,153.0,9.0
15061780,1,3,100.0,0.0
15057355,1,0,70.0,62.0
15055041,1,248,70.0,12.0
15055035,1,25,70.0,353.0
15129374,1,1,200.0,0.0
15115649,1,0,65.0,0.0
15109029,1,0,55.0,0.0
15107994,1,6,85.0,0.0
15107351,1,14,245.0,198.0
15106211,1,2,150.0,16.0
15105912,1,186,175.0,187.0
15105613,1,1,70.0,236.0
15105524,1,2,200.0,15.0
15105293,1,0,80.0,0.0
15103996,1,4,130.0,5.0
15102869,1,11,115.0,4.0
15102423,1,0,225.0,0.0
15101609,1,0,700.0,239.0
15100977,1,0,140.0,365.0
15099636,1,3,120.0,0.0
15178288,1,0,161.0,0.0
15175443,1,2,150.0,0.0
15170042,1,0,90.0,0.0
15163034,1,3,119.0,174.0
15153596,1,34,235.0,135.0
15152746,1,0,139.0,0.0
15148834,1,4,90.0,0.0
15147904,1,71,40.0,24.0
15146990,1,4,115.0,95.0
15146492,1,0,649.0,0.0
15141764,1,1,175.0,0.0
15139808,1,0,175.0,63.0
15134522,1,15,200.0,95.0
15134346,1,4,40.0,0.0
15131634,1,0,275.0,9.0
15130664,1,0,450.0,0.0
15200154,1,2,350.0,0.0
15198834,1,8,88.0,0.0
15198359,1,95,80.0,278.0
15197115,1,3,500.0,5.0
15197019,1,2,95.0,0.0
15195194,1,4,115.0,0.0
15194406,1,113,89.0,13.0
15194358,1,19,150.0,7.0
15193965,1,1,85.0,0.0
15192120,1,0,200.0,0.0
15192022,1,7,65.0,0.0
15191122,1,2,75.0,24.0
15185319,1,270,95.0,288.0
15182886,1,44,155.0,341.0
15179425,1,10,150.0,0.0
15178683,1,0,30.0,0.0
2093069,1,8,106.0,0.0
2092961,1,53,155.0,110.0
2092300,1,3,120.0,0.0
2091070,1,14,165.0,10.0
2090668,1,0,99.0,0.0
2090439,1,135,95.0,9.0
2089329,1,6,250.0,0.0
2088995,1,1,70.0,0.0
2087636,1,4,200.0,0.0
2086194,1,3,55.0,189.0
15220846,1,4,274.0,7.0
15220605,1,1,100.0,0.0
15219324,1,0,55.0,188.0
15218314,1,0,43.0,0.0
15208048,1,1,98.0,0.0
15200548,1,0,180.0,12.0
15270760,1,1,85.0,0.0
15266675,1,9,160.0,0.0
15265839,1,8,70.0,0.0
15265556,1,3,100.0,0.0
15264295,1,0,60.0,0.0
15246785,1,36,65.0,80.0
15246227,1,0,101.0,0.0
15243531,1,4,150.0,0.0
15239567,1,1,110.0,0.0
15239415,1,54,100.0,61.0
15238188,1,51,95.0,1.0
15231187,1,69,89.0,0.0
15225114,1,0,75.0,0.0
15221605,1,1,269.0,0.0
2099205,1,9,180.0,0.0
2096374,1,0,80.0,365.0
15311573,1,14,83.0,0.0
15310896,1,284,100.0,237.0
15309829,1,1,170.0,0.0
15303460,1,1,50.0,125.0
15303279,1,1,100.0,0.0
15297517,1,9,155.0,0.0
15288827,1,4,60.0,66.0
15285681,1,1,85.0,35.0
15280538,1,74,465.0,62.0
15279171,1,5,55.0,0.0
15278522,1,1,225.0,0.0
15277706,1,58,100.0,37.0
15277039,1,2,80.0,0.0
15272878,1,0,150.0,0.0
15271873,1,5,150.0,25.0
15271110,1,296,135.0,187.0
15347665,1,0,160.0,0.0
15341568,1,6,180.0,0.0
15341073,1,2,100.0,202.0
15338067,1,9,58.0,0.0
15337454,1,1,80.0,0.0
15336905,1,0,57.0,61.0
15334096,1,0,310.0,87.0
15331078,1,1,35.0,69.0
15322945,1,26,60.0,365.0
15321576,1,0,60.0,0.0
15318852,1,22,99.0,365.0
15318802,1,4,54.0,0.0
15313939,1,22,69.0,365.0
15313500,1,2,225.0,71.0
15312592,1,44,135.0,0.0
15312389,1,5,140.0,0.0
15397994,1,7,175.0,38.0
15395133,1,103,129.0,156.0
15386409,1,3,80.0,0.0
15384170,1,12,175.0,0.0
15381858,1,0,45.0,0.0
15380275,1,0,38.0,0.0
15377827,1,5,45.0,0.0
15377463,1,0,65.0,0.0
15372962,1,1,275.0,0.0
15358791,1,5,175.0,107.0
15357689,1,4,250.0,3.0
15356877,1,0,795.0,14.0
15356710,1,1,40.0,342.0
15356183,1,5,250.0,0.0
15355526,1,12,350.0,0.0
15353668,1,0,144.0,90.0
15430260,1,150,249.0,278.0
15430149,1,1,92.0,0.0
15429605,1,10,100.0,160.0
15426862,1,10,150.0,13.0
15423103,1,1,200.0,9.0
15420345,1,0,65.0,0.0
15416709,1,0,70.0,0.0
15414317,1,10,150.0,0.0
15413542,1,14,85.0,81.0
15412884,1,2,800.0,246.0
15402737,1,2,140.0,0.0
15402077,1,0,84.0,0.0
15401907,1,0,86.0,0.0
15400695,1,4,110.0,0.0
15398860,1,0,50.0,0.0
15398647,1,47,255.0,352.0
15478812,1,0,60.0,0.0
15476792,1,24,105.0,0.0
15476280,1,2,499.0,31.0
15475460,1,32,65.0,70.0
15474495,1,1,150.0,0.0
15468652,1,1,59.0,0.0
15445809,1,0,200.0,0.0
15445748,1,6,33.0,337.0
15445130,1,0,70.0,0.0
15444104,1,11,170.0,0.0
15443448,1,2,59.0,0.0
15442902,1,0,60.0,0.0
15441931,1,102,190.0,281.0
15439713,1,0,181.0,4.0
15437944,1,0,100.0,0.0
15433113,1,5,95.0,0.0
15523549,1,11,139.0,49.0
15520689,1,1,90.0,0.0
15520066,1,1,35.0,0.0
15518085,1,2,110.0,0.0
15515731,1,1,35.0,0.0
15508421,1,0,400.0,119.0
15500498,1,7,55.0,0.0
15498912,1,14,70.0,0.0
15495404,1,0,65.0,0.0
15495000,1,3,66.0,0.0
15492140,1,139,77.0,18.0
15491509,1,6,66.0,0.0
15488551,1,5,150.0,40.0
15487773,1,4,100.0,0.0
15485954,1,29,200.0,0.0
15478980,1,7,80.0,90.0
15546865,1,2,485.0,240.0
15546330,1,1,80.0,0.0
15544818,1,61,62.0,68.0
15543098,1,2,55.0,0.0
15542610,1,86,60.0,0.0
15542183,1,92,300.0,254.0
15539137,1,149,67.0,142.0
15538912,1,3,77.0,0.0
15538629,1,12,175.0,301.0
15537676,1,1,80.0,0.0
15535829,1,3,99.0,364.0
15535189,1,4,95.0,0.0
15534068,1,14,50.0,93.0
15529083,1,2,200.0,362.0
15528170,1,1,90.0,156.0
15524268,1,0,65.0,0.0
15581933,1,4,90.0,0.0
15581137,1,0,130.0,0.0
15579200,1,18,240.0,0.0
15579169,1,12,75.0,50.0
15578480,1,21,75.0,0.0
15573381,1,0,250.0,0.0
15572977,1,1,150.0,0.0
15570509,1,8,350.0,129.0
15569250,1,9,115.0,332.0
15569216,1,3,250.0,94.0
15565209,1,38,50.0,98.0
15562068,1,18,55.0,19.0
15559190,1,5,120.0,0.0
15553988,1,4,100.0,0.0
15550310,1,0,115.0,8.0
15547192,1,0,82.0,0.0
15625009,1,152,165.0,228.0
15624547,1,0,60.0,97.0
15617182,1,4,90.0,146.0
15616046,1,1,100.0,0.0
15613411,1,26,185.0,0.0
15613241,1,3,250.0,0.0
15605409,1,15,345.0,21.0
15603100,1,40,220.0,1.0
15602635,1,10,200.0,0.0
15600805,1,2,265.0,0.0
15588105,1,2,100.0,222.0
15586309,1,6,90.0,0.0
15586243,1,1,100.0,0.0
15585119,1,1,65.0,0.0
15584022,1,7,80.0,0.0
15582617,1,3,90.0,0.0
15651644,1,1,120.0,0.0
15651637,1,29,200.0,50.0
15651084,1,0,200.0,0.0
15647782,1,10,155.0,0.0
15646137,1,0,200.0,365.0
15644345,1,1,250.0,0.0
15642271,1,3,60.0,0.0
15641304,1,8,125.0,0.0
15640532,1,1,65.0,0.0
15639713,1,6,75.0,0.0
15638528,1,1,120.0,0.0
15638520,1,126,112.0,230.0
15636404,1,4,199.0,37.0
15636131,1,12,150.0,32.0
15635060,1,10,125.0,0.0
15631610,1,16,185.0,0.0
15690228,1,0,1900.0,332.0
15689833,1,11,160.0,1.0
15687009,1,17,100.0,73.0
15679125,1,8,99.0,365.0
15678733,1,0,56.0,350.0
15676792,1,0,186.0,107.0
15675912,1,4,125.0,0.0
15674613,1,11,69.0,226.0
15674437,1,4,220.0,0.0
15672224,1,0,150.0,81.0
15670189,1,6,98.0,9.0
15668272,1,1,100.0,0.0
15667008,1,0,199.0,365.0
15654962,1,0,50.0,0.0
15652930,1,21,211.0,30.0
15651999,1,4,135.0,0.0
15734998,1,2,91.0,9.0
15730200,1,1,150.0,0.0
15729463,1,2,105.0,0.0
15723130,1,8,150.0,9.0
15721549,1,3,80.0,0.0
15720806,1,0,50.0,0.0
15718962,1,257,100.0,20.0
15717497,1,0,179.0,0.0
15716203,1,2,180.0,0.0
15715046,1,51,125.0,351.0
15714652,1,21,70.0,134.0
15702523,1,58,64.0,0.0
15702477,1,2,109.0,0.0
15700083,1,0,30.0,0.0
15697051,1,231,195.0,251.0
15692021,1,1,400.0,0.0
2084322,1,94,99.0,1.0
2084313,1,4,46.0,0.0
2084074,1,10,300.0,82.0
2083759,1,42,104.0,219.0
2082420,1,36,135.0,325.0
2082345,1,0,250.0,32.0
2080047,1,2,70.0,0.0
2079709,1,39,200.0,0.0
2079633,1,0,150.0,0.0
2079332,1,16,75.0,5.0
2078796,1,2,399.0,0.0
2077383,1,3,75.0,0.0
2076827,1,5,129.0,0.0
2076525,1,15,125.0,32.0
2076284,1,0,50.0,0.0
15735446,1,14,200.0,336.0
15765273,1,9,350.0,0.0
15764988,1,5,100.0,326.0
15763944,1,2,68.0,0.0
15762897,1,10,50.0,0.0
15758568,1,17,50.0,89.0
15756065,1,2,110.0,0.0
15753023,1,5,149.0,0.0
15751193,1,74,225.0,3.0
15743291,1,7,120.0,0.0
15743167,1,14,200.0,0.0
15743117,1,2,79.0,0.0
15742426,1,51,111.0,198.0
15741095,1,20,50.0,0.0
15740291,1,109,125.0,53.0
15736460,1,0,75.0,72.0
2085639,1,206,90.0,236.0
15805343,1,9,150.0,0.0
15798930,1,5,115.0,0.0
15798864,1,6,65.0,0.0
15793354,1,4,73.0,0.0
15792771,1,2,80.0,0.0
15792248,1,1,100.0,0.0
15789077,1,1,500.0,0.0
15786933,1,0,259.0,0.0
15784251,1,7,375.0,0.0
15783878,1,14,185.0,155.0
15783686,1,6,325.0,0.0
15778597,1,2,50.0,321.0
15775091,1,2,180.0,0.0
15774226,1,0,104.0,0.0
15772306,1,0,45.0,0.0
15767190,1,2,109.0,0.0
15835115,1,3,75.0,0.0
15833732,1,2,60.0,0.0
15824880,1,0,37.0,0.0
15824660,1,0,85.0,0.0
15823911,1,0,69.0,0.0
15822432,1,4,395.0,167.0
15821855,1,1,65.0,0.0
15819815,1,1,100.0,177.0
15817323,1,8,175.0,0.0
15817252,1,7,100.0,0.0
15815555,1,0,200.0,0.0
15815237,1,35,59.0,158.0
15815124,1,45,70.0,0.0
15811194,1,30,49.0,62.0
15809410,1,0,186.0,0.0
15807888,1,71,90.0,0.0
15878233,1,3,115.0,0.0
15873714,1,6,100.0,39.0
15873085,1,0,110.0,7.0
15872365,1,15,89.0,12.0
15870918,1,0,200.0,6.0
15869370,1,20,250.0,13.0
15867885,1,3,99.0,0.0
15864671,1,0,130.0,83.0
15863391,1,16,49.0,0.0
15859636,1,0,125.0,0.0
15858985,1,0,140.0,168.0
15854250,1,6,102.0,0.0
15853933,1,9,69.0,35.0
15853337,1,6,160.0,0.0
15851669,1,1,125.0,0.0
15835554,1,0,150.0,0.0
15927582,1,0,95.0,0.0
15919854,1,1,42.0,0.0
15907782,1,9,150.0,13.0
15905720,1,0,69.0,0.0
15904341,1,6,65.0,0.0
15904258,1,45,60.0,219.0
15901859,1,30,127.0,32.0
15899162,1,10,71.0,0.0
15899061,1,2,47.0,0.0
15897880,1,0,50.0,0.0
15897027,1,8,278.0,0.0
15894157,1,27,145.0,7.0
15892935,1,2,50.0,0.0
15891234,1,6,100.0,0.0
15890334,1,0,67.0,0.0
15887987,1,94,215.0,8.0
2075509,1,14,76.0,225.0
2074433,1,155,299.0,267.0
2074014,1,1,110.0,99.0
2073942,1,1,150.0,0.0
2073124,1,2,136.0,0.0
2072706,1,0,800.0,0.0
2069753,1,2,185.0,0.0
2068673,1,0,115.0,0.0
2068274,1,2,99.0,0.0
2066240,1,0,12.0,0.0
2065971,1,3,300.0,0.0
2065662,1,4,96.0,9.0
2063794,1,16,350.0,16.0
2063421,1,0,125.0,0.0
2061760,1,230,225.0,259.0
15927874,1,1,191.0,0.0
15989140,1,0,115.0,3.0
15985137,1,42,125.0,1.0
15984278,1,18,90.0,344.0
15980694,1,2,110.0,0.0
15978364,1,1,64.0,0.0
15969987,1,0,135.0,0.0
15967997,1,3,380.0,14.0
15960720,1,0,40.0,0.0
15960548,1,1,110.0,0.0
15954226,1,2,130.0,0.0
15942513,1,15,90.0,91.0
15941961,1,126,135.0,3.0
15932734,1,20,160.0,0.0
15931768,1,2,60.0,0.0
15929586,1,95,40.0,336.0
15928518,1,10,110.0,0.0
16024560,1,47,130.0,165.0
16024390,1,0,139.0,0.0
16020315,1,9,100.0,0.0
16018853,1,0,195.0,0.0
16015663,1,10,85.0,88.0
16006197,1,50,80.0,86.0
16006049,1,0,35.0,0.0
16005407,1,17,37.0,0.0
16004068,1,4,105.0,0.0
16003147,1,5,105.0,221.0
16003028,1,2,80.0,0.0
16000650,1,1,150.0,0.0
15999314,1,0,149.0,0.0
15998942,1,22,200.0,188.0
15995278,1,6,139.0,0.0
15989323,1,2,50.0,0.0
16068417,1,8,80.0,229.0
16067583,1,19,275.0,34.0
16066047,1,12,70.0,120.0
16065842,1,64,100.0,15.0
16065171,1,16,115.0,365.0
16064187,1,18,100.0,61.0
16064049,1,6,100.0,0.0
16063645,1,26,130.0,243.0
16058022,1,1,130.0,0.0
16057852,1,0,240.0,0.0
16056444,1,0,128.0,312.0
16055560,1,6,105.0,0.0
16051761,1,0,150.0,0.0
16035346,1,23,120.0,196.0
16030422,1,0,80.0,18.0
16026934,1,14,89.0,0.0
16101222,1,9,275.0,0.0
16100913,1,63,275.0,323.0
16099130,1,1,232.0,0.0
16094075,1,8,119.0,41.0
16092773,1,36,125.0,7.0
16091512,1,10,235.0,0.0
16089151,1,17,85.0,14.0
16085180,1,9,70.0,0.0
16083192,1,0,208.0,150.0
16081505,1,6,220.0,16.0
16072607,1,2,300.0,161.0
16072483,1,5,30.0,11.0
16070950,1,1,90.0,0.0
16069958,1,1,171.0,0.0
16069319,1,4,45.0,0.0
16068447,1,0,499.0,0.0
16142344,1,16,70.0,209.0
16141222,1,31,814.0,353.0
16140828,1,0,65.0,0.0
16121141,1,3,80.0,0.0
16118005,1,11,70.0,0.0
16114134,1,6,175.0,0.0
16112564,1,1,130.0,0.0
16110448,1,30,199.0,30.0
16110255,1,11,130.0,1.0
16109802,1,20,170.0,44.0
16108973,1,217,119.0,214.0
16108191,1,2,225.0,0.0
16107699,1,0,429.0,0.0
16107580,1,2,700.0,130.0
16106756,1,176,175.0,0.0
16103591,1,6,115.0,0.0
2060383,1,23,147.0,2.0
2059155,1,36,160.0,365.0
2058589,1,16,275.0,167.0
2058584,1,7,150.0,3.0
2055744,1,1,149.0,0.0
2055698,1,2,125.0,0.0
2055073,1,1,93.0,0.0
2054816,1,10,150.0,0.0
2053735,1,13,145.0,1.0
2052364,1,25,89.0,78.0
2052211,1,2,143.0,10.0
2051961,1,9,95.0,0.0
2050328,1,1,175.0,0.0
16152105,1,6,125.0,0.0
16149213,1,6,174.0,5.0
16144086,1,44,100.0,168.0
16205855,1,0,360.0,0.0
16205633,1,5,45.0,343.0
16205472,1,2,100.0,83.0
16204937,1,7,215.0,0.0
16200683,1,18,155.0,0.0
16183358,1,5,175.0,13.0
16179625,1,58,55.0,0.0
16177882,1,0,400.0,0.0
16176030,1,11,140.0,38.0
16173306,1,0,90.0,0.0
16164068,1,5,50.0,0.0
16158622,1,34,86.0,156.0
16156297,1,42,41.0,0.0
16154600,1,1,40.0,0.0
16154405,1,45,75.0,7.0
16152979,1,12,450.0,13.0
16251030,1,9,65.0,0.0
16245979,1,17,280.0,0.0
16240783,1,0,65.0,0.0
16240062,1,37,175.0,176.0
16237939,1,4,70.0,0.0
16237721,1,0,110.0,88.0
16237288,1,23,80.0,323.0
16234492,1,6,45.0,0.0
16223929,1,4,639.0,108.0
16222762,1,14,199.0,0.0
16221357,1,4,225.0,0.0
16219811,1,3,175.0,0.0
16217769,1,1,175.0,0.0
16214285,1,7,85.0,20.0
16212805,1,0,130.0,0.0
16212001,1,82,150.0,46.0
16276317,1,1,275.0,0.0
16273228,1,6,77.0,0.0
16273067,1,1,147.0,0.0
16272340,1,2,375.0,0.0
16266298,1,119,220.0,0.0
16264357,1,142,85.0,80.0
16262749,1,70,350.0,142.0
16262059,1,1,180.0,0.0
16261195,1,3,80.0,0.0
16260491,1,0,80.0,0.0
16260034,1,0,250.0,0.0
16259898,1,0,250.0,11.0
16258619,1,1,120.0,365.0
16255906,1,3,143.0,0.0
16254543,1,8,350.0,0.0
16253164,1,3,110.0,1.0
16308032,1,59,60.0,150.0
16307239,1,5,130.0,14.0
16307118,1,47,55.0,249.0
16306708,1,6,115.0,0.0
16304160,1,8,120.0,9.0
16303550,1,1,39.0,35.0
16302498,1,61,150.0,117.0
16301391,1,9,130.0,0.0
16300728,1,9,40.0,20.0
16300425,1,0,95.0,90.0
16297020,1,0,80.0,0.0
16296388,1,4,43.0,0.0
16288210,1,37,62.0,35.0
16282382,1,3,130.0,0.0
16279457,1,0,100.0,0.0
16278677,1,0,200.0,146.0
16352538,1,1,200.0,0.0
16351647,1,234,149.0,255.0
16347259,1,13,378.0,25.0
16345041,1,16,750.0,365.0
16345024,1,1,100.0,0.0
16339935,1,1,90.0,0.0
16333280,1,4,55.0,0.0
16329859,1,34,400.0,1.0
16329486,1,1,75.0,0.0
16328732,1,9,58.0,0.0
16326744,1,0,75.0,0.0
16325217,1,0,260.0,0.0
16319729,1,0,149.0,0.0
16310013,1,0,29.0,0.0
16308791,1,55,236.0,314.0
16308520,1,8,150.0,66.0
2048347,1,11,99.0,216.0
2045777,1,4,145.0,0.0
2045335,1,50,150.0,365.0
2044302,1,0,500.0,0.0
2042864,1,14,125.0,0.0
2042568,1,0,95.0,0.0
2039658,1,0,3600.0,358.0
2037149,1,143,149.0,254.0
2036797,1,20,180.0,0.0
2035472,1,2,85.0,89.0
2035326,1,2,225.0,0.0
2034361,1,0,145.0,0.0
2034343,1,0,80.0,0.0
2032408,1,2,225.0,0.0
16354887,1,0,109.0,16.0
16354583,1,2,30.0,0.0
16398154,1,8,149.0,0.0
16398038,1,2,260.0,145.0
16396888,1,3,250.0,0.0
16395150,1,10,265.0,0.0
16392320,1,122,199.0,70.0
16390627,1,1,55.0,0.0
16387794,1,203,200.0,271.0
16385595,1,26,105.0,285.0
16384390,1,9,175.0,50.0
16383743,1,0,180.0,0.0
16382059,1,18,115.0,0.0
16381764,1,36,190.0,358.0
16379550,1,0,270.0,0.0
16376419,1,2,88.0,101.0
16359827,1,0,299.0,83.0
16358757,1,5,80.0,8.0
16424639,1,1,87.0,13.0
16420977,1,0,140.0,0.0
16420179,1,2,125.0,0.0
16419280,1,76,215.0,245.0
16419236,1,2,190.0,21.0
16417917,1,17,100.0,0.0
16414560,1,1,100.0,0.0
16414492,1,6,45.0,0.0
16413765,1,57,98.0,30.0
16404967,1,17,90.0,64.0
16403250,1,18,240.0,24.0
16401899,1,61,120.0,1.0
16400950,1,4,91.0,0.0
16400151,1,10,45.0,0.0
16399575,1,13,45.0,0.0
16398769,1,0,200.0,0.0
16460889,1,4,175.0,0.0
16460821,1,2,139.0,0.0
16458904,1,12,168.0,58.0
16457426,1,14,145.0,332.0
16445934,1,2,100.0,0.0
16442583,1,6,50.0,0.0
16441670,1,52,77.0,198.0
16439835,1,0,100.0,332.0
16436459,1,30,175.0,48.0
16433878,1,5,350.0,0.0
16431082,1,0,144.0,92.0
16430857,1,13,78.0,0.0
16430584,1,3,250.0,0.0
16430135,1,3,80.0,0.0
16427090,1,2,229.0,0.0
16425715,1,134,80.0,227.0
16502641,1,10,93.0,2.0
16501606,1,15,100.0,89.0
16500110,1,118,140.0,316.0
16499705,1,5,70.0,0.0
16495440,1,0,85.0,10.0
16494382,1,0,20.0,89.0
16486125,1,0,60.0,7.0
16485294,1,6,75.0,0.0
16482147,1,44,128.0,88.0
16481892,1,0,75.0,0.0
16479647,1,8,99.0,0.0
16478353,1,6,65.0,0.0
16478255,1,0,100.0,362.0
16477306,1,21,16.0,9.0
16476167,1,0,250.0,365.0
16467711,1,2,75.0,0.0
16547637,1,1,65.0,0.0
16545323,1,14,288.0,222.0
16543733,1,9,160.0,109.0
16539899,1,0,50.0,0.0
16536815,1,14,170.0,0.0
16533479,1,3,80.0,105.0
16533401,1,0,130.0,0.0
16532782,1,0,160.0,0.0
16525423,1,48,200.0,312.0
16523946,1,41,200.0,246.0
16516195,1,22,90.0,13.0
16512899,1,0,200.0,0.0
16509617,1,0,100.0,0.0
16509287,1,14,155.0,172.0
16509151,1,2,79.0,85.0
16504161,1,8,110.0,0.0
16575725,1,7,120.0,0.0
16574437,1,29,175.0,190.0
16572957,1,3,130.0,0.0
16572955,1,112,90.0,349.0
16572048,1,5,80.0,0.0
16569491,1,9,20.0,0.0
16568093,1,1,50.0,0.0
16567193,1,0,80.0,90.0
16566615,1,18,166.0,48.0
16566001,1,11,36.0,0.0
16562278,1,1,150.0,5.0
16549535,1,6,50.0,0.0
16549175,1,0,40.0,0.0
16548665,1,5,80.0,0.0
16548316,1,0,70.0,0.0
16548032,1,4,115.0,0.0
16598550,1,2,200.0,0.0
16598048,1,1,248.0,0.0
16597520,1,6,60.0,156.0
16597509,1,1,55.0,28.0
16596850,1,0,300.0,0.0
16596728,1,9,149.0,74.0
16596651,1,7,125.0,0.0
16594445,1,22,39.0,82.0
16593547,1,124,139.0,231.0
16591767,1,51,169.0,91.0
16591072,1,1,168.0,0.0
16590533,1,2,130.0,26.0
16589150,1,14,79.0,0.0
16586817,1,55,86.0,17.0
16583238,1,12,125.0,0.0
16580725,1,89,128.0,32.0
16638733,1,0,149.0,0.0
16637631,1,24,260.0,45.0
16631094,1,1,80.0,365.0
16628226,1,0,100.0,0.0
16628063,1,26,90.0,297.0
16627758,1,3,38.0,0.0
16626798,1,0,65.0,0.0
16623502,1,43,105.0,13.0
16622969,1,8,45.0,0.0
16622685,1,30,250.0,173.0
16621177,1,232,140.0,326.0
16617981,1,2,40.0,0.0
16617640,1,2,99.0,0.0
16616941,1,0,125.0,0.0
16616158,1,22,85.0,0.0
16602154,1,1,60.0,0.0
2027404,1,46,160.0,254.0
2027134,1,81,269.0,122.0
2026554,1,14,89.0,0.0
2025836,1,2,150.0,0.0
2024671,1,4,200.0,0.0
2024620,1,9,350.0,130.0
2024430,1,1,150.0,0.0
2023993,1,35,65.0,52.0
2021640,1,28,182.0,64.0
2021231,1,1,159.0,0.0
2021121,1,319,125.0,357.0
2020556,1,0,50.0,0.0
2020431,1,134,225.0,231.0
2019933,1,3,200.0,321.0
16639428,1,10,200.0,218.0
16639377,1,0,150.0,0.0
16683784,1,5,72.0,0.0
16682678,1,3,102.0,0.0
16682397,1,5,190.0,0.0
16680861,1,138,189.0,203.0
16680791,1,3,180.0,0.0
16678513,1,30,275.0,20.0
16677444,1,147,99.0,4.0
16676759,1,10,180.0,48.0
16675838,1,0,299.0,0.0
16674870,1,0,102.0,0.0
16669342,1,0,100.0,0.0
16666294,1,23,215.0,187.0
16662303,1,2,50.0,0.0
16652171,1,65,94.0,54.0
16641806,1,112,195.0,262.0
16641743,1,1,140.0,0.0
16721721,1,18,65.0,0.0
16718896,1,25,145.0,0.0
16718650,1,0,250.0,0.0
16718001,1,15,50.0,0.0
16714191,1,6,160.0,351.0
16713679,1,9,295.0,88.0
16713474,1,55,220.0,306.0
16708043,1,42,85.0,0.0
16705993,1,7,70.0,65.0
16702803,1,2,70.0,0.0
16696505,1,2,180.0,0.0
16686968,1,114,55.0,270.0
16686426,1,10,65.0,0.0
16685637,1,0,400.0,87.0
16684717,1,2,50.0,0.0
16684382,1,25,150.0,0.0
16755566,1,5,69.0,0.0
16754308,1,4,59.0,52.0
16753104,1,5,160.0,0.0
16753102,1,8,130.0,0.0
16752839,1,14,225.0,0.0
16751902,1,2,44.0,0.0
16746108,1,0,45.0,0.0
16744487,1,0,130.0,0.0
16740102,1,0,52.0,0.0
16727881,1,1,40.0,363.0
16727332,1,0,85.0,0.0
16725437,1,8,59.0,177.0
16725289,1,1,150.0,0.0
16725099,1,1,160.0,0.0
16722828,1,3,58.0,0.0
16722827,1,62,90.0,320.0
16798055,1,186,125.0,193.0
16794494,1,9,200.0,0.0
16792201,1,5,190.0,0.0
16790098,1,216,105.0,70.0
16789954,1,2,130.0,0.0
16784527,1,47,150.0,0.0
16782911,1,8,100.0,57.0
16782665,1,28,200.0,0.0
16779679,1,3,200.0,0.0
16777963,1,85,785.0,331.0
16775193,1,1,150.0,0.0
16768238,1,0,215.0,0.0
16765013,1,53,145.0,14.0
16762482,1,16,49.0,0.0
16761703,1,0,200.0,0.0
16756301,1,70,249.0,266.0
2018172,1,2,80.0,0.0
2018042,1,59,215.0,335.0
2017752,1,243,88.0,217.0
2014720,1,11,95.0,168.0
2014051,1,7,86.0,75.0
2013117,1,16,147.0,0.0
2011899,1,1,70.0,2.0
2011313,1,3,100.0,6.0
2011110,1,5,300.0,0.0
2010787,1,0,297.0,276.0
16828799,1,0,110.0,0.0
16826094,1,1,100.0,0.0
16810685,1,173,183.0,271.0
16809858,1,6,169.0,280.0
16809056,1,29,120.0,0.0
16798487,1,0,400.0,0.0
16866694,1,13,100.0,13.0
16864813,1,38,300.0,272.0
16862745,1,8,250.0,310.0
16862116,1,5,84.0,364.0
16860700,1,0,91.0,0.0
16856181,1,3,30.0,0.0
16855791,1,47,65.0,238.0
16853124,1,2,75.0,0.0
16840416,1,1,225.0,0.0
16838156,1,5,185.0,2.0
16836964,1,1,150.0,0.0
16836897,1,13,180.0,0.0
16835514,1,16,250.0,41.0
2019832,1,14,245.0,65.0
2019485,1,0,103.0,40.0
2019135,1,4,175.0,26.0
16904031,1,0,175.0,0.0
16903474,1,0,280.0,219.0
16899697,1,2,250.0,0.0
16899478,1,0,55.0,0.0
16897284,1,35,325.0,141.0
16884931,1,28,140.0,170.0
16884548,1,8,62.0,175.0
16883913,1,0,45.0,0.0
16883036,1,55,46.0,346.0
16881166,1,0,200.0,82.0
16879147,1,55,125.0,348.0
16878736,1,16,55.0,311.0
16874459,1,4,425.0,0.0
16872923,1,8,370.0,365.0
16872537,1,0,84.0,0.0
16868847,1,0,129.0,0.0
16934136,1,0,65.0,0.0
16932691,1,5,70.0,0.0
16932515,1,2,375.0,178.0
16931119,1,1,200.0,27.0
16929791,1,2,70.0,32.0
16928139,1,51,50.0,36.0
16927633,1,9,350.0,0.0
16926937,1,4,200.0,0.0
16923190,1,19,89.0,0.0
16919131,1,56,90.0,60.0
16919101,1,28,70.0,0.0
16914467,1,4,150.0,0.0
16911296,1,11,129.0,0.0
16909313,1,1,200.0,0.0
16908803,1,2,130.0,0.0
16906759,1,58,100.0,9.0
16962600,1,4,125.0,0.0
16960158,1,31,99.0,0.0
16956704,1,2,75.0,0.0
16955151,1,10,195.0,3.0
16954523,1,4,55.0,95.0
16954469,1,2,160.0,364.0
16951458,1,16,50.0,0.0
16950644,1,2,85.0,42.0
16949652,1,0,275.0,0.0
16948705,1,3,22.0,0.0
16947579,1,8,40.0,289.0
16947051,1,11,300.0,0.0
16946950,1,0,125.0,0.0
16945810,1,1,250.0,0.0
16942970,1,49,200.0,25.0
16941743,1,36,40.0,0.0
16995590,1,45,100.0,360.0
16995499,1,0,75.0,0.0
16989237,1,17,158.0,0.0
16978300,1,0,225.0,0.0
16978260,1,0,70.0,365.0
16977462,1,38,125.0,54.0
16974369,1,5,75.0,0.0
16973022,1,4,50.0,0.0
16970101,1,8,175.0,0.0
16970067,1,0,105.0,0.0
16969920,1,3,110.0,0.0
16968641,1,18,185.0,31.0
16968100,1,0,150.0,299.0
16965783,1,17,56.0,228.0
16963619,1,0,139.0,134.0
16962694,1,3,69.0,0.0
17019706,1,0,75.0,0.0
17018997,1,1,85.0,0.0
17017530,1,1,89.0,188.0
17016231,1,5,69.0,0.0
17015479,1,3,85.0,89.0
17015217,1,82,175.0,0.0
17014518,1,0,180.0,0.0
17012496,1,1,45.0,0.0
17011664,1,1,86.0,43.0
17005953,1,3,110.0,0.0
17005572,1,25,70.0,64.0
17003476,1,6,72.0,83.0
17001535,1,1,175.0,347.0
17001409,1,5,40.0,0.0
17000648,1,33,97.0,0.0
16997863,1,32,62.0,42.0
17065184,1,211,71.0,6.0
17056215,1,28,180.0,0.0
17052634,1,0,100.0,0.0
17051015,1,0,175.0,0.0
17049693,1,8,70.0,0.0
17048787,1,5,80.0,13.0
17043144,1,1,55.0,0.0
17041154,1,35,210.0,170.0
17040751,1,0,150.0,0.0
17036912,1,153,200.0,260.0
17032761,1,5,400.0,0.0
17031708,1,1,500.0,180.0
17028800,1,1,90.0,0.0
17026738,1,6,95.0,0.0
17023017,1,0,80.0,0.0
17022165,1,29,159.0,209.0
17122110,1,193,210.0,169.0
17110907,1,1,180.0,0.0
17108681,1,10,265.0,3.0
17108566,1,0,180.0,0.0
17106992,1,1,200.0,0.0
17101801,1,3,150.0,287.0
17099762,1,0,80.0,0.0
17098527,1,2,200.0,39.0
17090405,1,2,100.0,0.0
17087544,1,26,150.0,0.0
17085442,1,85,95.0,0.0
17084566,1,13,120.0,0.0
17079377,1,12,50.0,0.0
17076157,1,5,85.0,0.0
17075886,1,2,280.0,0.0
17065519,1,1,89.0,0.0
2010460,1,31,80.0,28.0
2010157,1,92,120.0,54.0
2009585,1,13,145.0,0.0
2008510,1,3,65.0,75.0
2007928,1,195,229.0,254.0
2007724,1,9,150.0,78.0
2007148,1,4,156.0,0.0
2006712,1,0,125.0,365.0
2005927,1,2,200.0,0.0
2005740,1,19,300.0,84.0
2005639,1,0,150.0,0.0
2001524,1,97,750.0,47.0
2000711,1,86,137.0,191.0
2000143,1,24,100.0,2.0
1999466,1,25,220.0,5.0
17122534,1,1,350.0,0.0
17151691,1,0,110.0,0.0
17151343,1,60,78.0,0.0
17150107,1,0,161.0,0.0
17145227,1,3,206.0,12.0
17141160,1,0,130.0,0.0
17139611,1,1,375.0,0.0
17138432,1,10,130.0,0.0
17132917,1,1,80.0,0.0
17132728,1,1,290.0,0.0
17131739,1,1,139.0,0.0
17131554,1,128,220.0,239.0
17130866,1,10,99.0,0.0
17130308,1,7,200.0,0.0
17126502,1,10,144.0,43.0
17126336,1,4,190.0,59.0
17125526,1,1,100.0,0.0
17174170,1,4,74.0,0.0
17171841,1,149,79.0,290.0
17170345,1,118,47.0,310.0
17170106,1,3,250.0,0.0
17169449,1,225,55.0,15.0
17167740,1,34,93.0,34.0
17164818,1,33,189.0,271.0
17163531,1,0,65.0,0.0
17161465,1,36,95.0,245.0
17159358,1,7,289.0,0.0
17157906,1,8,205.0,0.0
17156658,1,50,45.0,145.0
17156530,1,0,110.0,0.0
17155244,1,4,155.0,0.0
17153180,1,1,50.0,0.0
17153037,1,25,125.0,270.0
17218010,1,17,175.0,0.0
17215584,1,2,189.0,339.0
17211451,1,0,84.0,39.0
17208512,1,4,75.0,0.0
17206543,1,7,99.0,0.0
17204066,1,21,70.0,4.0
17200390,1,0,60.0,14.0
17199564,1,2,170.0,0.0
17198795,1,1,255.0,341.0
17196239,1,7,250.0,170.0
17193773,1,12,245.0,13.0
17190169,1,19,349.0,358.0
17184568,1,1,60.0,0.0
17183013,1,47,60.0,134.0
17181881,1,1,128.0,0.0
17176974,1,8,199.0,0.0
17247205,1,1,240.0,0.0
17247001,1,3,140.0,13.0
17246368,1,43,45.0,302.0
17243984,1,0,90.0,0.0
17243187,1,9,180.0,87.0
17241205,1,21,129.0,0.0
17239096,1,6,100.0,0.0
17234494,1,2,65.0,0.0
17232044,1,7,84.0,24.0
17227959,1,3,56.0,0.0
17224426,1,180,56.0,0.0
17224262,1,5,100.0,3.0
17224232,1,3,30.0,46.0
17221402,1,22,75.0,0.0
17218916,1,48,500.0,365.0
17218599,1,2,50.0,0.0
17278356,1,14,230.0,0.0
17274880,1,5,35.0,0.0
17271293,1,38,60.0,0.0
17265086,1,18,150.0,0.0
17263290,1,0,45.0,0.0
17262002,1,1,70.0,0.0
17261462,1,3,140.0,0.0
17261034,1,1,95.0,0.0
17260320,1,7,75.0,0.0
17259675,1,3,60.0,0.0
17259339,1,26,100.0,0.0
17258663,1,1,120.0,0.0
17256091,1,0,150.0,0.0
17254282,1,3,220.0,0.0
17250625,1,51,50.0,26.0
17247848,1,31,95.0,90.0
17330141,1,33,105.0,45.0
17328806,1,8,90.0,324.0
17328624,1,9,200.0,166.0
17326743,1,9,130.0,0.0
17322419,1,0,750.0,365.0
17322363,1,2,189.0,0.0
17314413,1,10,120.0,4.0
17312709,1,4,140.0,0.0
17301301,1,11,110.0,0.0
17300177,1,4,180.0,13.0
17290200,1,1,50.0,0.0
17289499,1,12,140.0,4.0
17286936,1,79,160.0,271.0
17285612,1,5,75.0,0.0
17285102,1,2,100.0,84.0
17281607,1,2,100.0,0.0
17381128,1,0,40.0,0.0
17379828,1,0,75.0,7.0
17377835,1,0,250.0,364.0
17371775,1,3,41.0,0.0
17370376,1,19,55.0,281.0
17361902,1,1,99.0,1.0
17349726,1,8,89.0,88.0
17347754,1,10,119.0,0.0
17347275,1,2,190.0,0.0
17346516,1,0,200.0,10.0
17345576,1,0,65.0,342.0
17339848,1,5,175.0,0.0
17338440,1,1,50.0,0.0
17334910,1,0,60.0,0.0
17330515,1,3,78.0,73.0
17330506,1,0,75.0,43.0
17419817,1,11,96.0,0.0
17414475,1,51,63.0,6.0
17413870,1,5,295.0,140.0
17412395,1,55,75.0,35.0
17408676,1,5,195.0,0.0
17407870,1,24,197.0,232.0
17407539,1,1,40.0,35.0
17400431,1,32,179.0,12.0
17393160,1,3,125.0,0.0
17392429,1,0,180.0,329.0
17389236,1,107,215.0,47.0
17385374,1,0,301.0,83.0
17383399,1,0,175.0,0.0
17382996,1,152,90.0,299.0
17382690,1,100,100.0,6.0
17382149,1,48,110.0,0.0
1998560,1,0,150.0,0.0
1996771,1,122,140.0,275.0
1996265,1,67,90.0,301.0
1995636,1,1,225.0,108.0
1995093,1,24,199.0,0.0
1994261,1,1,150.0,0.0
1993978,1,8,495.0,0.0
1992020,1,2,199.0,0.0
1991700,1,0,150.0,0.0
1990602,1,2,60.0,0.0
1989327,1,17,250.0,5.0
1985759,1,32,90.0,50.0
1985717,1,6,85.0,363.0
1982425,1,2,95.0,335.0
17423162,1,1,80.0,0.0
17420574,1,4,55.0,0.0
17464442,1,3,125.0,0.0
17459413,1,14,98.0,145.0
17457445,1,0,225.0,0.0
17456385,1,0,150.0,0.0
17452999,1,0,95.0,0.0
17452232,1,9,70.0,0.0
17451048,1,1,85.0,0.0
17450462,1,45,65.0,290.0
17449165,1,7,250.0,0.0
17448220,1,138,130.0,254.0
17444700,1,4,250.0,4.0
17428620,1,1,119.0,0.0
17426621,1,0,195.0,39.0
17425841,1,0,99.0,0.0
1999224,1,1,180.0,0.0
1998676,1,16,130.0,217.0
17500155,1,5,100.0,0.0
17497762,1,1,60.0,0.0
17493980,1,0,80.0,67.0
17491348,1,1,60.0,0.0
17490821,1,1,100.0,0.0
17487184,1,0,150.0,0.0
17486785,1,0,45.0,0.0
17478311,1,5,129.0,0.0
17478161,1,43,150.0,10.0
17475146,1,1,70.0,0.0
17473615,1,1,130.0,0.0
17473098,1,0,150.0,0.0
17470984,1,7,89.0,317.0
17465563,1,177,69.0,285.0
17465490,1,1,180.0,0.0
17464499,1,3,75.0,0.0
17535511,1,0,150.0,0.0
17530762,1,1,62.0,0.0
17529252,1,1,87.0,0.0
17525930,1,35,65.0,0.0
17525654,1,0,160.0,0.0
17524733,1,2,65.0,19.0
17522037,1,0,75.0,23.0
17520527,1,1,150.0,0.0
17518954,1,44,79.0,91.0
17518837,1,1,72.0,0.0
17510243,1,27,300.0,347.0
17507617,1,21,60.0,75.0
17507326,1,1,107.0,90.0
17507097,1,3,300.0,0.0
17506009,1,12,200.0,6.0
17502474,1,0,600.0,0.0
17578498,1,9,77.0,0.0
17576229,1,1,130.0,83.0
17575348,1,3,200.0,0.0
17568735,1,3,135.0,0.0
17558599,1,4,150.0,5.0
17557243,1,0,60.0,0.0
17551179,1,0,225.0,0.0
17550956,1,48,142.0,329.0
17550546,1,2,180.0,365.0
17548709,1,0,60.0,0.0
17548437,1,58,150.0,37.0
17546682,1,1,125.0,0.0
17544112,1,137,170.0,302.0
17543924,1,8,50.0,0.0
17540607,1,2,295.0,0.0
17536826,1,0,270.0,0.0
17616305,1,127,90.0,58.0
17615713,1,19,108.0,21.0
17607789,1,0,59.0,0.0
17607084,1,0,150.0,0.0
17605950,1,48,99.0,0.0
17604711,1,5,135.0,12.0
17604079,1,1,170.0,0.0
17601552,1,0,75.0,0.0
17598715,1,0,200.0,0.0
17598541,1,12,45.0,150.0
17592675,1,0,400.0,0.0
17592620,1,19,318.0,268.0
17592183,1,1,150.0,0.0
17591452,1,14,85.0,0.0
17583134,1,9,220.0,0.0
17579903,1,14,700.0,258.0
1982209,1,93,225.0,0.0
1981742,1,38,135.0,253.0
1978841,1,6,950.0,274.0
1977947,1,0,100.0,0.0
1976287,1,5,145.0,0.0
1975628,1,0,250.0,0.0
1974661,1,177,299.0,91.0
1974637,1,2,400.0,83.0
1974292,1,19,199.0,297.0
1973165,1,3,100.0,100.0
1971850,1,0,135.0,0.0
1971142,1,205,140.0,294.0
1970839,1,0,350.0,0.0
1968682,1,0,50.0,0.0
1968502,1,61,100.0,188.0
17617027,1,2,100.0,0.0
17655984,1,0,168.0,29.0
17653796,1,27,45.0,16.0
17643263,1,14,120.0,0.0
17634934,1,0,135.0,0.0
17631246,1,20,150.0,0.0
17631089,1,2,45.0,0.0
17627575,1,15,38.0,0.0
17624300,1,8,44.0,357.0
17622034,1,0,78.0,5.0
17621913,1,0,100.0,239.0
17620937,1,3,150.0,35.0
17619450,1,4,69.0,0.0
17618432,1,3,215.0,0.0
17618198,1,2,100.0,365.0
17617821,1,5,99.0,23.0
1982268,1,13,220.0,0.0
17691352,1,3,75.0,0.0
17689167,1,2,342.0,40.0
17687105,1,0,80.0,0.0
17686601,1,0,155.0,0.0
17682620,1,0,300.0,34.0
17682312,1,0,84.0,0.0
17682043,1,5,85.0,0.0
17681072,1,12,275.0,358.0
17675081,1,0,125.0,0.0
17673366,1,1,60.0,0.0
17672941,1,6,100.0,9.0
17672907,1,7,30.0,0.0
17671924,1,2,100.0,0.0
17671787,1,5,550.0,358.0
17665952,1,2,75.0,0.0
17658078,1,11,79.0,0.0
17739111,1,17,129.0,64.0
17737666,1,48,140.0,0.0
17737517,1,0,65.0,0.0
17730490,1,18,175.0,0.0
17728651,1,0,57.0,7.0
17727305,1,48,270.0,172.0
17726859,1,1,150.0,0.0
17726658,1,28,95.0,292.0
17719747,1,20,250.0,323.0
17719708,1,17,69.0,77.0
17714726,1,11,140.0,10.0
17714108,1,8,129.0,0.0
17711637,1,3,210.0,0.0
17707106,1,22,175.0,0.0
17696653,1,2,100.0,365.0
17692768,1,11,175.0,0.0
17773625,1,73,600.0,282.0
17772042,1,0,195.0,0.0
17770682,1,0,70.0,0.0
17770598,1,0,79.0,0.0
17770322,1,8,125.0,191.0
17768644,1,1,65.0,0.0
17767705,1,3,90.0,0.0
17766980,1,5,65.0,0.0
17764574,1,0,60.0,0.0
17764174,1,0,210.0,365.0
17763535,1,0,1300.0,0.0
17760140,1,2,190.0,4.0
17753630,1,0,150.0,0.0
17752872,1,2,45.0,0.0
17742578,1,0,79.0,0.0
17739345,1,0,89.0,0.0
17820666,1,4,198.0,0.0
17820464,1,358,145.0,3.0
17820079,1,191,130.0,0.0
17814794,1,17,59.0,79.0
17813973,1,6,86.0,1.0
17799362,1,1,60.0,0.0
17796102,1,4,90.0,58.0
17794638,1,4,75.0,0.0
17794202,1,2,65.0,0.0
17791294,1,0,110.0,0.0
17790870,1,2,83.0,0.0
17790600,1,0,150.0,127.0
17788946,1,19,175.0,3.0
17787106,1,2,75.0,0.0
17781037,1,2,95.0,0.0
17778872,1,0,350.0,0.0
17861935,1,0,70.0,0.0
17860156,1,3,60.0,0.0
17853061,1,4,120.0,0.0
17848497,1,2,35.0,0.0
17845933,1,3,300.0,9.0
17845064,1,0,150.0,364.0
17844480,1,0,130.0,2.0
17842449,1,0,40.0,83.0
17842138,1,11,170.0,24.0
17840677,1,77,50.0,3.0
17831516,1,0,35.0,235.0
17827404,1,7,30.0,320.0
17826780,1,1,250.0,60.0
17825521,1,5,134.0,13.0
17824959,1,1,50.0,0.0
17822208,1,0,175.0,0.0
17888644,1,39,200.0,19.0
17887542,1,1,138.0,0.0
17885257,1,0,180.0,0.0
17883343,1,0,125.0,0.0
17879753,1,2,102.0,0.0
17879327,1,3,90.0,47.0
17877401,1,2,75.0,341.0
17875227,1,4,55.0,3.0
17874864,1,31,200.0,365.0
17871320,1,16,150.0,66.0
17871237,1,0,250.0,0.0
17870643,1,0,195.0,0.0
17869274,1,0,202.0,23.0
17868326,1,1,80.0,0.0
17867234,1,8,37.0,157.0
17862696,1,2,295.0,326.0
17921511,1,2,99.0,0.0
17920926,1,8,270.0,0.0
17920050,1,9,308.0,0.0
17917168,1,26,100.0,0.0
17911536,1,0,98.0,0.0
17910174,1,0,160.0,0.0
17906693,1,62,200.0,304.0
17906387,1,1,26.0,0.0
17898332,1,7,150.0,0.0
17898189,1,24,180.0,0.0
17896706,1,58,399.0,158.0
17893360,1,18,109.0,0.0
17893196,1,5,145.0,5.0
17892150,1,35,60.0,5.0
17891677,1,64,200.0,329.0
17891224,1,0,138.0,0.0
1968327,1,6,70.0,365.0
1967871,1,185,115.0,163.0
1967818,1,0,110.0,105.0
1966537,1,13,105.0,0.0
1965972,1,27,225.0,169.0
1965783,1,3,245.0,0.0
1965001,1,0,150.0,66.0
1964249,1,50,146.0,0.0
1963215,1,5,150.0,79.0
1961818,1,1,140.0,0.0
1961411,1,2,200.0,0.0
1960189,1,106,159.0,34.0
1952186,1,7,145.0,270.0
17927023,1,64,115.0,89.0
17926275,1,7,90.0,6.0
17921968,1,103,198.0,0.0
17985595,1,26,375.0,147.0
17984997,1,0,475.0,101.0
17984804,1,0,200.0,308.0
17982486,1,13,250.0,274.0
17981316,1,0,410.0,18.0
17980647,1,0,425.0,0.0
17968226,1,0,175.0,24.0
17966682,1,5,179.0,365.0
17958831,1,116,120.0,261.0
17958459,1,39,179.0,113.0
17953139,1,9,175.0,255.0
17950129,1,1,71.0,20.0
17942384,1,2,129.0,0.0
17938076,1,0,200.0,365.0
17929902,1,163,90.0,25.0
17927814,1,0,27.0,0.0
18037301,1,0,4000.0,173.0
18032197,1,25,100.0,0.0
18030682,1,46,100.0,0.0
18030603,1,3,63.0,0.0
18023496,1,1,100.0,0.0
18022132,1,1,175.0,39.0
18018059,1,157,122.0,235.0
18014128,1,62,65.0,336.0
18011536,1,0,125.0,0.0
18008945,1,50,100.0,12.0
18007143,1,12,57.0,51.0
18004909,1,1,95.0,9.0
18002339,1,1,60.0,0.0
18002193,1,20,138.0,265.0
17995733,1,0,75.0,0.0
17988586,1,7,175.0,0.0
18090278,1,1,125.0,55.0
18081869,1,1,173.0,0.0
18080415,1,0,188.0,0.0
18062807,1,5,399.0,365.0
18061262,1,7,115.0,5.0
18060780,1,1,65.0,0.0
18056150,1,1,100.0,0.0
18052038,1,0,175.0,0.0
18051675,1,0,150.0,0.0
18051286,1,0,50.0,0.0
18051112,1,12,129.0,0.0
18048584,1,2,125.0,0.0
18042477,1,0,160.0,59.0
18041691,1,5,225.0,0.0
18038832,1,29,230.0,0.0
18037444,1,1,213.0,0.0
18138735,1,72,180.0,25.0
18128455,1,2,8500.0,251.0
18121246,1,3,289.0,0.0
18118610,1,0,120.0,0.0
18115545,1,15,129.0,204.0
18115202,1,0,85.0,0.0
18113574,1,1,200.0,0.0
18111963,1,0,75.0,0.0
18109057,1,1,75.0,53.0
18108212,1,81,108.0,328.0
18105672,1,1,90.0,0.0
18104303,1,23,110.0,93.0
18104054,1,1,160.0,0.0
18094896,1,21,265.0,334.0
18091877,1,20,120.0,31.0
18091740,1,1,70.0,0.0
18156463,1,0,149.0,0.0
18151946,1,17,94.0,0.0
18151522,1,0,73.0,0.0
18150845,1,61,145.0,257.0
18149022,1,0,225.0,365.0
18147523,1,14,50.0,0.0
18146661,1,192,180.0,60.0
18146582,1,2,280.0,0.0
18146050,1,5,38.0,0.0
18143446,1,1,250.0,52.0
18142892,1,1,95.0,0.0
18142696,1,5,160.0,0.0
18142449,1,0,350.0,22.0
18140569,1,55,89.0,0.0
18139709,1,1,190.0,0.0
18139498,1,16,95.0,10.0
18195071,1,0,160.0,0.0
18193304,1,10,80.0,102.0
18192430,1,53,80.0,0.0
18189742,1,0,140.0,0.0
18189519,1,146,184.0,143.0
18186682,1,2,78.0,15.0
18184562,1,2,200.0,0.0
18183596,1,61,150.0,365.0
18183144,1,33,91.0,90.0
18177436,1,3,45.0,0.0
18170442,1,0,165.0,0.0
18168381,1,7,45.0,0.0
18167404,1,0,150.0,0.0
18165343,1,59,195.0,0.0
18159034,1,1,190.0,0.0
18156556,1,15,97.0,0.0
18225315,1,14,135.0,0.0
18223173,1,0,195.0,0.0
18221107,1,36,65.0,249.0
18219988,1,103,80.0,0.0
18218495,1,11,58.0,88.0
18217011,1,95,60.0,323.0
18215000,1,1,60.0,0.0
18213484,1,8,300.0,30.0
18212957,1,5,115.0,0.0
18210699,1,1,70.0,220.0
18198859,1,59,175.0,307.0
18198406,1,13,45.0,0.0
18198110,1,6,135.0,0.0
18197578,1,12,100.0,4.0
18197365,1,11,70.0,9.0
18197276,1,13,85.0,0.0
1941852,1,17,80.0,0.0
1940275,1,19,170.0,184.0
1940153,1,3,199.0,67.0
1939728,1,4,99.0,335.0
1939680,1,5,60.0,3.0
1939376,1,24,48.0,304.0
1939202,1,2,200.0,0.0
1938669,1,15,185.0,7.0
1935605,1,116,250.0,0.0
1935291,1,93,105.0,70.0
1932969,1,0,40.0,0.0
18254321,1,1,200.0,22.0
18252465,1,2,225.0,0.0
18248926,1,84,36.0,347.0
18240752,1,7,47.0,0.0
18225837,1,18,50.0,157.0
18276764,1,37,198.0,0.0
18272570,1,43,119.0,0.0
18272255,1,77,150.0,142.0
18270371,1,10,148.0,0.0
18270150,1,68,219.0,122.0
18268348,1,12,110.0,0.0
18264569,1,35,125.0,315.0
18264329,1,47,85.0,299.0
18263672,1,3,100.0,35.0
18261318,1,16,149.0,0.0
18260424,1,1,73.0,0.0
18260128,1,8,125.0,0.0
18254730,1,6,192.0,8.0
18254644,1,131,100.0,108.0
1946840,1,21,185.0,27.0
1943161,1,62,97.0,326.0
18318834,1,12,50.0,0.0
18314550,1,6,175.0,18.0
18305503,1,3,130.0,0.0
18297103,1,57,80.0,253.0
18294695,1,2,102.0,0.0
18290840,1,3,120.0,0.0
18289867,1,3,55.0,0.0
18288234,1,0,379.0,333.0
18287550,1,3,250.0,0.0
18287406,1,0,51.0,0.0
18286622,1,8,150.0,0.0
18284376,1,0,150.0,0.0
18283992,1,2,250.0,0.0
18281493,1,8,180.0,0.0
18280205,1,32,200.0,8.0
18277294,1,1,40.0,0.0
18388649,1,0,100.0,364.0
18388112,1,4,175.0,0.0
18382740,1,35,99.0,326.0
18381155,1,3,90.0,0.0
18370504,1,5,65.0,0.0
18362341,1,0,35.0,0.0
18351549,1,3,221.0,0.0
18351258,1,29,250.0,0.0
18343265,1,18,65.0,0.0
18342421,1,5,175.0,0.0
18338590,1,0,120.0,147.0
18335748,1,22,60.0,46.0
18330683,1,15,63.0,0.0
18329648,1,0,40.0,0.0
18327839,1,5,115.0,0.0
18327084,1,0,240.0,83.0
18451417,1,75,39.0,52.0
18438941,1,0,100.0,0.0
18419593,1,126,76.0,12.0
18418244,1,3,85.0,83.0
18416970,1,14,103.0,19.0
18416898,1,13,65.0,83.0
18416371,1,4,250.0,0.0
18413613,1,72,60.0,16.0
18412434,1,52,85.0,24.0
18408365,1,0,275.0,0.0
18405989,1,0,150.0,0.0
18404082,1,1,89.0,65.0
18403410,1,3,150.0,0.0
18393872,1,2,85.0,0.0
18392694,1,0,100.0,146.0
18389214,1,3,274.0,238.0
18506733,1,2,59.0,0.0
18497228,1,0,1200.0,365.0
18494627,1,1,40.0,15.0
18492106,1,12,50.0,0.0
18489745,1,2,86.0,0.0
18485718,1,16,72.0,0.0
18483938,1,1,180.0,0.0
18481481,1,265,90.0,36.0
18481424,1,3,100.0,0.0
18481203,1,15,150.0,0.0
18471568,1,5,135.0,0.0
18466740,1,7,80.0,300.0
18466353,1,0,180.0,214.0
18464253,1,0,180.0,317.0
18462292,1,2,200.0,0.0
18458368,1,38,110.0,0.0
18569998,1,4,100.0,11.0
18569725,1,21,150.0,0.0
18567895,1,6,250.0,0.0
18567068,1,4,150.0,0.0
18566028,1,11,78.0,0.0
18565670,1,26,49.0,362.0
18556644,1,0,150.0,358.0
18554986,1,2,70.0,0.0
18554823,1,85,110.0,52.0
18550483,1,0,197.0,158.0
18549793,1,1,80.0,10.0
18547000,1,28,60.0,248.0
18527346,1,5,60.0,0.0
18523979,1,4,80.0,330.0
18515933,1,10,70.0,18.0
18511357,1,1,60.0,0.0
18602194,1,2,125.0,45.0
18601618,1,2,175.0,0.0
18600674,1,128,103.0,358.0
18598201,1,55,1000.0,37.0
18597974,1,0,65.0,0.0
18595434,1,7,95.0,0.0
18595156,1,68,100.0,364.0
18594883,1,2,51.0,23.0
18594426,1,9,99.0,0.0
18591697,1,4,55.0,0.0
18587989,1,0,120.0,0.0
18576994,1,6,100.0,0.0
18576070,1,2,150.0,143.0
18575991,1,5,129.0,0.0
18572906,1,4,55.0,0.0
18570567,1,0,200.0,0.0
18671223,1,1,45.0,0.0
18668835,1,0,190.0,0.0
18660750,1,76,50.0,324.0
18655355,1,22,128.0,329.0
18654847,1,0,74.0,0.0
18653145,1,3,185.0,128.0
18652590,1,0,185.0,0.0
18646528,1,6,165.0,0.0
18632318,1,2,101.0,0.0
18625208,1,4,85.0,0.0
18616281,1,10,100.0,0.0
18609785,1,9,155.0,5.0
18609156,1,2,115.0,0.0
18605510,1,0,45.0,0.0
18605299,1,2,99.0,0.0
18604887,1,3,50.0,7.0
18747504,1,1,100.0,0.0
18746337,1,5,250.0,204.0
18743582,1,21,60.0,0.0
18730893,1,0,95.0,0.0
18727732,1,12,160.0,0.0
18726889,1,2,150.0,0.0
18718315,1,25,75.0,249.0
18693665,1,216,99.0,321.0
18693139,1,5,105.0,273.0
18692297,1,18,44.0,349.0
18691064,1,2,120.0,0.0
18690148,1,22,200.0,2.0
18683197,1,0,179.0,342.0
18682781,1,4,75.0,90.0
18681479,1,111,75.0,348.0
18674671,1,12,60.0,0.0
18825679,1,9,96.0,0.0
18824752,1,42,70.0,20.0
18811278,1,0,150.0,0.0
18810552,1,0,80.0,0.0
18802626,1,25,45.0,29.0
18799694,1,0,300.0,0.0
18784994,1,0,60.0,0.0
18782603,1,2,50.0,0.0
18776880,1,4,155.0,0.0
18770940,1,16,50.0,0.0
18768995,1,34,90.0,231.0
18767788,1,25,126.0,30.0
18767676,1,0,149.0,0.0
18763685,1,8,330.0,5.0
18762837,1,3,130.0,0.0
18762580,1,0,200.0,87.0
18882408,1,7,108.0,0.0
18881301,1,0,66.0,0.0
18880856,1,82,120.0,328.0
18876264,1,0,200.0,0.0
18874653,1,5,175.0,40.0
18874199,1,27,75.0,0.0
18873268,1,3,75.0,0.0
18873232,1,7,150.0,261.0
18869247,1,9,80.0,53.0
18866837,1,2,65.0,0.0
18844442,1,16,100.0,0.0
18840786,1,1,95.0,0.0
18838868,1,14,195.0,0.0
18834080,1,101,130.0,0.0
18833883,1,125,145.0,271.0
18826598,1,7,121.0,6.0
18929364,1,18,199.0,0.0
18924861,1,0,60.0,330.0
18922562,1,0,90.0,0.0
18922352,1,11,68.0,0.0
18918881,1,4,51.0,0.0
18917915,1,7,90.0,3.0
18911497,1,0,80.0,40.0
18900298,1,0,50.0,0.0
18897568,1,3,499.0,0.0
18897333,1,9,115.0,32.0
18893494,1,6,120.0,279.0
18893401,1,11,225.0,0.0
18886157,1,2,70.0,0.0
18885469,1,7,53.0,58.0
18884557,1,1,150.0,86.0
18883243,1,1,75.0,0.0
1931414,1,1,250.0,55.0
1931205,1,47,120.0,318.0
1930204,1,2,70.0,0.0
1929442,1,134,250.0,222.0
1928213,1,20,100.0,0.0
1927824,1,7,250.0,118.0
1927555,1,1,250.0,0.0
1925503,1,80,99.0,0.0
1924825,1,75,165.0,365.0
1923413,1,18,60.0,0.0
1923075,1,1,170.0,0.0
1922762,1,1,45.0,154.0
1919392,1,11,100.0,0.0
18939173,1,16,228.0,103.0
18934273,1,1,40.0,0.0
18933388,1,5,225.0,0.0
18987217,1,0,90.0,0.0
18985761,1,17,99.0,58.0
18982207,1,0,130.0,0.0
18982191,1,2,80.0,0.0
18981759,1,11,100.0,0.0
18978686,1,0,70.0,0.0
18978289,1,3,159.0,0.0
18970667,1,168,100.0,317.0
18957252,1,11,100.0,0.0
18957069,1,0,95.0,17.0
18954539,1,0,200.0,0.0
18950563,1,2,75.0,100.0
18947979,1,2,35.0,0.0
18941320,1,7,105.0,0.0
18940748,1,81,174.0,123.0
1931990,1,2,93.0,0.0
19043103,1,6,100.0,8.0
19037938,1,0,45.0,0.0
19034179,1,2,139.0,0.0
19019393,1,0,49.0,0.0
19017210,1,1,41.0,57.0
19007585,1,11,110.0,0.0
19007308,1,22,155.0,362.0
19002326,1,0,350.0,0.0
19001553,1,9,125.0,0.0
19001247,1,1,800.0,0.0
19000672,1,2,150.0,0.0
18999923,1,92,120.0,32.0
18998261,1,0,110.0,0.0
18994094,1,28,175.0,0.0
18990231,1,3,45.0,0.0
18988423,1,5,100.0,0.0
19067223,1,1,55.0,0.0
19066350,1,98,103.0,237.0
19059946,1,1,51.0,0.0
19058116,1,3,50.0,0.0
19058010,1,10,102.0,0.0
19057986,1,2,400.0,362.0
19056507,1,9,175.0,0.0
19055216,1,0,599.0,0.0
19053159,1,2,60.0,0.0
19052001,1,3,80.0,0.0
19049309,1,1,67.0,0.0
19046961,1,8,45.0,247.0
19045109,1,0,136.0,0.0
19044783,1,0,200.0,0.0
19044620,1,2,80.0,0.0
19043884,1,103,210.0,268.0
19119771,1,5,180.0,0.0
19113311,1,3,175.0,0.0
19111611,1,7,150.0,0.0
19106718,1,17,200.0,35.0
19103161,1,0,150.0,0.0
19101984,1,1,49.0,0.0
19100918,1,88,125.0,320.0
19096739,1,0,60.0,0.0
19094327,1,3,225.0,0.0
19080025,1,0,350.0,0.0
19079151,1,0,51.0,0.0
19074249,1,59,150.0,231.0
19072805,1,12,68.0,14.0
19071455,1,0,190.0,0.0
19068554,1,18,175.0,0.0
19067539,1,2,100.0,0.0
19171259,1,6,200.0,1.0
19169325,1,0,200.0,310.0
19168930,1,6,495.0,230.0
19163998,1,70,70.0,3.0
19153021,1,0,220.0,0.0
19143974,1,93,58.0,279.0
19141737,1,0,120.0,0.0
19139700,1,4,47.0,157.0
19138757,1,4,60.0,302.0
19135883,1,15,260.0,34.0
19135506,1,1,150.0,0.0
19134246,1,10,150.0,8.0
19134080,1,3,110.0,0.0
19133023,1,105,117.0,6.0
19131844,1,17,90.0,0.0
19131159,1,0,100.0,0.0
19242683,1,4,70.0,0.0
19240279,1,25,85.0,198.0
19239110,1,25,45.0,197.0
19238497,1,8,36.0,0.0
19233588,1,16,200.0,0.0
19228782,1,2,150.0,1.0
19227044,1,1,75.0,0.0
19222653,1,25,100.0,353.0
19202612,1,13,80.0,0.0
19202566,1,0,225.0,159.0
19201987,1,2,55.0,86.0
19196381,1,74,150.0,263.0
19194060,1,0,600.0,0.0
19191737,1,0,70.0,0.0
19184440,1,1,60.0,187.0
19174715,1,45,240.0,348.0
19289048,1,15,240.0,66.0
19288299,1,35,139.0,93.0
19285185,1,12,176.0,236.0
19282734,1,117,120.0,232.0
19272788,1,2,105.0,60.0
19263941,1,3,145.0,0.0
19259290,1,99,290.0,70.0
19259107,1,0,110.0,87.0
19256647,1,0,65.0,0.0
19251040,1,1,90.0,0.0
19250606,1,141,100.0,216.0
19249692,1,92,199.0,48.0
19247979,1,0,85.0,0.0
19247677,1,1,80.0,0.0
19244346,1,1,150.0,0.0
19242857,1,82,117.0,280.0
1918417,1,1,80.0,0.0
1918272,1,1,160.0,305.0
1916501,1,0,50.0,0.0
1914516,1,3,165.0,0.0
1913749,1,11,125.0,11.0
1913404,1,3,110.0,0.0
1912541,1,3,100.0,0.0
1911171,1,59,240.0,37.0
1910170,1,6,145.0,0.0
1908631,1,26,200.0,0.0
1908606,1,0,72.0,88.0
1908073,1,45,200.0,48.0
19297877,1,21,35.0,284.0
19294443,1,1,85.0,0.0
19293586,1,19,100.0,34.0
19289434,1,1,140.0,0.0
19356930,1,173,165.0,297.0
19356927,1,80,50.0,57.0
19355895,1,11,300.0,94.0
19349568,1,108,139.0,353.0
19344148,1,15,65.0,65.0
19340034,1,2,150.0,0.0
19339271,1,7,60.0,0.0
19338842,1,0,125.0,0.0
19336493,1,0,325.0,0.0
19336311,1,0,250.0,0.0
19315796,1,0,70.0,0.0
19313463,1,25,75.0,6.0
19312868,1,0,70.0,0.0
19300279,1,0,140.0,0.0
19298428,1,6,150.0,0.0
1918986,1,8,160.0,296.0
19408182,1,3,120.0,10.0
19407918,1,0,180.0,5.0
19407840,1,31,1400.0,88.0
19407341,1,11,140.0,3.0
19407201,1,2,90.0,135.0
19407197,1,21,70.0,33.0
19406327,1,0,160.0,365.0
19400984,1,3,200.0,1.0
19393925,1,0,230.0,0.0
19393471,1,23,265.0,365.0
19392723,1,2,100.0,8.0
19390428,1,0,240.0,0.0
19385850,1,88,143.0,29.0
19379151,1,21,75.0,0.0
19377326,1,25,46.0,0.0
19359650,1,10,130.0,0.0
19446943,1,9,320.0,215.0
19445589,1,0,225.0,20.0
19445501,1,20,399.0,78.0
19442899,1,11,119.0,0.0
19435113,1,0,175.0,0.0
19430913,1,6,200.0,0.0
19419141,1,0,48.0,0.0
19418202,1,19,50.0,32.0
19418027,1,24,58.0,6.0
19417913,1,7,150.0,11.0
19414202,1,8,165.0,0.0
19414064,1,0,225.0,0.0
19413375,1,40,500.0,276.0
19411025,1,0,115.0,0.0
19410959,1,0,215.0,0.0
19408191,1,0,149.0,0.0
19504544,1,2,106.0,0.0
19503783,1,0,100.0,189.0
19498957,1,4,125.0,0.0
19491505,1,5,170.0,0.0
19484041,1,8,71.0,0.0
19480727,1,6,175.0,0.0
19480603,1,2,80.0,0.0
19479273,1,0,45.0,0.0
19478720,1,2,125.0,81.0
19477617,1,100,95.0,80.0
19477508,1,19,119.0,0.0
19475826,1,21,125.0,0.0
19474504,1,3,100.0,0.0
19472344,1,14,199.0,0.0
19466874,1,0,120.0,0.0
19462782,1,0,400.0,0.0
19536409,1,43,85.0,0.0
19533769,1,321,53.0,44.0
19529891,1,0,135.0,0.0
19529332,1,9,68.0,0.0
19528144,1,9,66.0,0.0
19524858,1,52,89.0,188.0
19523446,1,134,160.0,338.0
19512999,1,2,325.0,0.0
19512029,1,12,52.0,0.0
19510896,1,0,70.0,5.0
19510808,1,2,120.0,0.0
19510462,1,4,275.0,0.0
19510122,1,9,40.0,0.0
19509387,1,1,600.0,0.0
19508332,1,7,75.0,9.0
19504744,1,0,60.0,0.0
19575935,1,2,80.0,0.0
19572312,1,2,120.0,0.0
19569725,1,252,135.0,35.0
19569660,1,9,325.0,0.0
19569282,1,1,45.0,0.0
19564640,1,0,500.0,0.0
19561602,1,2,50.0,0.0
19557813,1,35,130.0,34.0
19552418,1,4,95.0,0.0
19550968,1,4,130.0,13.0
19543830,1,1,60.0,0.0
19541889,1,1,253.0,0.0
19540198,1,0,50.0,0.0
19539944,1,0,52.0,0.0
19538448,1,0,115.0,0.0
19537518,1,5,115.0,0.0
19630705,1,2,70.0,4.0
19628425,1,3,80.0,0.0
19627702,1,8,193.0,0.0
19623390,1,1,290.0,0.0
19614644,1,25,49.0,4.0
19608476,1,34,87.0,31.0
19603674,1,0,59.0,0.0
19600872,1,0,69.0,0.0
19593305,1,0,350.0,78.0
19591194,1,1,175.0,84.0
19586959,1,0,160.0,0.0
19585203,1,2,90.0,0.0
19584296,1,6,225.0,0.0
19580888,1,0,100.0,20.0
19578509,1,24,190.0,0.0
19577205,1,2,215.0,0.0
19655924,1,3,110.0,0.0
19655631,1,55,100.0,59.0
19650141,1,0,105.0,0.0
19648898,1,1,90.0,0.0
19645976,1,7,169.0,72.0
19644902,1,2,165.0,0.0
19644682,1,5,120.0,0.0
19643468,1,2,80.0,0.0
19640594,1,0,295.0,55.0
19639667,1,0,100.0,293.0
19638778,1,0,100.0,89.0
19638238,1,25,75.0,198.0
19636200,1,34,85.0,8.0
19635760,1,6,140.0,0.0
19633984,1,61,85.0,0.0
19633755,1,2,95.0,365.0
19698740,1,0,50.0,0.0
19698371,1,2,63.0,0.0
19694796,1,4,45.0,0.0
19693990,1,0,300.0,0.0
19693124,1,10,125.0,297.0
19692652,1,42,60.0,0.0
19691070,1,39,79.0,297.0
19689128,1,2,131.0,137.0
19682564,1,2,70.0,0.0
19668001,1,40,70.0,125.0
19665329,1,3,40.0,0.0
19664260,1,2,300.0,0.0
19663195,1,0,75.0,27.0
19661729,1,51,115.0,78.0
19660044,1,7,103.0,0.0
19659393,1,1,105.0,0.0
1906150,1,100,120.0,203.0
1905482,1,0,125.0,0.0
1905361,1,17,145.0,15.0
1905137,1,8,100.0,0.0
1904415,1,0,180.0,0.0
1903758,1,0,299.0,149.0
1903495,1,13,151.0,188.0
1902578,1,3,475.0,354.0
1902239,1,69,115.0,18.0
1902114,1,12,250.0,14.0
1901846,1,8,115.0,0.0
1900800,1,13,200.0,327.0
1898704,1,2,45.0,0.0
19704368,1,3,44.0,4.0
19703783,1,5,160.0,70.0
19703184,1,4,175.0,0.0
19758408,1,3,175.0,0.0
19758346,1,5,225.0,0.0
19758179,1,102,120.0,300.0
19755511,1,3,80.0,0.0
19755137,1,0,185.0,55.0
19739986,1,50,155.0,8.0
19735589,1,83,220.0,253.0
19735540,1,0,55.0,0.0
19734419,1,0,180.0,0.0
19733878,1,4,110.0,0.0
19729266,1,1,150.0,88.0
19726948,1,145,158.0,193.0
19710054,1,5,125.0,0.0
19707138,1,1,125.0,8.0
19705005,1,6,126.0,11.0
1906804,1,40,70.0,273.0
19809273,1,0,350.0,178.0
19808313,1,0,103.0,0.0
19807856,1,6,200.0,76.0
19806276,1,0,200.0,0.0
19804292,1,0,80.0,0.0
19802029,1,37,145.0,97.0
19800918,1,0,200.0,0.0
19793290,1,3,103.0,0.0
19789539,1,14,47.0,197.0
19789003,1,1,35.0,0.0
19785817,1,68,150.0,88.0
19785181,1,10,136.0,0.0
19783595,1,9,120.0,0.0
19783353,1,17,90.0,4.0
19772879,1,0,100.0,0.0
19759400,1,28,96.0,31.0
19863077,1,0,192.0,0.0
19860559,1,12,65.0,336.0
19855956,1,0,100.0,0.0
19850240,1,18,83.0,0.0
19849721,1,0,250.0,0.0
19848344,1,10,50.0,178.0
19847523,1,0,100.0,0.0
19844147,1,8,60.0,296.0
19841476,1,7,75.0,0.0
19839188,1,6,120.0,225.0
19838610,1,5,79.0,0.0
19834927,1,3,80.0,0.0
19834899,1,146,180.0,259.0
19824881,1,0,139.0,0.0
19818873,1,86,89.0,173.0
19810363,1,95,110.0,283.0
19902999,1,1,150.0,0.0
19902271,1,104,105.0,288.0
19901294,1,1,106.0,0.0
19900075,1,0,55.0,35.0
19893801,1,5,77.0,0.0
19887805,1,1,61.0,35.0
19885346,1,6,75.0,0.0
19884477,1,77,139.0,0.0
19878684,1,0,25.0,0.0
19877163,1,1,55.0,0.0
19874189,1,6,160.0,10.0
19874155,1,4,75.0,35.0
19874128,1,0,88.0,0.0
19873203,1,49,319.0,82.0
19868844,1,14,60.0,0.0
19866179,1,1,100.0,0.0
19940836,1,21,89.0,2.0
19939430,1,15,450.0,364.0
19930911,1,77,93.0,55.0
19928013,1,0,800.0,0.0
19927798,1,4,135.0,0.0
19924780,1,95,1000.0,353.0
19924289,1,45,120.0,44.0
19923341,1,0,85.0,365.0
19923039,1,3,35.0,0.0
19922549,1,24,300.0,32.0
19922104,1,0,50.0,0.0
19920574,1,2,150.0,0.0
19918657,1,5,50.0,310.0
19918057,1,1,100.0,0.0
19915612,1,1,180.0,0.0
19909972,1,129,160.0,3.0
19981762,1,0,980.0,0.0
19980949,1,0,120.0,160.0
19977987,1,12,125.0,0.0
19976579,1,0,250.0,0.0
19975102,1,1,315.0,0.0
19972390,1,24,55.0,157.0
19966776,1,1,150.0,0.0
19966390,1,3,200.0,0.0
19965673,1,0,75.0,0.0
19965375,1,0,90.0,0.0
19963678,1,4,50.0,0.0
19961365,1,39,85.0,78.0
19961114,1,233,98.0,33.0
19955930,1,5,150.0,23.0
19953913,1,17,120.0,0.0
19948445,1,0,220.0,89.0
1896642,1,0,500.0,0.0
1895957,1,22,145.0,0.0
1895793,1,153,125.0,161.0
1892706,1,0,70.0,0.0
1892681,1,183,100.0,1.0
1892402,1,4,50.0,0.0
1892281,1,15,250.0,266.0
1890427,1,9,250.0,0.0
1888085,1,11,35.0,11.0
1887999,1,80,20.0,226.0
1887912,1,31,150.0,213.0
1887283,1,8,121.0,0.0
1886695,1,16,70.0,29.0
1885068,1,0,47.0,0.0
19983675,1,3,55.0,0.0
19982835,1,13,150.0,362.0
20037314,1,0,97.0,249.0
20033436,1,6,250.0,365.0
20024538,1,1,199.0,81.0
20022909,1,5,50.0,0.0
20019653,1,1,50.0,0.0
20019392,1,109,200.0,336.0
20017962,1,11,72.0,341.0
20008462,1,2,150.0,0.0
20007675,1,4,65.0,0.0
19993822,1,4,170.0,90.0
19990876,1,4,80.0,0.0
19990362,1,5,69.0,166.0
19990280,1,0,46.0,0.0
19986984,1,17,145.0,0.0
19985344,1,22,155.0,7.0
1898675,1,33,195.0,241.0
20084270,1,7,100.0,0.0
20083880,1,1,45.0,0.0
20071733,1,5,73.0,0.0
20069770,1,2,45.0,0.0
20068971,1,0,125.0,0.0
20067071,1,1,190.0,9.0
20065291,1,1,45.0,0.0
20056779,1,11,175.0,172.0
20053314,1,0,175.0,250.0
20049684,1,0,350.0,328.0
20047729,1,0,50.0,0.0
20044199,1,26,185.0,42.0
20043437,1,3,35.0,5.0
20043119,1,3,50.0,0.0
20042936,1,1,120.0,0.0
20038668,1,9,80.0,364.0
20132140,1,1,228.0,0.0
20128515,1,26,400.0,128.0
20126746,1,11,195.0,0.0
20123174,1,0,90.0,0.0
20121732,1,0,60.0,0.0
20116872,1,401,195.0,178.0
20113500,1,2,110.0,0.0
20112613,1,3,90.0,0.0
20110967,1,0,24.0,145.0
20109767,1,6,65.0,341.0
20109188,1,102,175.0,284.0
20104851,1,22,195.0,67.0
20092334,1,0,55.0,0.0
20087667,1,15,55.0,17.0
20087466,1,15,110.0,0.0
20086355,1,0,70.0,0.0
20169986,1,12,85.0,97.0
20167238,1,4,110.0,0.0
20166817,1,45,116.0,35.0
20164579,1,170,45.0,245.0
20163996,1,4,140.0,0.0
20161989,1,5,89.0,365.0
20161085,1,31,120.0,57.0
20160518,1,0,50.0,129.0
20156894,1,20,95.0,69.0
20156576,1,1,50.0,0.0
20156140,1,0,104.0,0.0
20154516,1,22,95.0,0.0
20153029,1,0,190.0,0.0
20136355,1,3,200.0,0.0
20134221,1,10,40.0,0.0
20133610,1,13,139.0,365.0
20195183,1,9,200.0,0.0
20193547,1,0,81.0,0.0
20192028,1,1,55.0,0.0
20183212,1,74,250.0,216.0
20182359,1,7,135.0,365.0
20181084,1,7,60.0,199.0
20179690,1,1,350.0,17.0
20177770,1,4,140.0,0.0
20177472,1,117,125.0,270.0
20177190,1,20,65.0,146.0
20177186,1,6,200.0,0.0
20176273,1,22,347.0,70.0
20175896,1,26,110.0,0.0
20175399,1,16,69.0,0.0
20172814,1,32,129.0,365.0
20171951,1,1,200.0,0.0
1883287,1,2,125.0,0.0
1883133,1,133,110.0,267.0
1880807,1,5,110.0,0.0
1876539,1,9,150.0,0.0
1874429,1,75,99.0,125.0
1873589,1,25,250.0,220.0
1873234,1,33,140.0,11.0
1873123,1,0,190.0,0.0
1872051,1,1,79.0,0.0
1871609,1,33,105.0,8.0
1870841,1,5,130.0,0.0
20229932,1,6,120.0,0.0
20222376,1,17,75.0,128.0
20220930,1,1,59.0,0.0
20217572,1,30,219.0,45.0
20214811,1,3,66.0,0.0
20267412,1,2,55.0,0.0
20267329,1,3,99.0,0.0
20266646,1,4,60.0,0.0
20261309,1,0,60.0,0.0
20260083,1,6,45.0,0.0
20242206,1,2,110.0,0.0
20241220,1,0,50.0,0.0
20241112,1,12,85.0,263.0
20237633,1,13,50.0,0.0
20237617,1,4,50.0,0.0
20235361,1,0,140.0,24.0
20234611,1,14,125.0,0.0
20233597,1,2,200.0,49.0
20233581,1,4,73.0,0.0
20233558,1,5,350.0,0.0
1883931,1,15,350.0,0.0
20287808,1,0,69.0,0.0
20287719,1,0,100.0,0.0
20287472,1,0,125.0,0.0
20287320,1,14,80.0,189.0
20286123,1,23,145.0,219.0
20283580,1,0,55.0,0.0
20283518,1,34,85.0,74.0
20283471,1,3,130.0,0.0
20279355,1,15,75.0,123.0
20279155,1,0,150.0,0.0
20279153,1,3,250.0,0.0
20277431,1,0,220.0,89.0
20271650,1,36,64.0,1.0
20270730,1,4,499.0,0.0
20268978,1,0,220.0,0.0
20267436,1,0,125.0,363.0
20328673,1,1,90.0,5.0
20327528,1,0,35.0,0.0
20324827,1,2,75.0,0.0
20321004,1,33,125.0,0.0
20320155,1,69,185.0,309.0
20319948,1,28,50.0,0.0
20318406,1,12,120.0,163.0
20318233,1,121,1050.0,327.0
20317929,1,24,220.0,207.0
20312973,1,6,119.0,0.0
20311036,1,11,150.0,105.0
20310357,1,0,170.0,157.0
20309915,1,94,170.0,78.0
20309640,1,1,125.0,87.0
20292772,1,6,225.0,0.0
20289059,1,160,139.0,248.0
20358661,1,0,90.0,0.0
20357771,1,1,100.0,0.0
20354912,1,0,100.0,0.0
20354091,1,14,160.0,92.0
20353296,1,5,75.0,0.0
20353229,1,0,80.0,0.0
20352964,1,0,50.0,8.0
20348541,1,14,105.0,0.0
20346657,1,4,42.0,53.0
20338412,1,86,149.0,62.0
20337316,1,1,65.0,0.0
20336015,1,1,120.0,0.0
20335235,1,10,225.0,0.0
20333472,1,2,166.0,0.0
20329737,1,4,190.0,0.0
20328794,1,3,70.0,0.0
20411855,1,64,70.0,282.0
20410925,1,30,125.0,4.0
20408723,1,0,90.0,0.0
20404001,1,1,80.0,0.0
20398684,1,6,120.0,0.0
20379079,1,3,60.0,0.0
20378750,1,8,90.0,8.0
20377328,1,4,80.0,0.0
20375986,1,17,200.0,142.0
20369715,1,1,290.0,0.0
20367564,1,1,125.0,0.0
20367358,1,2,145.0,278.0
20365135,1,3,80.0,0.0
20364466,1,7,117.0,7.0
20362478,1,19,100.0,0.0
20359104,1,16,68.0,347.0
20448276,1,0,98.0,0.0
20446747,1,105,176.0,143.0
20445702,1,0,249.0,0.0
20444114,1,21,35.0,252.0
20444038,1,31,465.0,142.0
20441343,1,0,100.0,352.0
20440955,1,199,129.0,298.0
20440843,1,5,75.0,0.0
20435679,1,1,138.0,0.0
20435647,1,76,175.0,19.0
20433199,1,2,125.0,3.0
20431437,1,159,495.0,129.0
20417436,1,0,90.0,0.0
20414850,1,2,40.0,0.0
20414163,1,23,133.0,5.0
20413013,1,50,199.0,161.0
1869421,1,14,100.0,0.0
1867263,1,0,170.0,0.0
1866827,1,94,99.0,358.0
1866728,1,225,70.0,262.0
1866033,1,102,200.0,6.0
1865198,1,2,185.0,59.0
1863713,1,58,549.0,200.0
1863597,1,9,115.0,172.0
1863447,1,63,56.0,0.0
1862880,1,44,245.0,0.0
1862576,1,3,105.0,0.0
1862491,1,0,70.0,365.0
1859754,1,2,100.0,7.0
20449694,1,11,150.0,0.0
20449160,1,57,189.0,9.0
20448670,1,11,109.0,0.0
20488196,1,21,100.0,32.0
20486410,1,75,120.0,134.0
20481502,1,0,80.0,173.0
20480351,1,21,200.0,42.0
20475463,1,3,100.0,78.0
20474743,1,9,55.0,59.0
20471727,1,5,370.0,0.0
20471565,1,0,150.0,0.0
20469855,1,7,125.0,248.0
20469514,1,22,150.0,118.0
20464791,1,1,230.0,0.0
20459165,1,6,63.0,0.0
20453005,1,9,165.0,0.0
20451969,1,0,46.0,0.0
20449763,1,1,450.0,121.0
1869567,1,5,190.0,0.0
20534981,1,10,125.0,180.0
20534715,1,16,250.0,3.0
20532489,1,71,124.0,70.0
20527254,1,9,65.0,0.0
20521058,1,28,79.0,0.0
20520488,1,4,240.0,0.0
20517979,1,3,115.0,5.0
20515254,1,99,99.0,45.0
20514946,1,2,230.0,274.0
20513673,1,6,90.0,31.0
20510488,1,0,185.0,0.0
20507114,1,8,60.0,0.0
20500770,1,4,200.0,4.0
20496152,1,30,69.0,0.0
20491372,1,1,69.0,35.0
20490026,1,15,55.0,365.0
20573060,1,16,125.0,18.0
20568490,1,16,149.0,337.0
20567256,1,37,140.0,19.0
20565470,1,2,140.0,0.0
20557896,1,0,50.0,42.0
20557884,1,73,165.0,237.0
20555401,1,139,180.0,263.0
20549983,1,18,100.0,20.0
20540369,1,0,55.0,0.0
20539689,1,0,65.0,229.0
20539345,1,21,146.0,0.0
20538121,1,7,45.0,14.0
20537772,1,3,135.0,43.0
20536889,1,0,500.0,358.0
20536793,1,0,113.0,0.0
20536249,1,1,150.0,0.0
20604091,1,110,150.0,294.0
20599015,1,37,285.0,0.0
20598700,1,5,40.0,0.0
20592462,1,1,125.0,0.0
20587549,1,15,90.0,188.0
20587499,1,13,65.0,0.0
20586090,1,8,53.0,0.0
20585393,1,4,64.0,0.0
20584520,1,25,101.0,363.0
20583151,1,1,95.0,89.0
20583125,1,10,45.0,85.0
20582832,1,2,10000.0,0.0
20580437,1,3,140.0,0.0
20579643,1,1,40.0,51.0
20578378,1,35,105.0,327.0
20576411,1,0,60.0,0.0
20645317,1,4,80.0,10.0
20633674,1,6,46.0,0.0
20631010,1,0,180.0,0.0
20630497,1,2,70.0,0.0
20627781,1,1,56.0,0.0
20627511,1,0,90.0,0.0
20625992,1,0,200.0,364.0
20625215,1,10,121.0,0.0
20624434,1,7,240.0,0.0
20618692,1,32,90.0,5.0
20616761,1,51,150.0,329.0
20612628,1,2,41.0,0.0
20609201,1,29,75.0,67.0
20608771,1,7,99.0,0.0
20607397,1,26,300.0,176.0
20604809,1,11,148.0,64.0
20700823,1,1,225.0,0.0
20700509,1,11,169.0,0.0
20694807,1,1,150.0,0.0
20692024,1,7,215.0,0.0
20691787,1,92,60.0,0.0
20691482,1,21,69.0,177.0
20691165,1,4,60.0,0.0
20689561,1,5,150.0,3.0
20670988,1,16,99.0,0.0
20670246,1,23,93.0,226.0
20670026,1,259,115.0,285.0
20667334,1,129,80.0,78.0
20662116,1,41,165.0,170.0
20659309,1,5,168.0,0.0
20659301,1,7,53.0,173.0
20647101,1,2,45.0,0.0
20780113,1,21,114.0,68.0
20765208,1,0,140.0,0.0
20759527,1,4,31.0,0.0
20754560,1,5,190.0,0.0
20754497,1,101,65.0,309.0
20745804,1,2,240.0,0.0
20741468,1,22,250.0,123.0
20741012,1,102,75.0,30.0
20739852,1,2,168.0,0.0
20738908,1,4,50.0,0.0
20729779,1,16,69.0,0.0
20725025,1,1,80.0,170.0
20718860,1,0,99.0,0.0
20709383,1,1,85.0,0.0
20707006,1,1,100.0,0.0
20702874,1,0,68.0,4.0
20822611,1,22,170.0,259.0
20820856,1,4,75.0,0.0
20813915,1,90,145.0,212.0
20812159,1,8,55.0,0.0
20811907,1,14,90.0,251.0
20810804,1,0,35.0,228.0
20809866,1,111,185.0,9.0
20806507,1,8,100.0,359.0
20804098,1,0,70.0,0.0
20800727,1,0,200.0,0.0
20797353,1,2,130.0,0.0
20794193,1,6,90.0,6.0
20792304,1,3,79.0,0.0
20790185,1,8,90.0,5.0
20788222,1,1,150.0,59.0
20780421,1,10,49.0,0.0
20867842,1,3,60.0,0.0
20866359,1,82,50.0,30.0
20863433,1,7,130.0,16.0
20862635,1,17,400.0,0.0
20862571,1,1,32.0,0.0
20857455,1,1,150.0,0.0
20855321,1,0,145.0,0.0
20855056,1,5,35.0,0.0
20852937,1,37,150.0,0.0
20850336,1,13,140.0,54.0
20846509,1,4,95.0,0.0
20844522,1,17,53.0,32.0
20830484,1,1,60.0,0.0
20827756,1,10,36.0,0.0
20825054,1,44,50.0,271.0
20823812,1,1,135.0,0.0
20907184,1,1,75.0,191.0
20906077,1,3,165.0,0.0
20905481,1,125,179.0,201.0
20904647,1,32,90.0,295.0
20903132,1,0,80.0,89.0
20902952,1,1,120.0,157.0
20902552,1,0,16.0,0.0
20900568,1,108,50.0,261.0
20899650,1,22,100.0,0.0
20892338,1,3,105.0,0.0
20884486,1,0,70.0,0.0
20884180,1,2,125.0,24.0
20882846,1,31,95.0,0.0
20872245,1,37,175.0,19.0
20869217,1,32,225.0,56.0
20868549,1,2,175.0,0.0
1859395,1,7,175.0,0.0
1857899,1,10,225.0,0.0
1857457,1,0,180.0,6.0
1857387,1,1,41.0,0.0
1856829,1,1,100.0,0.0
1856604,1,227,295.0,247.0
1855509,1,92,89.0,193.0
1855214,1,99,85.0,29.0
1854977,1,7,180.0,0.0
1854179,1,5,160.0,0.0
1852219,1,16,62.0,313.0
1852207,1,3,135.0,0.0
1850179,1,18,145.0,0.0
20912185,1,130,125.0,293.0
20911928,1,49,200.0,360.0
20907226,1,5,70.0,0.0
20976078,1,10,90.0,0.0
20971414,1,7,300.0,0.0
20971070,1,2,175.0,310.0
20956615,1,8,85.0,364.0
20955075,1,5,50.0,0.0
20954844,1,0,130.0,0.0
20952448,1,4,275.0,27.0
20945243,1,1,90.0,358.0
20944981,1,4,180.0,22.0
20942935,1,1,66.0,0.0
20934972,1,5,99.0,0.0
20932025,1,6,150.0,0.0
20926711,1,2,89.0,113.0
20915650,1,1,65.0,0.0
20914965,1,4,95.0,0.0
20912275,1,0,75.0,0.0
21016849,1,40,150.0,327.0
21012470,1,20,75.0,89.0
21009723,1,1,45.0,0.0
21004091,1,52,90.0,288.0
21003949,1,5,150.0,83.0
21003445,1,3,55.0,65.0
21003389,1,20,130.0,89.0
20994908,1,4,60.0,0.0
20992861,1,1,85.0,0.0
20990447,1,4,50.0,0.0
20989479,1,33,85.0,0.0
20988865,1,24,100.0,0.0
20987992,1,114,185.0,16.0
20987432,1,22,69.0,311.0
20979850,1,49,119.0,84.0
20979241,1,5,60.0,0.0
21060554,1,61,99.0,1.0
21056821,1,1,120.0,0.0
21056771,1,112,65.0,103.0
21056486,1,0,150.0,111.0
21052756,1,1,1000.0,0.0
21047204,1,1,150.0,0.0
21046508,1,0,100.0,0.0
21040187,1,1,95.0,25.0
21030441,1,20,87.0,282.0
21028594,1,3,41.0,0.0
21026294,1,45,103.0,0.0
21019302,1,15,200.0,300.0
21019260,1,6,125.0,278.0
21019043,1,14,200.0,0.0
21017521,1,0,75.0,0.0
21016975,1,5,350.0,0.0
21124300,1,8,140.0,14.0
21112602,1,15,198.0,0.0
21110000,1,150,250.0,309.0
21102511,1,2,100.0,43.0
21100276,1,70,43.0,0.0
21099366,1,5,150.0,0.0
21096602,1,0,65.0,0.0
21094081,1,6,54.0,0.0
21086012,1,4,76.0,0.0
21079341,1,2,260.0,0.0
21077880,1,29,80.0,3.0
21066170,1,14,150.0,16.0
21064917,1,3,275.0,0.0
21064077,1,5,60.0,0.0
21062282,1,0,80.0,0.0
21061846,1,13,40.0,0.0
21149129,1,167,215.0,250.0
21149119,1,2,225.0,221.0
21148770,1,6,170.0,0.0
21147839,1,1,70.0,0.0
21147555,1,0,60.0,0.0
21145652,1,9,110.0,36.0
21142670,1,7,95.0,179.0
21140491,1,2,80.0,0.0
21136805,1,7,41.0,45.0
21132706,1,0,50.0,25.0
21130844,1,7,76.0,0.0
21130473,1,4,40.0,0.0
21129281,1,10,70.0,191.0
21127860,1,12,215.0,128.0
21127377,1,64,110.0,14.0
21126633,1,45,200.0,159.0
21187349,1,30,75.0,104.0
21186353,1,0,90.0,0.0
21184527,1,16,130.0,0.0
21180442,1,58,100.0,78.0
21180293,1,47,90.0,28.0
21176015,1,1,350.0,14.0
21175506,1,1,165.0,0.0
21172422,1,1,240.0,0.0
21171867,1,279,110.0,355.0
21169602,1,3,200.0,0.0
21154516,1,15,180.0,57.0
21153954,1,0,42.0,334.0
21153742,1,2,150.0,364.0
21152553,1,32,125.0,57.0
21150974,1,14,50.0,0.0
21150000,1,10,80.0,124.0
1845920,1,16,166.0,0.0
1845333,1,0,95.0,0.0
1844921,1,7,140.0,11.0
1843969,1,11,85.0,164.0
1843216,1,26,250.0,102.0
1842737,1,5,185.0,137.0
1842714,1,30,80.0,0.0
1841580,1,44,300.0,87.0
1841463,1,0,228.0,0.0
1841169,1,1,300.0,0.0
1840766,1,3,120.0,0.0
1840698,1,13,180.0,0.0
1840581,1,0,65.0,0.0
1840564,1,156,72.0,110.0
1838844,1,0,50.0,0.0
21188854,1,0,200.0,0.0
21229164,1,12,115.0,0.0
21227711,1,4,75.0,0.0
21226117,1,0,345.0,0.0
21221987,1,1,80.0,0.0
21221697,1,95,225.0,122.0
21218657,1,7,89.0,0.0
21217401,1,13,160.0,0.0
21216045,1,12,169.0,60.0
21211868,1,1,55.0,0.0
21210879,1,24,298.0,265.0
21209568,1,2,88.0,0.0
21208237,1,0,80.0,0.0
21201361,1,1,79.0,89.0
21191263,1,1,275.0,0.0
21191214,1,0,99.0,0.0
21190402,1,0,85.0,0.0
21293445,1,0,155.0,0.0
21283448,1,37,90.0,0.0
21283171,1,6,140.0,0.0
21279472,1,93,125.0,30.0
21269488,1,1,100.0,0.0
21267483,1,3,250.0,0.0
21263506,1,0,200.0,1.0
21262993,1,2,45.0,0.0
21261796,1,0,154.0,0.0
21256980,1,0,170.0,0.0
21255768,1,0,300.0,0.0
21248779,1,22,149.0,365.0
21247379,1,25,150.0,22.0
21247073,1,4,50.0,0.0
21232737,1,0,125.0,1.0
21229563,1,0,100.0,0.0
21350216,1,1,240.0,0.0
21341524,1,3,180.0,41.0
21339635,1,24,138.0,1.0
21336880,1,14,150.0,0.0
21336136,1,163,178.0,201.0
21334989,1,0,120.0,0.0
21332287,1,0,135.0,0.0
21328739,1,36,220.0,91.0
21327551,1,1,125.0,0.0
21327336,1,10,239.0,11.0
21325944,1,16,50.0,0.0
21323838,1,17,245.0,346.0
21307389,1,22,250.0,81.0
21299191,1,3,175.0,358.0
21297782,1,5,140.0,0.0
21296382,1,3,200.0,188.0
21376165,1,1,95.0,0.0
21376087,1,176,100.0,14.0
21375734,1,6,149.0,0.0
21373495,1,113,65.0,308.0
21372426,1,0,350.0,83.0
21371406,1,1,149.0,0.0
21369808,1,3,55.0,0.0
21367938,1,30,120.0,142.0
21367825,1,1,195.0,0.0
21364757,1,0,75.0,174.0
21362718,1,33,395.0,158.0
21361229,1,88,70.0,0.0
21359759,1,20,145.0,0.0
21357175,1,0,107.0,9.0
21353088,1,41,243.0,8.0
21352288,1,87,158.0,204.0
21410546,1,4,85.0,0.0
21409261,1,19,119.0,0.0
21408874,1,9,100.0,0.0
21408053,1,9,51.0,0.0
21405142,1,21,300.0,0.0
21405141,1,13,200.0,157.0
21402517,1,19,50.0,4.0
21400083,1,10,100.0,0.0
21383928,1,40,125.0,0.0
21383358,1,3,70.0,0.0
21382844,1,5,99.0,0.0
21381325,1,0,100.0,0.0
21380762,1,6,75.0,203.0
21380187,1,34,179.0,84.0
21379585,1,50,95.0,0.0
21376704,1,18,85.0,60.0
21463097,1,95,180.0,87.0
21459667,1,35,200.0,286.0
21457707,1,26,137.0,344.0
21455632,1,5,90.0,0.0
21452718,1,2,65.0,0.0
21450607,1,1,299.0,0.0
21430239,1,134,119.0,0.0
21425186,1,0,250.0,0.0
21422835,1,0,120.0,0.0
21422095,1,37,109.0,356.0
21419119,1,7,189.0,362.0
21418070,1,0,99.0,20.0
21416718,1,15,150.0,35.0
21416490,1,8,175.0,177.0
21412569,1,1,395.0,363.0
21410583,1,77,160.0,88.0
1838431,1,1,65.0,0.0
1837583,1,0,100.0,0.0
1837068,1,21,110.0,13.0
1836803,1,1,130.0,17.0
1834942,1,11,104.0,15.0
1834769,1,7,64.0,333.0
1834630,1,26,100.0,1.0
1834034,1,7,25.0,174.0
1832930,1,31,450.0,22.0
1832751,1,12,151.0,54.0
1832442,1,0,70.0,0.0
1831760,1,1,64.0,0.0
1830890,1,68,189.0,63.0
1830864,1,25,150.0,0.0
1828506,1,15,74.0,90.0
1828429,1,1,140.0,36.0
21501965,1,33,115.0,11.0
21500500,1,0,125.0,0.0
21499988,1,1,56.0,0.0
21498793,1,21,135.0,15.0
21498479,1,2,130.0,0.0
21497854,1,13,45.0,0.0
21495656,1,1,32.0,88.0
21492250,1,0,80.0,0.0
21485411,1,22,95.0,36.0
21480920,1,79,225.0,151.0
21468915,1,1,80.0,0.0
21468261,1,0,36.0,0.0
21466751,1,56,180.0,121.0
21466735,1,0,65.0,0.0
21464170,1,33,115.0,0.0
21463260,1,0,275.0,0.0
21565088,1,50,99.0,333.0
21563231,1,7,69.0,172.0
21560088,1,9,219.0,0.0
21558108,1,1,157.0,0.0
21550529,1,0,75.0,0.0
21546973,1,394,103.0,237.0
21541169,1,8,65.0,0.0
21538710,1,11,72.0,0.0
21536937,1,1,100.0,89.0
21535262,1,4,80.0,220.0
21531418,1,9,195.0,0.0
21527486,1,8,211.0,90.0
21524809,1,6,75.0,55.0
21505913,1,24,90.0,64.0
21503931,1,178,129.0,272.0
21503447,1,3,65.0,179.0
21638962,1,1,50.0,0.0
21634948,1,17,90.0,340.0
21621745,1,7,200.0,0.0
21621071,1,3,30.0,0.0
21619571,1,1,68.0,0.0
21610233,1,0,650.0,12.0
21609476,1,1,40.0,0.0
21604714,1,3,75.0,0.0
21601222,1,37,150.0,320.0
21600904,1,0,150.0,0.0
21600813,1,28,50.0,0.0
21592879,1,1,65.0,0.0
21575456,1,150,175.0,300.0
21573063,1,2,50.0,0.0
21573011,1,15,180.0,18.0
21571748,1,1,150.0,0.0
1827164,1,1,300.0,201.0
1825554,1,10,210.0,6.0
1825325,1,0,80.0,41.0
1825159,1,54,125.0,83.0
1825030,1,24,125.0,188.0
1822420,1,0,120.0,0.0
1821771,1,23,235.0,31.0
1820750,1,11,257.0,0.0
1820586,1,4,80.0,14.0
1819910,1,51,170.0,33.0
1819657,1,0,55.0,0.0
1818792,1,25,199.0,5.0
1818225,1,0,80.0,0.0
1816548,1,0,65.0,0.0
1816417,1,44,95.0,271.0
21640001,1,7,95.0,345.0
21685221,1,0,199.0,0.0
21671443,1,16,159.0,0.0
21661360,1,0,240.0,0.0
21660871,1,1,45.0,0.0
21660125,1,1,35.0,0.0
21657795,1,1,100.0,0.0
21657314,1,21,108.0,12.0
21657100,1,36,185.0,85.0
21656569,1,0,275.0,0.0
21652004,1,1,160.0,0.0
21651849,1,12,188.0,0.0
21651082,1,1,68.0,0.0
21649183,1,0,78.0,28.0
21647215,1,2,95.0,0.0
21645208,1,3,150.0,0.0
21641864,1,61,190.0,275.0
21716352,1,4,120.0,0.0
21706654,1,131,120.0,336.0
21706118,1,41,138.0,66.0
21705761,1,2,215.0,0.0
21705739,1,20,70.0,364.0
21705530,1,1,450.0,0.0
21705284,1,71,200.0,230.0
21703883,1,6,250.0,0.0
21700305,1,1,30.0,0.0
21697957,1,1,65.0,0.0
21697069,1,5,45.0,0.0
21694306,1,0,212.0,0.0
21689645,1,2,145.0,0.0
21688467,1,9,150.0,210.0
21688465,1,148,140.0,0.0
21686560,1,6,217.0,242.0
21784104,1,73,150.0,32.0
21782731,1,7,50.0,364.0
21777274,1,179,92.0,245.0
21773199,1,4,149.0,0.0
21772781,1,4,77.0,0.0
21772730,1,0,200.0,0.0
21768291,1,0,75.0,0.0
21766565,1,29,110.0,200.0
21764391,1,7,200.0,67.0
21759005,1,15,100.0,0.0
21751476,1,360,72.0,66.0
21749637,1,5,100.0,0.0
21742272,1,13,88.0,0.0
21742264,1,0,155.0,0.0
21739563,1,0,100.0,0.0
21737404,1,2,99.0,0.0
21816318,1,5,85.0,0.0
21816029,1,17,115.0,0.0
21812461,1,7,120.0,0.0
21811394,1,223,129.0,230.0
21810947,1,0,1200.0,0.0
21804910,1,21,175.0,38.0
21803081,1,2,55.0,0.0
21802668,1,0,250.0,46.0
21802126,1,1,110.0,325.0
21801127,1,0,129.0,0.0
21792701,1,0,149.0,0.0
21789707,1,128,135.0,245.0
21787420,1,0,350.0,0.0
21785798,1,1,175.0,89.0
21784559,1,64,90.0,106.0
21784449,1,46,175.0,170.0
21889213,1,0,45.0,0.0
21888830,1,5,190.0,130.0
21886798,1,1,75.0,0.0
21882649,1,7,95.0,238.0
21878092,1,9,150.0,0.0
21877010,1,3,120.0,0.0
21866971,1,24,180.0,14.0
21858263,1,0,83.0,0.0
21854022,1,78,200.0,84.0
21850707,1,8,33.0,6.0
21844834,1,0,350.0,0.0
21838149,1,54,160.0,10.0
21836588,1,33,35.0,5.0
21833312,1,27,210.0,302.0
21820535,1,0,65.0,0.0
21817218,1,27,90.0,35.0
1816331,1,2,275.0,357.0
1815738,1,0,238.0,0.0
1813055,1,0,162.0,51.0
1812871,1,82,100.0,63.0
1812825,1,8,135.0,0.0
1811344,1,1,225.0,0.0
1809640,1,4,550.0,0.0
1809268,1,5,60.0,0.0
1804766,1,0,108.0,0.0
1804684,1,6,67.0,266.0
1803302,1,78,98.0,268.0
1803036,1,164,250.0,71.0
21893700,1,110,375.0,134.0
21892444,1,26,110.0,14.0
21892425,1,120,40.0,8.0
21891606,1,4,38.0,175.0
21937063,1,14,44.0,335.0
21935479,1,70,76.0,352.0
21934258,1,8,65.0,0.0
21930475,1,7,73.0,0.0
21930159,1,7,71.0,0.0
21929547,1,196,96.0,316.0
21929511,1,1,900.0,89.0
21924395,1,10,63.0,0.0
21923346,1,6,225.0,87.0
21921891,1,1,80.0,0.0
21921207,1,116,195.0,260.0
21918321,1,0,90.0,10.0
21906247,1,0,70.0,0.0
21903562,1,202,159.0,234.0
21901103,1,0,70.0,0.0
21894410,1,3,95.0,0.0
21976382,1,48,105.0,74.0
21967943,1,6,95.0,0.0
21966105,1,2,90.0,331.0
21964818,1,1,250.0,0.0
21962039,1,7,49.0,281.0
21960625,1,1,90.0,0.0
21959207,1,67,250.0,149.0
21946213,1,1,70.0,0.0
21942647,1,0,125.0,358.0
21941065,1,124,195.0,305.0
21940136,1,52,300.0,119.0
21940002,1,6,205.0,0.0
21938678,1,76,175.0,308.0
21938310,1,1,95.0,54.0
21938150,1,4,250.0,365.0
21937306,1,0,150.0,0.0
22019825,1,2,150.0,0.0
22019073,1,0,90.0,0.0
22017065,1,27,250.0,266.0
22011768,1,34,42.0,9.0
22011099,1,21,195.0,42.0
22010885,1,1,195.0,0.0
22009089,1,92,280.0,173.0
22007415,1,2,110.0,0.0
22006854,1,352,89.0,359.0
22005943,1,129,80.0,346.0
22004774,1,2,110.0,0.0
22002554,1,3,180.0,1.0
21986616,1,32,90.0,71.0
21979970,1,9,100.0,268.0
21977919,1,1,41.0,0.0
21976589,1,3,180.0,22.0
22063782,1,1,180.0,0.0
22059655,1,93,80.0,311.0
22057975,1,120,140.0,100.0
22051363,1,0,50.0,0.0
22050715,1,5,90.0,354.0
22047286,1,5,250.0,0.0
22044830,1,0,150.0,0.0
22042865,1,1,50.0,341.0
22042097,1,1,50.0,0.0
22040625,1,1,59.0,0.0
22029264,1,1,86.0,0.0
22024939,1,0,450.0,0.0
22023754,1,1,75.0,22.0
22023014,1,110,70.0,323.0
22022473,1,82,149.0,215.0
22020703,1,155,75.0,314.0
22095324,1,42,65.0,1.0
22090713,1,4,65.0,0.0
22089863,1,2,75.0,280.0
22089583,1,3,200.0,0.0
22089496,1,22,110.0,0.0
22089161,1,0,125.0,0.0
22088164,1,162,200.0,208.0
22079796,1,0,250.0,18.0
22073094,1,0,110.0,0.0
22072708,1,14,199.0,3.0
22071068,1,0,115.0,90.0
22070428,1,1,55.0,35.0
22069376,1,38,200.0,123.0
22068394,1,2,58.0,0.0
22067387,1,23,236.0,0.0
22066372,1,29,211.0,237.0
22131209,1,15,106.0,0.0
22130449,1,11,70.0,3.0
22129681,1,8,130.0,0.0
22124777,1,37,100.0,0.0
22124628,1,2,63.0,362.0
22123114,1,1,225.0,240.0
22118802,1,3,90.0,0.0
22118412,1,0,54.0,19.0
22117154,1,48,40.0,1.0
22101365,1,79,99.0,107.0
22100955,1,65,134.0,130.0
22099204,1,2,80.0,0.0
22098830,1,33,800.0,178.0
22098752,1,1,100.0,85.0
22096807,1,46,89.0,363.0
22095455,1,1,100.0,0.0
1797859,1,34,92.0,332.0
1797637,1,5,165.0,0.0
1797635,1,0,50.0,0.0
1797304,1,53,75.0,239.0
1794149,1,3,75.0,0.0
1793569,1,0,170.0,0.0
1792568,1,63,500.0,79.0
1789596,1,10,125.0,239.0
1788746,1,6,100.0,0.0
1788443,1,23,175.0,227.0
1788377,1,0,200.0,0.0
1788010,1,0,220.0,31.0
1787313,1,5,150.0,0.0
1787284,1,304,109.0,0.0
22134437,1,2,85.0,103.0
22131245,1,1,260.0,177.0
22177259,1,12,75.0,41.0
22176151,1,5,225.0,0.0
22171747,1,10,175.0,32.0
22169347,1,6,75.0,0.0
22166692,1,27,80.0,0.0
22166460,1,4,170.0,188.0
22161599,1,8,75.0,81.0
22158091,1,140,100.0,66.0
22157668,1,0,250.0,0.0
22157126,1,1,91.0,344.0
22154340,1,1,195.0,0.0
22146650,1,2,178.0,52.0
22141007,1,0,75.0,0.0
22136368,1,0,120.0,0.0
1799439,1,7,99.0,0.0
1798193,1,41,120.0,0.0
22218540,1,0,99.0,0.0
22217533,1,5,135.0,318.0
22217087,1,12,175.0,0.0
22216726,1,77,150.0,24.0
22215460,1,0,500.0,363.0
22210080,1,318,99.0,0.0
22209733,1,32,110.0,264.0
22208953,1,5,100.0,1.0
22205787,1,4,130.0,0.0
22205488,1,7,100.0,0.0
22204359,1,24,199.0,35.0
22198017,1,0,100.0,0.0
22195599,1,14,67.0,7.0
22193918,1,6,120.0,52.0
22188911,1,57,300.0,0.0
22178020,1,3,100.0,301.0
22249707,1,60,115.0,0.0
22248783,1,16,140.0,0.0
22247089,1,51,145.0,139.0
22246463,1,26,99.0,155.0
22246427,1,58,110.0,62.0
22243853,1,21,60.0,0.0
22240717,1,0,199.0,0.0
22240236,1,7,180.0,90.0
22227178,1,26,149.0,0.0
22225802,1,0,200.0,0.0
22225635,1,0,65.0,0.0
22225590,1,4,210.0,0.0
22223682,1,2,150.0,365.0
22221213,1,10,350.0,104.0
22219331,1,0,65.0,0.0
22218564,1,13,185.0,212.0
22308430,1,13,144.0,288.0
22307295,1,0,186.0,0.0
22303517,1,107,75.0,116.0
22301628,1,15,120.0,0.0
22299389,1,25,259.0,255.0
22296461,1,8,50.0,0.0
22292023,1,0,170.0,0.0
22284124,1,2,60.0,0.0
22282829,1,10,69.0,0.0
22280299,1,0,100.0,0.0
22265887,1,6,174.0,8.0
22264156,1,3,120.0,0.0
22262958,1,87,160.0,302.0
22257525,1,1,100.0,0.0
22253568,1,43,190.0,3.0
22251843,1,8,80.0,4.0
22364252,1,2,196.0,31.0
22363037,1,1,119.0,0.0
22350590,1,57,85.0,6.0
22348314,1,14,105.0,277.0
22347382,1,0,200.0,0.0
22346913,1,118,220.0,277.0
22345627,1,1,150.0,66.0
22344488,1,9,110.0,0.0
22343983,1,5,35.0,0.0
22338025,1,0,175.0,0.0
22337277,1,3,130.0,20.0
22336945,1,1,200.0,0.0
22322931,1,1,200.0,0.0
22318190,1,9,90.0,13.0
22313730,1,10,60.0,88.0
22309598,1,12,119.0,5.0
1786943,1,2,200.0,0.0
1785016,1,4,48.0,311.0
1784925,1,10,150.0,0.0
1784813,1,35,95.0,180.0
1784335,1,6,60.0,0.0
1781401,1,44,155.0,98.0
1779599,1,5,195.0,15.0
1778121,1,8,119.0,76.0
1777689,1,1,225.0,364.0
1777483,1,1,125.0,0.0
1776707,1,266,95.0,345.0
1776666,1,15,160.0,83.0
1774499,1,2,75.0,0.0
22367030,1,15,128.0,249.0
22365640,1,0,100.0,0.0
22364611,1,46,94.0,267.0
22423634,1,12,95.0,0.0
22423049,1,100,36.0,0.0
22420381,1,6,650.0,358.0
22414947,1,1,70.0,0.0
22414216,1,0,39.0,220.0
22410033,1,9,132.0,0.0
22405856,1,2,75.0,349.0
22388020,1,8,59.0,56.0
22382915,1,0,69.0,0.0
22382732,1,126,70.0,309.0
22382224,1,6,85.0,0.0
22378099,1,0,52.0,0.0
22374232,1,0,145.0,4.0
22373916,1,2,175.0,0.0
22373907,1,74,290.0,338.0
22372311,1,200,185.0,6.0
22481311,1,0,300.0,0.0
22474793,1,2,130.0,95.0
22470446,1,2,45.0,0.0
22464812,1,24,200.0,290.0
22462003,1,2,288.0,0.0
22460686,1,33,165.0,192.0
22459182,1,0,210.0,0.0
22456949,1,107,484.0,46.0
22455812,1,1,100.0,0.0
22448247,1,62,100.0,343.0
22447216,1,0,300.0,0.0
22445332,1,1,25.0,0.0
22443613,1,1,650.0,23.0
22440410,1,1,195.0,0.0
22432953,1,3,55.0,0.0
22423754,1,1,65.0,0.0
22525595,1,28,200.0,66.0
22508819,1,4,140.0,0.0
22507599,1,0,32.0,0.0
22507452,1,0,100.0,0.0
22507236,1,0,55.0,0.0
22506665,1,0,1000.0,364.0
22503794,1,2,95.0,364.0
22502429,1,9,190.0,0.0
22502212,1,1,175.0,0.0
22502130,1,0,107.0,0.0
22499760,1,1,40.0,0.0
22492254,1,54,145.0,236.0
22490457,1,2,95.0,0.0
22489244,1,78,79.0,58.0
22487371,1,13,375.0,0.0
22484243,1,102,100.0,31.0
22550591,1,5,100.0,0.0
22550357,1,19,85.0,0.0
22549130,1,6,116.0,0.0
22544960,1,0,85.0,0.0
22543733,1,5,60.0,0.0
22534862,1,0,100.0,341.0
22534244,1,42,85.0,364.0
22534207,1,45,75.0,123.0
22533562,1,0,273.0,0.0
22530714,1,91,200.0,365.0
22529847,1,146,200.0,264.0
22528598,1,1,80.0,68.0
22527661,1,2,70.0,23.0
22527211,1,53,190.0,165.0
22526585,1,84,85.0,286.0
22526477,1,1,300.0,0.0
1772952,1,18,105.0,0.0
1772076,1,7,59.0,0.0
1771148,1,12,62.0,0.0
1767228,1,3,75.0,0.0
1766929,1,17,154.0,0.0
1764739,1,0,85.0,23.0
1763862,1,111,160.0,253.0
1763458,1,130,109.0,78.0
1762828,1,4,167.0,326.0
1762558,1,24,89.0,0.0
1762555,1,38,100.0,10.0
1762355,1,11,250.0,225.0
22552201,1,9,130.0,0.0
22552061,1,1,80.0,168.0
22551065,1,1,85.0,0.0
22550881,1,1,151.0,8.0
22591747,1,39,60.0,338.0
22591516,1,2,150.0,0.0
22588056,1,1,90.0,0.0
22587087,1,11,182.0,30.0
22583075,1,2,400.0,0.0
22582243,1,6,219.0,6.0
22578720,1,33,69.0,0.0
22572797,1,146,180.0,270.0
22568643,1,0,2000.0,0.0
22568612,1,3,115.0,0.0
22566268,1,0,110.0,45.0
22565156,1,1,45.0,44.0
22560728,1,1,150.0,56.0
22557949,1,3,112.0,338.0
22553662,1,3,150.0,0.0
1774431,1,8,178.0,280.0
22630406,1,14,125.0,9.0
22628166,1,8,55.0,0.0
22627992,1,12,450.0,2.0
22627365,1,0,154.0,0.0
22625462,1,14,149.0,0.0
22620829,1,6,75.0,0.0
22617181,1,1,85.0,0.0
22616989,1,52,93.0,325.0
22613302,1,2,170.0,0.0
22611054,1,8,75.0,67.0
22610399,1,0,66.0,0.0
22607793,1,10,94.0,0.0
22606202,1,6,165.0,363.0
22595345,1,47,64.0,331.0
22593050,1,9,59.0,288.0
22591930,1,1,70.0,0.0
22663500,1,1,75.0,0.0
22661286,1,192,110.0,132.0
22659263,1,6,275.0,96.0
22658749,1,1,95.0,8.0
22658012,1,0,150.0,0.0
22657141,1,0,350.0,0.0
22656394,1,5,88.0,0.0
22656176,1,2,185.0,0.0
22655081,1,0,45.0,0.0
22652051,1,24,85.0,0.0
22651758,1,2,85.0,0.0
22651136,1,18,60.0,29.0
22645955,1,3,50.0,2.0
22643930,1,125,320.0,269.0
22641060,1,0,85.0,365.0
22630533,1,0,159.0,87.0
22716230,1,0,200.0,0.0
22715031,1,1,75.0,0.0
22710535,1,1,150.0,0.0
22709931,1,0,100.0,0.0
22703843,1,1,95.0,0.0
22702361,1,1,85.0,0.0
22700616,1,2,110.0,12.0
22694337,1,18,36.0,154.0
22694324,1,7,75.0,1.0
22693737,1,96,500.0,339.0
22688555,1,3,169.0,0.0
22686950,1,75,380.0,290.0
22686810,1,5,215.0,0.0
22682349,1,2,110.0,0.0
22677829,1,34,190.0,341.0
22675680,1,68,60.0,125.0
22758387,1,32,47.0,0.0
22751337,1,2,175.0,0.0
22749766,1,1,50.0,0.0
22749087,1,7,175.0,110.0
22748648,1,1,90.0,0.0
22738480,1,1,100.0,0.0
22737802,1,8,65.0,161.0
22736811,1,16,159.0,127.0
22735666,1,1,95.0,0.0
22730721,1,8,225.0,0.0
22727798,1,85,189.0,330.0
22727131,1,1,150.0,0.0
22723650,1,20,150.0,5.0
22723123,1,1,99.0,31.0
22721010,1,18,103.0,0.0
22716889,1,9,46.0,0.0
22800762,1,0,220.0,0.0
22792227,1,0,45.0,0.0
22789212,1,4,99.0,0.0
22781364,1,3,175.0,0.0
22779744,1,0,100.0,0.0
22776830,1,0,80.0,0.0
22774265,1,51,64.0,40.0
22772389,1,41,110.0,89.0
22770300,1,0,225.0,0.0
22769654,1,109,165.0,246.0
22769314,1,0,46.0,0.0
22768255,1,17,230.0,0.0
22766051,1,5,100.0,0.0
22764554,1,1,135.0,0.0
22761603,1,1,90.0,0.0
22760867,1,0,200.0,0.0
22846970,1,46,88.0,0.0
22840947,1,0,140.0,0.0
22840018,1,4,50.0,0.0
22831759,1,11,80.0,0.0
22826759,1,3,103.0,11.0
22825646,1,4,75.0,0.0
22824452,1,4,165.0,0.0
22822259,1,67,90.0,63.0
22820185,1,14,80.0,2.0
22816592,1,130,158.0,311.0
22814290,1,0,250.0,0.0
22808020,1,1,70.0,0.0
22807362,1,3,120.0,16.0
22805576,1,0,100.0,0.0
22805263,1,7,115.0,251.0
22803324,1,3,80.0,0.0
22885233,1,39,215.0,24.0
22883314,1,2,80.0,42.0
22866591,1,4,75.0,0.0
22864208,1,53,75.0,340.0
22863358,1,1,80.0,29.0
22863142,1,45,110.0,59.0
22862376,1,14,70.0,50.0
22861935,1,37,162.0,22.0
22861607,1,1,41.0,0.0
22860848,1,0,295.0,0.0
22860779,1,5,40.0,0.0
22860550,1,24,115.0,196.0
22858411,1,2,450.0,9.0
22855974,1,53,89.0,39.0
22851099,1,0,40.0,0.0
22847606,1,15,185.0,0.0
1760609,1,2,315.0,0.0
1760549,1,11,120.0,52.0
1758019,1,9,150.0,0.0
1756624,1,23,79.0,88.0
1756362,1,69,150.0,114.0
1755999,1,0,39.0,0.0
1755339,1,7,100.0,0.0
1755123,1,4,70.0,0.0
1753251,1,4,100.0,157.0
1753130,1,52,49.0,66.0
1753078,1,0,139.0,0.0
1751498,1,1,70.0,0.0
1750685,1,12,200.0,8.0
22887864,1,76,325.0,160.0
22886163,1,13,95.0,11.0
22886115,1,4,295.0,0.0
22927646,1,0,250.0,0.0
22924270,1,1,199.0,17.0
22923979,1,13,155.0,53.0
22920335,1,1,110.0,189.0
22916874,1,28,250.0,0.0
22913446,1,0,56.0,0.0
22910743,1,2,141.0,0.0
22908412,1,155,65.0,117.0
22902354,1,7,49.0,37.0
22902111,1,0,400.0,0.0
22899212,1,1,35.0,0.0
22897581,1,0,400.0,0.0
22896813,1,1,100.0,0.0
22894987,1,0,100.0,0.0
22893493,1,50,245.0,19.0
22888115,1,0,65.0,0.0
22992909,1,0,188.0,0.0
22984995,1,11,275.0,0.0
22984252,1,21,290.0,193.0
22983583,1,8,30.0,0.0
22980167,1,20,90.0,249.0
22967540,1,3,38.0,0.0
22967048,1,43,200.0,63.0
22963957,1,8,115.0,0.0
22963797,1,73,90.0,338.0
22962853,1,8,115.0,0.0
22953164,1,4,80.0,0.0
22953090,1,2,500.0,151.0
22935835,1,0,150.0,0.0
22935573,1,78,295.0,309.0
22935245,1,1,145.0,25.0
22930715,1,1,130.0,0.0
23027289,1,2,40.0,0.0
23026033,1,1,230.0,0.0
23025661,1,0,300.0,0.0
23024846,1,12,200.0,0.0
23022462,1,2,275.0,123.0
23020530,1,1,139.0,0.0
23006467,1,0,105.0,0.0
23005139,1,0,55.0,0.0
23005126,1,0,125.0,363.0
23003756,1,2,90.0,0.0
23002143,1,3,195.0,0.0
23002099,1,192,64.0,234.0
23001368,1,14,850.0,36.0
22997536,1,2,200.0,0.0
22994376,1,0,49.0,0.0
22992959,1,3,80.0,0.0
23069182,1,55,100.0,342.0
23066402,1,2,225.0,33.0
23062393,1,2,62.0,0.0
23050317,1,6,100.0,0.0
23048845,1,0,160.0,0.0
23048696,1,4,68.0,0.0
23047797,1,7,70.0,0.0
23046908,1,14,64.0,0.0
23046080,1,1,250.0,3.0
23039272,1,1,51.0,0.0
23038979,1,114,50.0,18.0
23036053,1,64,145.0,136.0
23033819,1,0,75.0,0.0
23032146,1,3,139.0,0.0
23030943,1,102,105.0,362.0
23027887,1,2,55.0,0.0
23092836,1,18,105.0,52.0
23090343,1,1,175.0,8.0
23089516,1,26,180.0,0.0
23089194,1,6,69.0,0.0
23088190,1,1,69.0,0.0
23086547,1,62,62.0,317.0
23084155,1,20,275.0,0.0
23083111,1,5,80.0,180.0
23082955,1,107,65.0,0.0
23080138,1,0,195.0,0.0
23077718,1,0,50.0,0.0
23075765,1,2,60.0,0.0
23075166,1,0,325.0,0.0
23073564,1,150,200.0,0.0
23073152,1,0,350.0,0.0
23069554,1,9,115.0,19.0
23156396,1,0,65.0,0.0
23156390,1,5,122.0,152.0
23155661,1,1,219.0,39.0
23152983,1,11,150.0,319.0
23149564,1,0,100.0,0.0
23147852,1,0,69.0,365.0
23144316,1,4,170.0,46.0
23131509,1,0,165.0,0.0
23129690,1,0,85.0,0.0
23124921,1,2,65.0,0.0
23121862,1,0,165.0,12.0
23121273,1,8,75.0,0.0
23116237,1,0,350.0,364.0
23116198,1,0,50.0,0.0
23115464,1,1,125.0,207.0
23099342,1,2,55.0,0.0
1748382,1,39,200.0,253.0
1747467,1,0,52.0,0.0
1747222,1,6,125.0,31.0
1747007,1,9,98.0,6.0
1746436,1,47,159.0,361.0
1746432,1,13,95.0,51.0
1746238,1,60,169.0,50.0
1746209,1,7,195.0,129.0
1746041,1,5,450.0,43.0
1745402,1,19,70.0,0.0
1745312,1,0,160.0,0.0
1745206,1,10,150.0,0.0
1743381,1,3,108.0,20.0
1741498,1,3,200.0,0.0
1741413,1,5,110.0,0.0
23159248,1,11,69.0,240.0
23224059,1,19,175.0,343.0
23220666,1,9,65.0,0.0
23215098,1,39,399.0,29.0
23212298,1,56,127.0,286.0
23208262,1,0,42.0,0.0
23192585,1,36,47.0,0.0
23191854,1,0,44.0,7.0
23190446,1,5,550.0,7.0
23189353,1,143,300.0,204.0
23187808,1,81,99.0,202.0
23187157,1,0,80.0,0.0
23178728,1,95,345.0,13.0
23178319,1,24,55.0,313.0
23168773,1,17,70.0,0.0
23165019,1,8,250.0,0.0
23163374,1,0,60.0,0.0
23267477,1,119,118.0,87.0
23266322,1,4,200.0,364.0
23261539,1,1,225.0,0.0
23260853,1,4,125.0,14.0
23257217,1,3,89.0,25.0
23257199,1,8,84.0,0.0
23256032,1,1,160.0,36.0
23255533,1,10,139.0,189.0
23254783,1,43,115.0,0.0
23254455,1,0,88.0,0.0
23254432,1,27,165.0,0.0
23244570,1,5,75.0,0.0
23243453,1,1,225.0,0.0
23231840,1,6,101.0,0.0
23228839,1,28,149.0,329.0
23226529,1,0,550.0,0.0
23299635,1,0,125.0,0.0
23299199,1,0,247.0,0.0
23296023,1,95,425.0,0.0
23293950,1,124,115.0,275.0
23293704,1,190,139.0,218.0
23291979,1,2,150.0,0.0
23290881,1,121,70.0,341.0
23287601,1,2,125.0,161.0
23276234,1,2,90.0,0.0
23273780,1,2,77.0,0.0
23272375,1,3,46.0,0.0
23270872,1,11,45.0,66.0
23269913,1,5,50.0,0.0
23269902,1,26,45.0,45.0
23269511,1,1,50.0,0.0
23268312,1,14,36.0,15.0
23342156,1,9,75.0,0.0
23341466,1,1,105.0,0.0
23341244,1,0,64.0,0.0
23340108,1,7,150.0,0.0
23338742,1,17,225.0,179.0
23338493,1,65,104.0,0.0
23335662,1,3,85.0,0.0
23335317,1,1,230.0,77.0
23334541,1,17,130.0,2.0
23314412,1,0,150.0,0.0
23312516,1,39,130.0,331.0
23311838,1,4,175.0,0.0
23308549,1,1,75.0,0.0
23308381,1,0,150.0,0.0
23303311,1,1,250.0,158.0
23299832,1,0,250.0,90.0
1740784,1,41,100.0,0.0
1740233,1,24,350.0,362.0
1737876,1,0,37.0,0.0
1733622,1,3,40.0,0.0
1733462,1,40,160.0,138.0
1732005,1,220,145.0,268.0
1728899,1,19,120.0,11.0
1728792,1,2,70.0,173.0
1728785,1,3,120.0,242.0
1726966,1,146,48.0,0.0
1725974,1,0,100.0,0.0
1725907,1,4,195.0,0.0
23349530,1,0,80.0,59.0
23345098,1,30,45.0,115.0
23342828,1,6,125.0,0.0
23342410,1,0,99.0,0.0
23390186,1,11,100.0,0.0
23387933,1,1,140.0,0.0
23387829,1,0,450.0,0.0
23386756,1,0,40.0,0.0
23386210,1,22,142.0,0.0
23385082,1,2,112.0,0.0
23384343,1,0,100.0,8.0
23383529,1,6,205.0,0.0
23377863,1,9,147.0,7.0
23372553,1,1,75.0,0.0
23371413,1,2,110.0,32.0
23356363,1,24,200.0,6.0
23355801,1,40,65.0,45.0
23353897,1,58,163.0,132.0
23350812,1,6,93.0,37.0
1740952,1,1,180.0,0.0
23435560,1,0,38.0,0.0
23431638,1,42,150.0,40.0
23429756,1,0,215.0,0.0
23424461,1,3,80.0,0.0
23424348,1,47,200.0,298.0
23423684,1,122,155.0,59.0
23422026,1,0,125.0,125.0
23420949,1,2,70.0,0.0
23419852,1,84,170.0,178.0
23419527,1,1,225.0,0.0
23419046,1,0,200.0,0.0
23407300,1,2,290.0,161.0
23401743,1,0,195.0,0.0
23400523,1,9,200.0,273.0
23397935,1,3,249.0,5.0
23396858,1,3,125.0,0.0
23501405,1,20,249.0,39.0
23500650,1,0,200.0,0.0
23497375,1,0,75.0,0.0
23495753,1,0,125.0,11.0
23495738,1,49,50.0,90.0
23492952,1,0,115.0,27.0
23491471,1,31,75.0,361.0
23479368,1,78,69.0,79.0
23465153,1,0,250.0,0.0
23463422,1,7,175.0,0.0
23458616,1,4,350.0,143.0
23457783,1,1,40.0,0.0
23455550,1,0,100.0,0.0
23454048,1,7,225.0,3.0
23443666,1,1,190.0,0.0
23436785,1,11,200.0,363.0
23572402,1,0,275.0,21.0
23570593,1,24,75.0,321.0
23569951,1,28,220.0,293.0
23568850,1,4,120.0,0.0
23552267,1,1,160.0,0.0
23548340,1,0,95.0,2.0
23540800,1,0,205.0,0.0
23538896,1,6,167.0,0.0
23532686,1,0,350.0,16.0
23532244,1,18,100.0,83.0
23527094,1,11,85.0,154.0
23526253,1,0,30.0,0.0
23521722,1,0,64.0,0.0
23505542,1,3,40.0,0.0
23503432,1,150,80.0,35.0
23502477,1,0,90.0,0.0
23613165,1,2,140.0,0.0
23612276,1,15,69.0,213.0
23610188,1,1,88.0,0.0
23607758,1,46,99.0,66.0
23607132,1,62,180.0,261.0
23596542,1,2,78.0,0.0
23593179,1,3,195.0,0.0
23590752,1,7,200.0,36.0
23589288,1,9,60.0,0.0
23588055,1,3,205.0,364.0
23587319,1,3,80.0,0.0
23584870,1,0,150.0,0.0
23575977,1,0,120.0,0.0
23575706,1,0,55.0,0.0
23574544,1,7,150.0,0.0
23573737,1,1,120.0,0.0
1723702,1,1,80.0,0.0
1723544,1,9,150.0,9.0
1723485,1,23,387.0,0.0
1723475,1,20,214.0,279.0
1723222,1,1,250.0,0.0
1722812,1,2,250.0,0.0
1722490,1,0,150.0,0.0
1722340,1,0,450.0,164.0
1722054,1,1,120.0,0.0
1721738,1,23,90.0,8.0
1721426,1,2,167.0,0.0
1721381,1,2,180.0,0.0
1720619,1,160,89.0,23.0
1720071,1,133,135.0,296.0
23621417,1,0,120.0,0.0
23619449,1,1,45.0,1.0
23693099,1,107,65.0,210.0
23688348,1,0,151.0,0.0
23677128,1,0,80.0,0.0
23673285,1,38,98.0,306.0
23672310,1,0,95.0,0.0
23670318,1,0,48.0,0.0
23664115,1,15,77.0,12.0
23662073,1,0,70.0,14.0
23659408,1,193,107.0,310.0
23657588,1,49,185.0,50.0
23638897,1,2,140.0,0.0
23635670,1,186,125.0,271.0
23635330,1,3,125.0,54.0
23629361,1,0,80.0,0.0
23625464,1,1,30.0,0.0
1725141,1,1,390.0,15.0
23741614,1,0,60.0,0.0
23727216,1,2,73.0,0.0
23722110,1,29,350.0,284.0
23718772,1,2,139.0,12.0
23718461,1,0,85.0,365.0
23716267,1,0,175.0,0.0
23715762,1,0,50.0,0.0
23715245,1,1,275.0,12.0
23714657,1,5,70.0,272.0
23713669,1,29,225.0,56.0
23708028,1,145,239.0,1.0
23708009,1,43,1200.0,309.0
23703328,1,24,59.0,32.0
23699355,1,40,165.0,0.0
23698012,1,0,75.0,0.0
23697064,1,1,99.0,0.0
23788242,1,50,100.0,339.0
23788168,1,8,45.0,61.0
23780133,1,0,180.0,14.0
23778946,1,1,400.0,0.0
23778489,1,8,165.0,351.0
23777742,1,0,125.0,242.0
23773099,1,0,110.0,365.0
23755490,1,0,75.0,0.0
23754530,1,99,150.0,246.0
23753533,1,1,900.0,57.0
23752440,1,0,175.0,365.0
23751556,1,0,200.0,0.0
23748343,1,0,80.0,0.0
23747060,1,41,230.0,236.0
23746969,1,5,300.0,193.0
23744032,1,157,209.0,16.0
23826651,1,0,50.0,0.0
23824219,1,46,44.0,88.0
23821373,1,0,160.0,0.0
23821111,1,0,200.0,0.0
23820907,1,0,125.0,0.0
23819362,1,4,114.0,284.0
23818330,1,0,750.0,0.0
23818224,1,5,95.0,0.0
23817448,1,0,38.0,0.0
23816403,1,50,75.0,0.0
23815371,1,126,103.0,245.0
23813425,1,1,45.0,0.0
23812318,1,21,100.0,124.0
23810895,1,42,150.0,258.0
23806994,1,1,150.0,0.0
23793668,1,4,80.0,0.0
23859317,1,77,159.0,50.0
23854797,1,1,85.0,0.0
23853826,1,1,220.0,334.0
23852000,1,16,148.0,195.0
23851015,1,0,130.0,0.0
23850513,1,3,120.0,0.0
23848987,1,0,40.0,0.0
23847354,1,2,67.0,0.0
23839989,1,4,95.0,9.0
23835825,1,0,59.0,0.0
23833056,1,0,150.0,0.0
23832321,1,14,150.0,0.0
23831365,1,1,250.0,18.0
23828476,1,4,80.0,155.0
23827868,1,2,55.0,131.0
23827731,1,13,250.0,31.0
23899573,1,23,150.0,0.0
23899462,1,0,90.0,23.0
23895443,1,2,99.0,35.0
23891395,1,5,55.0,0.0
23876129,1,57,175.0,0.0
23871497,1,12,95.0,31.0
23870466,1,3,650.0,137.0
23870076,1,10,185.0,0.0
23867523,1,8,120.0,5.0
23867361,1,20,129.0,193.0
23865843,1,0,265.0,0.0
23863437,1,26,78.0,0.0
23862900,1,1,219.0,0.0
23862648,1,18,88.0,5.0
23861788,1,224,75.0,74.0
23861295,1,4,47.0,63.0
1715674,1,4,130.0,0.0
1714427,1,7,80.0,0.0
1714147,1,0,44.0,0.0
1713791,1,41,149.0,69.0
1713685,1,11,125.0,39.0
1713011,1,14,89.0,4.0
1712843,1,4,55.0,0.0
1711529,1,202,125.0,217.0
1711182,1,27,175.0,0.0
1710940,1,59,62.0,194.0
1710317,1,107,200.0,200.0
1709876,1,0,185.0,176.0
1709729,1,45,200.0,310.0
23901417,1,0,100.0,0.0
23901404,1,90,165.0,35.0
23899821,1,54,260.0,16.0
23949144,1,6,300.0,0.0
23948552,1,1,90.0,0.0
23945185,1,6,100.0,0.0
23944472,1,16,69.0,6.0
23939793,1,11,60.0,0.0
23939128,1,5,80.0,0.0
23936958,1,4,109.0,0.0
23935018,1,1,85.0,0.0
23930728,1,1,280.0,166.0
23929877,1,23,120.0,151.0
23929065,1,0,450.0,0.0
23915731,1,1,249.0,0.0
23914377,1,0,50.0,0.0
23914324,1,0,110.0,0.0
23905369,1,0,100.0,165.0
23902914,1,144,70.0,49.0
23985682,1,6,160.0,0.0
23985505,1,0,150.0,0.0
23983203,1,1,200.0,5.0
23981711,1,29,139.0,0.0
23975421,1,0,100.0,0.0
23972036,1,10,75.0,0.0
23971734,1,4,67.0,0.0
23971405,1,1,100.0,0.0
23971160,1,3,90.0,0.0
23970798,1,4,52.0,0.0
23968798,1,7,300.0,188.0
23959538,1,0,36.0,0.0
23957491,1,87,96.0,83.0
23955743,1,12,135.0,0.0
23954256,1,7,189.0,2.0
23952383,1,1,75.0,200.0
24030482,1,3,99.0,365.0
24020898,1,0,55.0,0.0
24020050,1,25,189.0,191.0
24018769,1,0,160.0,0.0
24013611,1,26,295.0,2.0
24012333,1,0,180.0,0.0
24010376,1,1,65.0,0.0
24007762,1,8,125.0,0.0
24006197,1,0,95.0,0.0
24001156,1,3,48.0,0.0
23994508,1,169,70.0,38.0
23991556,1,9,85.0,342.0
23991242,1,1,100.0,99.0
23991239,1,1,50.0,246.0
23989761,1,38,260.0,86.0
23988743,1,22,75.0,362.0
24048208,1,0,140.0,0.0
24047681,1,2,80.0,356.0
24047286,1,1,250.0,0.0
24046704,1,3,100.0,0.0
24046558,1,64,325.0,330.0
24046264,1,4,150.0,69.0
24043300,1,1,160.0,261.0
24041562,1,6,600.0,0.0
24041479,1,10,246.0,365.0
24038764,1,2,60.0,0.0
24037775,1,0,250.0,0.0
24035151,1,3,70.0,0.0
24034601,1,0,60.0,0.0
24033115,1,5,72.0,32.0
24032852,1,170,260.0,236.0
24031106,1,2,76.0,0.0
1709717,1,46,141.0,346.0
1708956,1,31,450.0,30.0
1708922,1,17,128.0,9.0
1706073,1,7,105.0,189.0
1705617,1,0,90.0,0.0
1705205,1,0,115.0,0.0
1705112,1,1,70.0,6.0
1704335,1,1,56.0,0.0
1704042,1,21,55.0,19.0
1703438,1,1,59.0,0.0
1702298,1,0,40.0,0.0
1700752,1,1,62.0,0.0
1700398,1,0,250.0,0.0
1700359,1,5,195.0,34.0
24050629,1,1,350.0,0.0
24050287,1,26,500.0,214.0
24094211,1,4,115.0,0.0
24094081,1,1,60.0,0.0
24092157,1,8,143.0,38.0
24092147,1,1,75.0,88.0
24088306,1,70,239.0,185.0
24079691,1,2,70.0,0.0
24075308,1,3,85.0,0.0
24074596,1,7,145.0,4.0
24074171,1,26,400.0,10.0
24070095,1,0,175.0,0.0
24067453,1,5,138.0,0.0
24064771,1,0,65.0,0.0
24064346,1,11,500.0,318.0
24058309,1,1,160.0,0.0
24054404,1,3,50.0,0.0
24051464,1,1,75.0,0.0
24144577,1,41,275.0,258.0
24132118,1,1,79.0,0.0
24131487,1,1,109.0,0.0
24128401,1,1,190.0,0.0
24127267,1,1,175.0,0.0
24123958,1,19,175.0,0.0
24120376,1,1,130.0,0.0
24120303,1,13,79.0,0.0
24118830,1,5,80.0,0.0
24118443,1,18,140.0,0.0
24117374,1,0,150.0,364.0
24109809,1,0,200.0,0.0
24109763,1,193,155.0,37.0
24105930,1,0,115.0,0.0
24103915,1,22,89.0,35.0
24103270,1,11,49.0,36.0
24199235,1,0,224.0,3.0
24195790,1,0,600.0,0.0
24195428,1,222,65.0,292.0
24195130,1,50,102.0,349.0
24193553,1,0,60.0,89.0
24191104,1,0,125.0,0.0
24190730,1,21,70.0,0.0
24188973,1,31,130.0,66.0
24187843,1,0,180.0,365.0
24187602,1,15,490.0,179.0
24176743,1,5,240.0,0.0
24165842,1,6,180.0,5.0
24165646,1,33,65.0,189.0
24162718,1,0,125.0,36.0
24155326,1,222,90.0,32.0
24149026,1,1,145.0,0.0
24259346,1,2,39.0,0.0
24258807,1,12,150.0,0.0
24258262,1,118,70.0,283.0
24244132,1,1,60.0,0.0
24237725,1,0,145.0,5.0
24236837,1,6,80.0,187.0
24230637,1,0,199.0,337.0
24225915,1,1,170.0,0.0
24225572,1,15,90.0,6.0
24216745,1,1,120.0,128.0
24215329,1,0,60.0,0.0
24210901,1,14,71.0,0.0
24208781,1,68,70.0,129.0
24204269,1,1,70.0,0.0
24202039,1,1,125.0,0.0
24201950,1,3,105.0,141.0
1699648,1,66,95.0,25.0
1699505,1,2,59.0,0.0
1698607,1,3,92.0,95.0
1698487,1,90,85.0,345.0
1698259,1,31,140.0,209.0
1696219,1,9,1200.0,359.0
1696218,1,9,500.0,178.0
1695734,1,4,95.0,0.0
1694701,1,1,485.0,0.0
1694324,1,3,175.0,0.0
1694147,1,13,199.0,4.0
1693845,1,33,135.0,75.0
1693671,1,0,150.0,91.0
24265578,1,7,125.0,0.0
24263304,1,4,79.0,69.0
24261066,1,5,300.0,0.0
24297041,1,0,150.0,0.0
24296233,1,0,53.0,66.0
24295835,1,15,100.0,0.0
24295818,1,0,45.0,0.0
24295412,1,0,30.0,0.0
24294179,1,2,48.0,17.0
24294060,1,0,80.0,364.0
24288568,1,54,100.0,45.0
24278208,1,35,150.0,0.0
24272490,1,9,179.0,189.0
24270606,1,32,100.0,0.0
24269944,1,4,120.0,0.0
24269641,1,0,115.0,0.0
24269297,1,41,75.0,294.0
24268565,1,185,250.0,209.0
24266846,1,0,345.0,22.0
24342773,1,1,65.0,188.0
24341064,1,16,90.0,0.0
24338701,1,0,100.0,0.0
24338366,1,9,100.0,0.0
24337956,1,1,51.0,0.0
24333820,1,2,80.0,0.0
24332919,1,1,63.0,0.0
24327574,1,20,150.0,0.0
24323380,1,1,180.0,0.0
24319977,1,0,200.0,0.0
24319884,1,8,235.0,0.0
24304871,1,23,50.0,0.0
24304607,1,0,100.0,115.0
24304455,1,0,99.0,0.0
24298532,1,85,125.0,335.0
24297098,1,1,100.0,0.0
24383863,1,24,40.0,1.0
24383253,1,0,50.0,0.0
24382598,1,142,125.0,266.0
24381419,1,6,160.0,0.0
24379402,1,2,110.0,0.0
24378438,1,3,80.0,1.0
24373940,1,0,109.0,365.0
24363273,1,1,200.0,341.0
24361297,1,0,100.0,0.0
24360599,1,5,85.0,0.0
24347671,1,19,105.0,364.0
24346282,1,12,71.0,0.0
24346280,1,1,70.0,0.0
24344873,1,3,200.0,0.0
24344136,1,0,70.0,0.0
24343117,1,44,175.0,280.0
24413996,1,0,395.0,0.0
24413323,1,13,65.0,128.0
24411752,1,0,49.0,0.0
24407449,1,2,350.0,60.0
24405972,1,3,250.0,0.0
24404928,1,9,130.0,0.0
24404906,1,1,120.0,0.0
24404900,1,73,100.0,3.0
24404709,1,16,93.0,271.0
24403405,1,1,82.0,0.0
24402648,1,8,149.0,83.0
24399066,1,20,185.0,44.0
24393270,1,1,150.0,0.0
24387853,1,1,98.0,0.0
24386929,1,1,40.0,0.0
24385779,1,5,85.0,0.0
24445542,1,0,65.0,0.0
24444281,1,4,40.0,0.0
24430182,1,6,129.0,0.0
24429897,1,0,299.0,0.0
24425582,1,13,128.0,27.0
24425145,1,3,270.0,0.0
24424456,1,10,200.0,167.0
24423571,1,1,46.0,365.0
24421834,1,0,50.0,0.0
24421177,1,56,30.0,38.0
24419810,1,18,60.0,66.0
24419496,1,1,125.0,0.0
24418469,1,6,200.0,0.0
24418383,1,72,60.0,364.0
24417778,1,1,88.0,0.0
24415699,1,0,199.0,0.0
24466431,1,0,70.0,0.0
24466159,1,2,100.0,0.0
24465231,1,7,149.0,0.0
24464178,1,7,189.0,0.0
24462091,1,0,40.0,0.0
24461849,1,2,280.0,0.0
24461143,1,0,77.0,0.0
24459217,1,12,70.0,77.0
24459029,1,3,44.0,0.0
24458604,1,2,85.0,0.0
24454906,1,0,225.0,0.0
24454737,1,1,50.0,0.0
24450948,1,11,250.0,0.0
24449433,1,10,190.0,61.0
24448775,1,4,85.0,0.0
24448659,1,1,60.0,0.0
24520756,1,0,150.0,129.0
24517762,1,5,67.0,0.0
24517455,1,121,185.0,337.0
24508767,1,0,100.0,0.0
24501817,1,52,479.0,3.0
24500940,1,24,100.0,0.0
24496471,1,11,200.0,0.0
24496111,1,0,65.0,0.0
24495088,1,1,179.0,0.0
24494897,1,0,159.0,0.0
24487842,1,29,118.0,295.0
24487418,1,19,75.0,0.0
24482415,1,2,35.0,1.0
24478039,1,1,285.0,0.0
24475565,1,38,250.0,322.0
24467359,1,14,85.0,0.0
24554369,1,1,31.0,0.0
24552104,1,0,350.0,3.0
24551170,1,2,239.0,0.0
24546033,1,14,73.0,138.0
24545739,1,5,65.0,0.0
24544724,1,16,298.0,4.0
24532289,1,9,89.0,198.0
24530399,1,2,250.0,0.0
24530091,1,2,250.0,365.0
24529969,1,10,200.0,0.0
24528756,1,3,170.0,0.0
24528234,1,8,65.0,0.0
24525377,1,73,125.0,154.0
24525241,1,0,166.0,102.0
24524608,1,9,170.0,19.0
24523422,1,1,70.0,0.0
1692055,1,1,50.0,81.0
1691656,1,6,125.0,0.0
1690569,1,32,175.0,291.0
1689040,1,10,115.0,0.0
1687425,1,0,80.0,0.0
1687367,1,0,199.0,71.0
1687335,1,2,108.0,0.0
1686834,1,11,80.0,0.0
1684573,1,2,96.0,0.0
1683437,1,9,89.0,0.0
1681546,1,9,250.0,190.0
1680375,1,9,500.0,0.0
24555919,1,0,47.0,0.0
24555785,1,1,73.0,0.0
24555605,1,0,70.0,0.0
24554945,1,5,125.0,1.0
24590092,1,2,80.0,0.0
24587566,1,0,50.0,87.0
24587457,1,2,58.0,0.0
24585465,1,23,250.0,0.0
24584990,1,8,50.0,0.0
24580054,1,0,250.0,0.0
24576978,1,1,195.0,0.0
24575626,1,3,450.0,260.0
24570526,1,0,90.0,0.0
24561882,1,36,150.0,13.0
24561601,1,10,132.0,3.0
24560401,1,120,165.0,170.0
24559343,1,7,135.0,2.0
1693243,1,137,450.0,226.0
1692708,1,0,150.0,42.0
1692144,1,5,120.0,0.0
24625694,1,0,40.0,0.0
24622525,1,0,89.0,0.0
24620881,1,168,135.0,287.0
24618314,1,2,56.0,0.0
24614110,1,3,150.0,0.0
24607072,1,3,150.0,0.0
24604504,1,1,77.0,0.0
24600315,1,0,89.0,0.0
24599796,1,0,600.0,14.0
24598868,1,0,80.0,0.0
24595687,1,1,75.0,0.0
24594940,1,8,100.0,128.0
24594555,1,87,100.0,245.0
24593962,1,1,90.0,0.0
24591710,1,19,100.0,0.0
24591281,1,1,91.0,0.0
24639450,1,0,55.0,0.0
24639120,1,13,235.0,0.0
24637162,1,24,110.0,128.0
24636847,1,3,31.0,0.0
24634123,1,1,250.0,0.0
24633966,1,0,50.0,0.0
24633205,1,1,50.0,27.0
24632224,1,2,97.0,0.0
24631934,1,42,400.0,363.0
24630962,1,17,70.0,0.0
24630374,1,14,110.0,0.0
24629261,1,23,69.0,172.0
24628477,1,196,261.0,125.0
24626134,1,1,30.0,0.0
24625891,1,0,125.0,0.0
24625767,1,2,75.0,0.0
24677080,1,190,170.0,260.0
24676472,1,1,50.0,0.0
24674100,1,0,100.0,54.0
24673896,1,4,165.0,0.0
24672682,1,1,110.0,0.0
24667595,1,8,30.0,0.0
24666854,1,0,90.0,0.0
24666317,1,12,77.0,0.0
24665235,1,9,75.0,0.0
24660443,1,123,100.0,184.0
24660289,1,2,50.0,350.0
24657274,1,0,175.0,0.0
24655252,1,24,65.0,86.0
24648109,1,0,180.0,0.0
24643940,1,2,550.0,81.0
24643923,1,2,35.0,0.0
24710778,1,1,60.0,0.0
24709724,1,2,80.0,190.0
24708016,1,11,170.0,0.0
24707895,1,3,385.0,0.0
24707177,1,5,80.0,0.0
24706492,1,0,130.0,0.0
24704779,1,3,59.0,97.0
24704747,1,3,200.0,0.0
24697585,1,0,140.0,36.0
24696055,1,10,125.0,20.0
24693048,1,0,120.0,0.0
24690329,1,25,75.0,0.0
24680832,1,0,180.0,13.0
24680496,1,0,145.0,10.0
24678971,1,41,175.0,0.0
24678224,1,11,100.0,0.0
24750076,1,15,149.0,0.0
24747678,1,5,75.0,0.0
24747103,1,0,225.0,0.0
24745688,1,3,35.0,36.0
24744819,1,0,50.0,0.0
24740606,1,2,150.0,0.0
24738447,1,5,60.0,0.0
24732939,1,16,140.0,1.0
24728241,1,0,180.0,0.0
24726785,1,0,80.0,30.0
24717090,1,2,220.0,0.0
24715521,1,2,85.0,0.0
24712915,1,41,55.0,340.0
24712268,1,11,145.0,40.0
24711354,1,20,33.0,282.0
24711105,1,0,100.0,0.0
24790900,1,3,120.0,365.0
24780521,1,116,90.0,76.0
24772574,1,0,175.0,0.0
24771677,1,45,200.0,42.0
24771293,1,11,79.0,0.0
24770709,1,0,50.0,0.0
24770383,1,0,80.0,0.0
24767704,1,4,79.0,0.0
24766218,1,2,80.0,335.0
24765924,1,55,50.0,332.0
24765466,1,0,35.0,0.0
24762196,1,3,80.0,0.0
24758130,1,12,75.0,0.0
24755691,1,10,50.0,211.0
24755227,1,5,109.0,9.0
24752198,1,1,38.0,0.0
1680013,1,5,165.0,0.0
1679702,1,4,330.0,0.0
1679545,1,5,111.0,8.0
1678861,1,3,275.0,0.0
1678322,1,2,180.0,23.0
1676600,1,2,90.0,0.0
1676487,1,19,299.0,101.0
1675255,1,12,106.0,271.0
1675112,1,2,79.0,8.0
1674428,1,9,160.0,0.0
1674102,1,6,137.0,0.0
1673750,1,7,230.0,0.0
1673136,1,35,199.0,69.0
1672734,1,33,225.0,1.0
24792241,1,6,85.0,193.0
24791132,1,3,135.0,0.0
24825760,1,18,80.0,189.0
24822059,1,2,119.0,0.0
24821875,1,0,200.0,0.0
24821272,1,3,100.0,0.0
24809291,1,1,130.0,121.0
24806534,1,1,130.0,0.0
24806455,1,0,250.0,0.0
24805685,1,117,218.0,226.0
24805629,1,6,200.0,0.0
24802029,1,1,86.0,90.0
24800102,1,221,110.0,348.0
24799369,1,1,120.0,0.0
24797535,1,29,129.0,0.0
24797068,1,1,45.0,0.0
24796157,1,16,175.0,129.0
24793480,1,0,100.0,0.0
24842701,1,130,169.0,274.0
24841295,1,5,70.0,0.0
24840863,1,1,95.0,0.0
24840827,1,0,55.0,0.0
24839836,1,123,165.0,43.0
24839116,1,14,175.0,0.0
24839107,1,7,80.0,0.0
24835471,1,23,40.0,70.0
24835386,1,4,138.0,0.0
24833732,1,6,160.0,0.0
24832418,1,0,90.0,0.0
24832100,1,7,185.0,0.0
24830540,1,1,85.0,0.0
24828814,1,1,38.0,0.0
24827643,1,1,275.0,1.0
24827152,1,5,45.0,0.0
24874937,1,0,300.0,0.0
24872048,1,0,225.0,0.0
24867105,1,0,75.0,0.0
24865745,1,0,45.0,0.0
24865062,1,2,300.0,17.0
24864537,1,10,100.0,25.0
24862289,1,9,150.0,0.0
24861274,1,24,200.0,20.0
24860438,1,1,42.0,0.0
24856724,1,78,129.0,26.0
24856634,1,101,89.0,291.0
24856484,1,0,400.0,66.0
24844621,1,0,200.0,0.0
24844547,1,0,50.0,0.0
24843404,1,1,50.0,0.0
24842789,1,5,60.0,0.0
24908787,1,1,200.0,0.0
24907501,1,8,124.0,0.0
24906403,1,51,60.0,170.0
24903878,1,1,150.0,0.0
24899760,1,0,175.0,0.0
24898836,1,21,160.0,3.0
24897395,1,2,111.0,0.0
24895956,1,39,80.0,189.0
24894370,1,5,98.0,0.0
24890474,1,5,300.0,231.0
24884472,1,9,62.0,358.0
24884055,1,0,80.0,0.0
24881130,1,0,100.0,0.0
24879404,1,7,40.0,61.0
24878584,1,0,180.0,0.0
24875845,1,15,85.0,75.0
24943630,1,19,120.0,339.0
24941494,1,0,175.0,83.0
24938988,1,138,179.0,252.0
24933402,1,0,75.0,310.0
24929024,1,0,47.0,0.0
24920992,1,3,70.0,0.0
24919557,1,0,55.0,0.0
24916650,1,21,125.0,52.0
24916607,1,37,90.0,60.0
24916010,1,1,100.0,0.0
24915685,1,0,180.0,0.0
24915465,1,44,139.0,0.0
24913451,1,3,37.0,0.0
24913141,1,0,300.0,0.0
24911518,1,14,96.0,3.0
24909331,1,0,105.0,8.0
24982391,1,5,90.0,0.0
24982374,1,99,259.0,296.0
24981045,1,1,35.0,0.0
24979823,1,0,70.0,50.0
24979023,1,0,85.0,365.0
24976518,1,4,75.0,0.0
24973819,1,0,600.0,0.0
24973811,1,1,50.0,0.0
24973324,1,1,125.0,72.0
24967970,1,6,80.0,58.0
24954668,1,1,110.0,365.0
24952041,1,0,67.0,43.0
24951732,1,0,350.0,0.0
24950473,1,0,50.0,0.0
24945340,1,7,400.0,14.0
24944767,1,3,65.0,0.0
25054395,1,12,163.0,192.0
25044529,1,0,87.0,0.0
25043341,1,43,495.0,343.0
25043035,1,4,100.0,0.0
25039414,1,11,200.0,83.0
25038748,1,11,70.0,0.0
25017014,1,23,188.0,75.0
25015010,1,5,75.0,31.0
25012594,1,2,140.0,105.0
25010766,1,61,150.0,0.0
25003560,1,31,125.0,188.0
25002053,1,157,90.0,85.0
25001808,1,73,150.0,120.0
25001097,1,9,50.0,0.0
24987213,1,8,70.0,156.0
24982709,1,103,110.0,222.0
1670486,1,0,96.0,0.0
1668930,1,65,72.0,311.0
1668747,1,2,194.0,44.0
1664473,1,0,120.0,0.0
1663994,1,11,178.0,32.0
1662707,1,1,75.0,0.0
1661965,1,25,160.0,0.0
1661309,1,9,75.0,53.0
1661245,1,2,250.0,0.0
1660906,1,3,250.0,0.0
1660841,1,0,90.0,0.0
1660724,1,66,109.0,353.0
1660261,1,10,40.0,0.0
1659891,1,6,295.0,0.0
1659170,1,6,126.0,0.0
25059454,1,13,65.0,73.0
25095488,1,3,100.0,0.0
25093848,1,209,145.0,219.0
25093840,1,3,130.0,0.0
25086874,1,1,50.0,51.0
25082897,1,0,40.0,0.0
25082393,1,8,250.0,37.0
25076118,1,4,80.0,0.0
25075066,1,19,265.0,5.0
25073318,1,0,250.0,0.0
25072764,1,2,69.0,0.0
25071191,1,5,110.0,0.0
25064843,1,0,550.0,0.0
25064774,1,1,33.0,0.0
25064629,1,42,119.0,54.0
25059970,1,81,75.0,155.0
1671824,1,0,106.0,0.0
25131945,1,5,99.0,0.0
25127792,1,1,200.0,21.0
25124335,1,3,100.0,0.0
25116715,1,0,115.0,22.0
25116430,1,183,140.0,63.0
25115746,1,0,500.0,89.0
25112856,1,40,159.0,267.0
25111426,1,0,190.0,0.0
25111342,1,0,95.0,0.0
25110559,1,1,125.0,41.0
25109819,1,5,40.0,0.0
25109461,1,0,102.0,11.0
25107874,1,4,85.0,72.0
25104068,1,24,50.0,47.0
25102191,1,0,125.0,0.0
25099638,1,0,150.0,90.0
25173511,1,6,200.0,0.0
25170062,1,2,180.0,0.0
25169027,1,3,110.0,0.0
25168709,1,45,150.0,6.0
25168328,1,1,70.0,0.0
25168124,1,2,480.0,23.0
25165109,1,1,160.0,0.0
25161779,1,2,160.0,0.0
25161307,1,0,50.0,0.0
25153542,1,1,85.0,0.0
25146744,1,1,199.0,0.0
25145883,1,2,40.0,5.0
25141383,1,0,89.0,0.0
25137968,1,36,50.0,23.0
25136124,1,7,150.0,2.0
25134906,1,0,295.0,365.0
25249481,1,5,40.0,322.0
25243100,1,0,45.0,0.0
25242899,1,42,88.0,261.0
25233652,1,6,80.0,0.0
25230336,1,0,300.0,0.0
25228783,1,7,210.0,0.0
25227079,1,2,130.0,0.0
25221153,1,0,350.0,0.0
25214775,1,0,240.0,9.0
25210511,1,16,85.0,0.0
25196982,1,11,65.0,9.0
25194025,1,101,90.0,266.0
25189614,1,0,350.0,269.0
25188010,1,15,55.0,66.0
25178532,1,1,250.0,0.0
25175433,1,0,40.0,0.0
25275947,1,0,239.0,0.0
25275076,1,0,92.0,0.0
25273326,1,89,175.0,0.0
25272468,1,6,59.0,74.0
25271688,1,1,100.0,0.0
25270209,1,3,45.0,0.0
25268900,1,98,126.0,180.0
25268374,1,0,75.0,0.0
25268332,1,5,525.0,21.0
25266756,1,14,150.0,66.0
25266538,1,12,130.0,0.0
25266527,1,6,60.0,0.0
25265179,1,9,250.0,0.0
25264954,1,0,225.0,0.0
25263341,1,1,70.0,314.0
25262268,1,62,140.0,275.0
1655939,1,289,77.0,85.0
1653951,1,109,100.0,216.0
1653404,1,1,58.0,0.0
1653265,1,0,50.0,0.0
1652471,1,5,75.0,16.0
1651791,1,10,114.0,0.0
1651102,1,0,700.0,0.0
1649951,1,57,300.0,168.0
1649524,1,0,41.0,0.0
25311040,1,0,32.0,0.0
25308624,1,4,75.0,313.0
25300542,1,2,125.0,0.0
25295888,1,16,52.0,0.0
25282730,1,15,160.0,9.0
25279755,1,0,90.0,17.0
25276263,1,29,500.0,89.0
25360921,1,0,300.0,0.0
25357997,1,1,149.0,0.0
25355233,1,220,89.0,319.0
25347213,1,3,110.0,0.0
25346924,1,1,118.0,30.0
25346530,1,3,99.0,0.0
25339875,1,0,140.0,0.0
25330827,1,58,100.0,190.0
25330183,1,2,31.0,0.0
25325946,1,0,175.0,0.0
25319044,1,0,45.0,0.0
25312503,1,16,158.0,70.0
1658443,1,1,100.0,0.0
1657540,1,2,70.0,0.0
1657228,1,1,150.0,35.0
1655982,1,0,180.0,326.0
25404246,1,163,346.0,0.0
25402037,1,3,80.0,0.0
25401356,1,7,125.0,0.0
25399747,1,91,100.0,160.0
25394253,1,1,175.0,0.0
25391872,1,7,105.0,0.0
25385574,1,0,33.0,179.0
25379501,1,44,62.0,77.0
25376759,1,1,90.0,0.0
25371059,1,15,80.0,2.0
25370675,1,0,443.0,365.0
25370219,1,12,65.0,0.0
25368839,1,63,155.0,0.0
25365628,1,0,90.0,0.0
25365575,1,29,64.0,13.0
25364341,1,1,200.0,16.0
25479861,1,0,89.0,365.0
25476493,1,0,115.0,0.0
25476420,1,0,51.0,44.0
25475028,1,1,110.0,0.0
25472836,1,2,145.0,0.0
25468442,1,34,125.0,0.0
25441469,1,2,85.0,0.0
25439443,1,5,85.0,7.0
25438770,1,0,165.0,0.0
25426687,1,45,110.0,342.0
25415637,1,11,144.0,0.0
25412718,1,0,50.0,0.0
25410835,1,8,139.0,0.0
25408903,1,5,89.0,296.0
25406270,1,148,125.0,129.0
25406101,1,2,123.0,0.0
25533198,1,1,53.0,0.0
25528796,1,0,190.0,0.0
25518844,1,11,200.0,179.0
25514430,1,1,50.0,0.0
25505776,1,5,100.0,0.0
25502436,1,5,159.0,363.0
25502424,1,0,92.0,0.0
25499953,1,1,100.0,0.0
25498781,1,9,250.0,0.0
25498509,1,0,100.0,6.0
25497297,1,10,125.0,8.0
25495114,1,22,178.0,0.0
25494876,1,14,149.0,0.0
25492187,1,0,230.0,0.0
25490213,1,1,95.0,67.0
25480676,1,10,65.0,5.0
25602417,1,64,250.0,27.0
25601048,1,4,100.0,107.0
25599837,1,1,60.0,0.0
25599307,1,33,90.0,0.0
25599142,1,47,95.0,0.0
25596158,1,2,70.0,0.0
25585857,1,0,275.0,73.0
25581222,1,57,140.0,73.0
25575398,1,3,70.0,9.0
25573498,1,4,60.0,0.0
25553833,1,11,108.0,0.0
25549474,1,1,45.0,0.0
25545946,1,0,80.0,88.0
25544585,1,0,250.0,52.0
25543706,1,93,80.0,215.0
25537637,1,123,80.0,108.0
25659180,1,4,100.0,0.0
25653961,1,5,50.0,0.0
25651976,1,8,150.0,11.0
25646971,1,8,400.0,44.0
25642456,1,4,45.0,0.0
25641892,1,196,70.0,231.0
25635056,1,12,250.0,7.0
25617559,1,6,89.0,0.0
25615380,1,2,70.0,145.0
25614735,1,0,75.0,0.0
25613217,1,2,96.0,0.0
25612580,1,14,105.0,144.0
25611454,1,57,80.0,14.0
25605887,1,0,450.0,0.0
25605654,1,2,50.0,0.0
25604908,1,0,70.0,13.0
25705189,1,0,100.0,0.0
25705033,1,1,190.0,0.0
25701819,1,0,55.0,0.0
25700836,1,11,128.0,30.0
25699447,1,0,250.0,23.0
25697753,1,2,120.0,0.0
25690203,1,5,100.0,0.0
25689357,1,165,125.0,249.0
25688822,1,70,95.0,117.0
25688324,1,38,133.0,2.0
25687571,1,15,125.0,0.0
25686141,1,66,99.0,189.0
25685076,1,74,111.0,156.0
25673940,1,5,78.0,0.0
25668027,1,1,56.0,0.0
25667666,1,1,50.0,25.0
25760832,1,22,200.0,4.0
25757883,1,43,49.0,25.0
25752230,1,0,69.0,0.0
25750650,1,25,109.0,140.0
25749667,1,1,85.0,0.0
25748492,1,8,120.0,0.0
25747773,1,2,140.0,0.0
25744379,1,36,72.0,10.0
25741946,1,2,110.0,0.0
25733361,1,2,115.0,0.0
25728891,1,72,99.0,231.0
25715117,1,46,100.0,338.0
25713263,1,2,2000.0,75.0
25712247,1,0,140.0,0.0
25711730,1,0,85.0,0.0
25710035,1,1,37.0,0.0
1648054,1,3,100.0,365.0
1647256,1,0,180.0,0.0
1647202,1,37,100.0,44.0
1646988,1,1,50.0,0.0
1646926,1,42,155.0,0.0
1646818,1,1,120.0,286.0
1644999,1,18,115.0,31.0
1644914,1,1,97.0,0.0
1644452,1,18,245.0,0.0
1643782,1,25,135.0,249.0
1642326,1,36,225.0,53.0
1641589,1,0,60.0,0.0
25769417,1,0,150.0,88.0
25767215,1,9,99.0,249.0
25766360,1,0,100.0,332.0
25762289,1,3,126.0,110.0
25840204,1,75,150.0,234.0
25822424,1,0,170.0,0.0
25821864,1,5,65.0,0.0
25821059,1,6,140.0,0.0
25814915,1,1,150.0,0.0
25812202,1,2,45.0,21.0
25810180,1,0,46.0,9.0
25807709,1,27,60.0,322.0
25802929,1,67,195.0,265.0
25798603,1,0,300.0,0.0
25796636,1,44,150.0,0.0
25794110,1,0,165.0,89.0
25789741,1,0,40.0,0.0
25769776,1,4,64.0,0.0
1649300,1,320,325.0,0.0
1648510,1,9,160.0,33.0
25899890,1,2,99.0,0.0
25895777,1,3,400.0,347.0
25895198,1,10,80.0,0.0
25894037,1,0,125.0,0.0
25889382,1,79,60.0,268.0
25880686,1,0,89.0,0.0
25870353,1,0,1000.0,365.0
25867795,1,8,44.0,74.0
25866647,1,175,35.0,49.0
25865233,1,71,115.0,4.0
25860768,1,45,126.0,0.0
25859072,1,5,140.0,0.0
25854571,1,2,49.0,0.0
25851147,1,49,65.0,46.0
25847311,1,16,374.0,363.0
25846948,1,19,151.0,0.0
25974544,1,0,350.0,0.0
25971488,1,0,135.0,0.0
25970711,1,8,100.0,75.0
25970549,1,0,150.0,235.0
25969105,1,30,120.0,13.0
25967444,1,15,225.0,0.0
25963759,1,3,70.0,363.0
25961456,1,0,60.0,0.0
25959120,1,2,85.0,0.0
25947734,1,7,284.0,328.0
25939370,1,6,172.0,195.0
25938509,1,2,25.0,0.0
25913948,1,1,45.0,0.0
25912717,1,1,175.0,0.0
25912623,1,9,129.0,157.0
25912435,1,13,147.0,0.0
26022466,1,8,70.0,0.0
26022066,1,10,50.0,0.0
26020769,1,5,99.0,364.0
26018582,1,1,135.0,214.0
26018110,1,0,60.0,0.0
26018020,1,0,75.0,0.0
26017313,1,2,200.0,0.0
26012172,1,9,160.0,0.0
26010563,1,7,85.0,0.0
26005018,1,43,65.0,35.0
26004891,1,0,44.0,0.0
26003292,1,104,63.0,11.0
26000391,1,2,40.0,188.0
25999700,1,43,50.0,313.0
25996073,1,0,1250.0,342.0
25991504,1,1,48.0,0.0
26089087,1,33,60.0,19.0
26082446,1,0,100.0,0.0
26079021,1,85,249.0,158.0
26073602,1,101,145.0,0.0
26068038,1,2,350.0,0.0
26064594,1,1,200.0,0.0
26054687,1,0,75.0,0.0
26034076,1,0,55.0,0.0
26033344,1,4,30.0,0.0
26031034,1,22,795.0,249.0
26030112,1,3,190.0,0.0
26028092,1,30,66.0,131.0
26024758,1,74,95.0,92.0
26024433,1,21,125.0,7.0
26024349,1,0,200.0,0.0
26023166,1,1,200.0,50.0
26138712,1,5,45.0,0.0
26136707,1,80,77.0,66.0
26135855,1,46,200.0,0.0
26134830,1,109,150.0,343.0
26133955,1,1,89.0,365.0
26129793,1,0,65.0,0.0
26127333,1,1,200.0,39.0
26124805,1,0,90.0,0.0
26123839,1,7,80.0,0.0
26111584,1,72,178.0,0.0
26111326,1,26,125.0,0.0
26104727,1,0,180.0,0.0
26101123,1,23,38.0,30.0
26100862,1,0,90.0,0.0
26095943,1,0,60.0,2.0
26089606,1,13,230.0,260.0
26202073,1,0,89.0,0.0
26185286,1,22,120.0,10.0
26185036,1,0,65.0,0.0
26184062,1,1,150.0,179.0
26178850,1,19,45.0,199.0
26178450,1,10,90.0,14.0
26178075,1,103,75.0,73.0
26178020,1,0,180.0,83.0
26177358,1,34,230.0,4.0
26176627,1,0,50.0,0.0
26172284,1,0,32.0,0.0
26164700,1,0,50.0,0.0
26163238,1,1,115.0,0.0
26162659,1,0,70.0,0.0
26156848,1,68,100.0,5.0
26138840,1,1,175.0,0.0
1640615,1,1,150.0,0.0
1639884,1,22,79.0,268.0
1639684,1,0,49.0,4.0
1639484,1,2,91.0,0.0
1639309,1,1,110.0,312.0
1639277,1,80,135.0,296.0
1637916,1,36,100.0,335.0
1637060,1,80,75.0,3.0
1636933,1,55,99.0,63.0
1636770,1,4,68.0,0.0
1636092,1,2,160.0,19.0
26228337,1,20,120.0,0.0
26225727,1,76,65.0,23.0
26219578,1,0,32.0,48.0
26216172,1,1,60.0,0.0
26209213,1,0,65.0,0.0
26301893,1,12,80.0,59.0
26299995,1,125,55.0,1.0
26298732,1,0,89.0,0.0
26297795,1,5,75.0,0.0
26297742,1,7,325.0,118.0
26295451,1,14,150.0,0.0
26295375,1,5,95.0,49.0
26278289,1,0,300.0,188.0
26267606,1,1,100.0,179.0
26265097,1,1,100.0,0.0
26264587,1,20,135.0,41.0
26260328,1,1,45.0,0.0
26259317,1,25,55.0,0.0
26248578,1,1,345.0,179.0
26243457,1,6,80.0,0.0
1641361,1,0,200.0,0.0
26362511,1,0,60.0,16.0
26360956,1,16,160.0,0.0
26358061,1,0,150.0,0.0
26354652,1,24,90.0,175.0
26347594,1,11,108.0,0.0
26330490,1,5,40.0,0.0
26330233,1,23,175.0,232.0
26329486,1,4,162.0,0.0
26328087,1,4,150.0,93.0
26325723,1,0,80.0,56.0
26319385,1,0,175.0,17.0
26317294,1,0,95.0,365.0
26315450,1,8,56.0,0.0
26312879,1,3,125.0,0.0
26310763,1,0,150.0,2.0
26302195,1,2,65.0,0.0
26415767,1,52,225.0,297.0
26415140,1,0,50.0,0.0
26413356,1,0,175.0,0.0
26410240,1,2,95.0,0.0
26408268,1,9,395.0,10.0
26390396,1,25,209.0,0.0
26388856,1,35,110.0,177.0
26387193,1,0,69.0,0.0
26386038,1,4,185.0,292.0
26380626,1,1,90.0,0.0
26379887,1,4,150.0,0.0
26379512,1,34,90.0,3.0
26378652,1,3,180.0,0.0
26364541,1,1,49.0,0.0
26364534,1,1,66.0,70.0
26362901,1,63,225.0,0.0
26484511,1,4,175.0,0.0
26483902,1,0,175.0,157.0
26476746,1,6,140.0,0.0
26475189,1,0,79.0,0.0
26474885,1,0,350.0,0.0
26474200,1,9,100.0,365.0
26459329,1,27,80.0,144.0
26446036,1,78,135.0,0.0
26444500,1,0,59.0,0.0
26443890,1,2,65.0,0.0
26440775,1,12,115.0,66.0
26440049,1,12,95.0,0.0
26439972,1,5,59.0,319.0
26437452,1,14,70.0,0.0
26433326,1,3,195.0,0.0
26420701,1,1,55.0,0.0
1633721,1,23,250.0,0.0
1633100,1,42,120.0,238.0
1632633,1,27,120.0,8.0
1632149,1,47,110.0,248.0
1631807,1,1,80.0,0.0
1631733,1,62,89.0,189.0
1631400,1,65,199.0,155.0
1631330,1,2,70.0,0.0
1631288,1,30,65.0,139.0
1630247,1,9,95.0,0.0
1628075,1,33,265.0,281.0
1627760,1,1,190.0,0.0
1626704,1,55,75.0,0.0
1626430,1,81,120.0,27.0
26490481,1,1,125.0,0.0
26490270,1,1,1000.0,365.0
26554386,1,43,105.0,319.0
26552242,1,2,85.0,19.0
26546007,1,0,300.0,0.0
26543881,1,2,200.0,261.0
26529889,1,63,379.0,238.0
26529661,1,0,1763.0,0.0
26517955,1,1,50.0,0.0
26504092,1,2,100.0,0.0
26502283,1,14,125.0,0.0
26502234,1,28,195.0,285.0
26500909,1,1,60.0,0.0
26500272,1,0,350.0,0.0
26498283,1,3,40.0,0.0
26495690,1,0,90.0,0.0
26495426,1,147,110.0,88.0
26494979,1,4,115.0,0.0
26621764,1,0,150.0,0.0
26620387,1,0,945.0,19.0
26606802,1,12,510.0,364.0
26603179,1,16,219.0,332.0
26600082,1,14,150.0,2.0
26596078,1,11,75.0,3.0
26595479,1,0,45.0,0.0
26585911,1,3,125.0,281.0
26583247,1,0,132.0,0.0
26574838,1,2,65.0,0.0
26564745,1,17,174.0,15.0
26561588,1,1,40.0,0.0
26558906,1,7,34.0,71.0
26558533,1,8,79.0,0.0
26557574,1,1,100.0,0.0
26555925,1,6,113.0,1.0
26748898,1,4,275.0,0.0
26744799,1,39,99.0,306.0
26732630,1,0,115.0,0.0
26710027,1,21,65.0,0.0
26702561,1,0,90.0,0.0
26691429,1,56,115.0,325.0
26676357,1,2,150.0,0.0
26671786,1,4,79.0,0.0
26656760,1,10,200.0,0.0
26645843,1,2,250.0,6.0
26640554,1,3,350.0,0.0
26640253,1,61,65.0,323.0
26634538,1,7,42.0,0.0
26633737,1,0,65.0,3.0
26627436,1,42,29.0,16.0
26624082,1,1,90.0,0.0
26794599,1,1,60.0,0.0
26794324,1,0,45.0,10.0
26790498,1,1,50.0,0.0
26789544,1,0,200.0,0.0
26787684,1,0,120.0,0.0
26784906,1,2,250.0,0.0
26784331,1,8,149.0,0.0
26781753,1,0,95.0,125.0
26781249,1,10,150.0,0.0
26769462,1,28,170.0,0.0
26765580,1,91,110.0,48.0
26765262,1,70,125.0,99.0
26759986,1,2,150.0,0.0
26756453,1,0,70.0,0.0
26754726,1,0,200.0,0.0
26749889,1,4,110.0,0.0
26819401,1,3,180.0,0.0
26819117,1,1,115.0,0.0
26819014,1,0,25.0,0.0
26818265,1,1,280.0,0.0
26817172,1,11,250.0,336.0
26814623,1,13,149.0,0.0
26813492,1,3,91.0,0.0
26811311,1,45,62.0,325.0
26809413,1,27,95.0,167.0
26808662,1,4,44.0,0.0
26806527,1,0,100.0,0.0
26804769,1,3,32.0,0.0
26802681,1,172,99.0,213.0
26800649,1,0,110.0,0.0
26800283,1,1,400.0,0.0
26796335,1,29,225.0,35.0
1623509,1,1,73.0,43.0
1623346,1,2,53.0,0.0
1622733,1,14,75.0,93.0
1620498,1,3,220.0,0.0
1619994,1,11,150.0,0.0
1617817,1,136,89.0,193.0
1616218,1,0,165.0,71.0
1611747,1,1,250.0,0.0
1610862,1,8,47.0,0.0
1610852,1,78,120.0,0.0
1607646,1,7,65.0,0.0
1607289,1,1,299.0,0.0
26823131,1,11,169.0,0.0
26822855,1,4,115.0,0.0
26822598,1,3,80.0,0.0
26821811,1,1,38.0,0.0
26908204,1,59,90.0,28.0
26899122,1,1,85.0,0.0
26899015,1,0,70.0,0.0
26898157,1,77,150.0,59.0
26898137,1,1,48.0,0.0
26885466,1,54,60.0,0.0
26880156,1,3,50.0,32.0
26877931,1,20,45.0,52.0
26876408,1,1,160.0,95.0
26870769,1,4,60.0,173.0
26865924,1,1,65.0,0.0
26860800,1,31,115.0,1.0
26856426,1,8,189.0,0.0
26830685,1,32,850.0,262.0
26825592,1,19,140.0,18.0
1624568,1,30,120.0,35.0
26935678,1,9,285.0,229.0
26935419,1,0,120.0,252.0
26930091,1,4,265.0,322.0
26929394,1,2,125.0,0.0
26928086,1,6,140.0,0.0
26926354,1,0,90.0,0.0
26925894,1,2,80.0,0.0
26924376,1,17,70.0,331.0
26923225,1,2,36.0,0.0
26923140,1,110,199.0,246.0
26922164,1,11,80.0,0.0
26921025,1,0,99.0,0.0
26920932,1,1,200.0,0.0
26920640,1,2,200.0,0.0
26910600,1,1,500.0,90.0
26909087,1,2,65.0,0.0
26992810,1,12,100.0,12.0
26989131,1,2,85.0,100.0
26984764,1,1,90.0,0.0
26980460,1,1,180.0,0.0
26975156,1,1,115.0,0.0
26973868,1,4,90.0,51.0
26961393,1,3,198.0,11.0
26959668,1,19,125.0,0.0
26958002,1,2,225.0,0.0
26955105,1,67,180.0,304.0
26953965,1,4,39.0,0.0
26951283,1,4,100.0,0.0
26947215,1,26,40.0,141.0
26943880,1,6,80.0,0.0
26942242,1,1,230.0,0.0
26942041,1,0,50.0,0.0
27077862,1,0,200.0,0.0
27072611,1,79,285.0,310.0
27072226,1,0,40.0,0.0
27071572,1,3,140.0,89.0
27070796,1,7,139.0,37.0
27070336,1,0,75.0,0.0
27065592,1,2,60.0,0.0
27054429,1,133,90.0,81.0
27053744,1,1,149.0,0.0
27032848,1,4,89.0,128.0
27019686,1,1,150.0,0.0
27018630,1,163,239.0,118.0
27012583,1,3,86.0,0.0
27007200,1,0,125.0,29.0
27001949,1,72,70.0,155.0
26999875,1,0,500.0,0.0
27126531,1,3,150.0,0.0
27125291,1,4,79.0,0.0
27123110,1,2,65.0,0.0
27121854,1,169,289.0,3.0
27108723,1,12,66.0,5.0
27107891,1,8,179.0,104.0
27105320,1,0,35.0,0.0
27103894,1,0,115.0,0.0
27102828,1,0,50.0,0.0
27102064,1,10,100.0,0.0
27098685,1,1,115.0,0.0
27090361,1,2,126.0,0.0
27089410,1,0,60.0,54.0
27087652,1,1,50.0,0.0
27081028,1,16,55.0,0.0
27078779,1,0,105.0,0.0
27186594,1,10,87.0,0.0
27186438,1,2,43.0,311.0
27181542,1,0,249.0,325.0
27181498,1,0,75.0,0.0
27181264,1,0,115.0,0.0
27178707,1,2,199.0,0.0
27175572,1,105,160.0,18.0
27175000,1,2,400.0,0.0
27165264,1,9,90.0,0.0
27163319,1,0,120.0,8.0
27163168,1,1,50.0,0.0
27159364,1,1,90.0,0.0
27159049,1,8,142.0,0.0
27158859,1,15,199.0,0.0
27131793,1,19,46.0,0.0
27126954,1,1,75.0,0.0
27267477,1,10,65.0,0.0
27266433,1,4,94.0,0.0
27263990,1,0,110.0,0.0
27245607,1,2,165.0,0.0
27240422,1,2,45.0,0.0
27240092,1,118,124.0,278.0
27238076,1,195,135.0,241.0
27234334,1,7,125.0,16.0
27234116,1,0,175.0,0.0
27231066,1,22,165.0,0.0
27227850,1,32,144.0,0.0
27212322,1,0,1450.0,0.0
27204642,1,14,200.0,284.0
27201435,1,32,100.0,0.0
27188995,1,1,90.0,280.0
27186608,1,13,39.0,186.0
27355064,1,19,99.0,153.0
27341303,1,1,118.0,0.0
27333268,1,8,151.0,27.0
27331181,1,26,250.0,0.0
27315132,1,25,110.0,161.0
27314977,1,8,110.0,0.0
27294350,1,0,55.0,0.0
27293055,1,3,159.0,0.0
27289632,1,138,90.0,71.0
27289127,1,3,200.0,0.0
27287584,1,0,250.0,0.0
27287203,1,42,80.0,16.0
27283579,1,4,119.0,0.0
27281731,1,20,40.0,131.0
27277379,1,9,75.0,227.0
27272337,1,40,250.0,183.0
1607111,1,3,65.0,0.0
1607087,1,2,75.0,0.0
1606397,1,1,118.0,0.0
1606222,1,61,100.0,90.0
1606152,1,1,150.0,0.0
1604815,1,13,135.0,7.0
1603471,1,0,90.0,0.0
1603343,1,3,225.0,0.0
1602948,1,2,91.0,1.0
1602809,1,0,150.0,278.0
1602568,1,1,330.0,0.0
1601664,1,216,86.0,250.0
1601577,1,7,600.0,0.0
1601416,1,67,70.0,0.0
1601345,1,128,289.0,92.0
27360886,1,136,195.0,103.0
27439632,1,0,160.0,0.0
27439022,1,95,85.0,321.0
27431753,1,188,204.0,0.0
27428499,1,1,190.0,0.0
27428173,1,2,190.0,135.0
27427335,1,3,99.0,0.0
27421445,1,1,50.0,0.0
27403581,1,52,49.0,194.0
27381412,1,4,200.0,72.0
27379452,1,0,55.0,0.0
27379417,1,243,85.0,281.0
27379154,1,4,85.0,0.0
27376622,1,49,65.0,353.0
27371503,1,0,40.0,0.0
27371081,1,21,50.0,179.0
27362570,1,4,52.0,0.0
27502041,1,40,99.0,128.0
27499750,1,0,125.0,0.0
27497250,1,5,80.0,55.0
27488921,1,44,148.0,280.0
27482728,1,69,255.0,149.0
27479250,1,0,125.0,0.0
27474206,1,1,45.0,0.0
27473592,1,2,75.0,0.0
27473538,1,0,250.0,43.0
27468780,1,6,110.0,0.0
27462282,1,0,80.0,0.0
27446767,1,0,59.0,0.0
27445710,1,1,80.0,0.0
27443386,1,2,50.0,0.0
27443229,1,43,140.0,0.0
27442469,1,1,145.0,0.0
27559933,1,7,300.0,104.0
27558716,1,47,50.0,348.0
27556149,1,2,75.0,0.0
27551876,1,0,195.0,50.0
27551651,1,9,225.0,6.0
27547703,1,2,110.0,0.0
27538684,1,2,125.0,0.0
27537930,1,0,20.0,5.0
27537912,1,12,59.0,0.0
27534002,1,87,95.0,31.0
27532205,1,8,65.0,106.0
27527984,1,2,66.0,0.0
27512264,1,0,143.0,181.0
27506975,1,1,90.0,0.0
27504587,1,0,160.0,0.0
27502743,1,0,175.0,89.0
27624437,1,1,208.0,170.0
27614204,1,81,60.0,312.0
27610676,1,7,120.0,41.0
27601846,1,3,183.0,37.0
27600568,1,55,195.0,30.0
27591905,1,0,58.0,0.0
27589508,1,84,200.0,272.0
27589350,1,0,55.0,13.0
27584983,1,9,250.0,0.0
27583102,1,21,150.0,191.0
27582777,1,16,70.0,0.0
27567524,1,0,70.0,0.0
27564513,1,7,250.0,183.0
27562515,1,0,99.0,18.0
27560165,1,0,45.0,176.0
27559992,1,97,158.0,28.0
27708645,1,3,65.0,342.0
27703207,1,3,45.0,0.0
27700855,1,62,300.0,274.0
27698539,1,13,90.0,24.0
27698133,1,13,38.0,0.0
27694509,1,98,100.0,28.0
27670418,1,11,79.0,3.0
27670390,1,3,55.0,0.0
27664722,1,2,30.0,0.0
27661888,1,40,575.0,46.0
27660118,1,233,150.0,5.0
27657527,1,1,300.0,0.0
27655084,1,7,299.0,0.0
27652670,1,12,133.0,0.0
27630423,1,2,120.0,0.0
27624941,1,154,99.0,145.0
27785287,1,6,50.0,2.0
27784469,1,2,150.0,0.0
27782348,1,1,50.0,0.0
27780735,1,2,110.0,0.0
27755788,1,1,150.0,209.0
27751504,1,2,35.0,0.0
27748965,1,0,95.0,0.0
27744706,1,1,44.0,192.0
27742760,1,0,300.0,365.0
27742407,1,2,120.0,13.0
27736765,1,0,160.0,0.0
27721159,1,1,94.0,0.0
27716292,1,2,50.0,0.0
27714436,1,1,51.0,0.0
27712561,1,0,150.0,0.0
27709477,1,100,145.0,296.0
27891261,1,2,160.0,126.0
27885164,1,0,50.0,0.0
27871113,1,14,300.0,0.0
27867038,1,11,62.0,351.0
27863129,1,39,250.0,0.0
27854445,1,0,50.0,0.0
27847787,1,9,230.0,0.0
27831147,1,1,585.0,97.0
27815282,1,5,175.0,83.0
27813383,1,43,136.0,338.0
27809907,1,2,130.0,0.0
27807705,1,0,70.0,0.0
27803037,1,20,175.0,0.0
27793336,1,5,170.0,0.0
27790643,1,1,49.0,0.0
27789935,1,20,170.0,0.0
1600988,1,5,82.0,311.0
1600541,1,68,425.0,358.0
1599319,1,5,60.0,0.0
1599261,1,19,140.0,218.0
1599175,1,1,165.0,0.0
1599136,1,35,199.0,283.0
1598283,1,31,198.0,57.0
1597935,1,11,99.0,0.0
1597722,1,5,145.0,0.0
1597481,1,13,75.0,298.0
1596626,1,115,135.0,19.0
1594083,1,7,315.0,0.0
1590939,1,0,101.0,0.0
1590548,1,65,149.0,364.0
1590148,1,2,250.0,0.0
27894798,1,0,200.0,0.0
27952234,1,0,100.0,0.0
27944388,1,325,70.0,108.0
27936743,1,4,75.0,103.0
27932675,1,3,100.0,0.0
27927011,1,7,99.0,337.0
27923277,1,9,75.0,34.0
27923193,1,9,47.0,0.0
27922078,1,7,65.0,0.0
27921486,1,0,350.0,0.0
27921386,1,14,40.0,0.0
27919611,1,0,28.0,0.0
27919510,1,7,350.0,0.0
27915373,1,18,55.0,65.0
27906470,1,0,70.0,0.0
27895393,1,23,95.0,229.0
1601321,1,5,130.0,6.0
28007844,1,1,108.0,0.0
28005408,1,4,499.0,364.0
28003040,1,56,30.0,0.0
27998261,1,14,195.0,0.0
27984357,1,24,300.0,61.0
27982346,1,5,49.0,0.0
27977872,1,0,250.0,0.0
27974744,1,156,100.0,197.0
27973696,1,1,45.0,0.0
27969560,1,132,65.0,261.0
27966935,1,20,100.0,309.0
27966322,1,2,60.0,40.0
27964506,1,13,60.0,35.0
27958360,1,20,160.0,6.0
27953442,1,0,799.0,214.0
27953420,1,0,110.0,0.0
28105866,1,0,90.0,0.0
28103718,1,1,150.0,209.0
28100741,1,35,200.0,11.0
28071452,1,12,195.0,112.0
28071093,1,5,60.0,0.0
28066471,1,1,150.0,6.0
28065838,1,2,150.0,0.0
28060043,1,2,195.0,1.0
28046939,1,0,97.0,0.0
28046572,1,1,35.0,0.0
28035940,1,1,130.0,2.0
28027678,1,160,115.0,15.0
28025816,1,255,70.0,11.0
28023382,1,183,99.0,196.0
28019842,1,0,100.0,0.0
28013319,1,135,180.0,151.0
28191131,1,0,890.0,0.0
28190733,1,10,175.0,0.0
28190490,1,6,90.0,3.0
28189446,1,83,70.0,291.0
28186801,1,1,260.0,0.0
28185540,1,4,60.0,0.0
28183109,1,83,119.0,217.0
28181993,1,0,70.0,0.0
28175069,1,3,160.0,0.0
28173937,1,20,98.0,0.0
28171999,1,0,250.0,10.0
28159250,1,43,200.0,284.0
28135147,1,20,200.0,11.0
28121352,1,27,43.0,0.0
28115515,1,0,150.0,0.0
28110419,1,0,150.0,0.0
1587834,1,0,65.0,0.0
1587234,1,46,225.0,320.0
1587220,1,0,240.0,0.0
1587123,1,4,135.0,0.0
1586945,1,14,99.0,365.0
1586060,1,7,300.0,0.0
1583768,1,18,130.0,0.0
1583742,1,31,50.0,0.0
1583594,1,19,60.0,0.0
1583461,1,1,160.0,290.0
1582736,1,7,200.0,0.0
1581845,1,2,2400.0,365.0
28226289,1,1,500.0,0.0
28220309,1,2,185.0,0.0
28214995,1,10,350.0,179.0
28191353,1,0,390.0,0.0
28283747,1,1,46.0,0.0
28283044,1,61,139.0,82.0
28272799,1,27,29.0,0.0
28269324,1,2,45.0,0.0
28260191,1,1,47.0,75.0
28260018,1,63,96.0,80.0
28255971,1,3,200.0,10.0
28255422,1,12,151.0,0.0
28252018,1,5,90.0,0.0
28250527,1,0,65.0,0.0
28249503,1,8,90.0,0.0
28248849,1,1,149.0,0.0
28234750,1,14,200.0,0.0
28234612,1,0,150.0,0.0
28230496,1,2,200.0,78.0
28229044,1,0,80.0,0.0
28357796,1,0,210.0,337.0
28345063,1,26,76.0,31.0
28340943,1,0,199.0,0.0
28340799,1,1,47.0,0.0
28340376,1,85,164.0,0.0
28337487,1,11,60.0,0.0
28336810,1,3,150.0,0.0
28334703,1,2,150.0,7.0
28325192,1,2,150.0,0.0
28316764,1,4,52.0,0.0
28316637,1,56,185.0,333.0
28307663,1,12,170.0,3.0
28305098,1,13,900.0,24.0
28303435,1,43,200.0,232.0
28297517,1,54,140.0,267.0
28295132,1,1,60.0,0.0
28421010,1,0,500.0,0.0
28418563,1,20,179.0,268.0
28411613,1,57,524.0,115.0
28408861,1,0,97.0,0.0
28408288,1,6,49.0,0.0
28400686,1,0,78.0,0.0
28398689,1,0,150.0,0.0
28396398,1,0,99.0,0.0
28380119,1,4,250.0,0.0
28378670,1,134,119.0,66.0
28375704,1,0,80.0,180.0
28373054,1,14,600.0,167.0
28371926,1,9,60.0,87.0
28365672,1,0,55.0,0.0
28363708,1,0,350.0,145.0
28362995,1,0,300.0,0.0
28497808,1,5,130.0,0.0
28484697,1,10,200.0,345.0
28483768,1,45,95.0,134.0
28480501,1,3,150.0,36.0
28478382,1,12,70.0,189.0
28473177,1,45,146.0,211.0
28468845,1,1,168.0,179.0
28464830,1,2,650.0,84.0
28462809,1,18,80.0,55.0
28460706,1,0,80.0,312.0
28460565,1,6,135.0,0.0
28450419,1,4,200.0,48.0
28429835,1,1,250.0,0.0
28422641,1,29,350.0,65.0
28422539,1,0,250.0,0.0
28422099,1,87,155.0,99.0
28577246,1,3,85.0,0.0
28574655,1,54,180.0,277.0
28570275,1,9,450.0,0.0
28565101,1,45,130.0,58.0
28564535,1,1,50.0,0.0
28557516,1,0,55.0,0.0
28557212,1,4,73.0,0.0
28556029,1,16,95.0,0.0
28551360,1,11,120.0,0.0
28546873,1,9,45.0,80.0
28531618,1,4,79.0,76.0
28518140,1,8,250.0,0.0
28514966,1,38,349.0,72.0
28513635,1,0,110.0,0.0
28504839,1,5,150.0,0.0
28500137,1,0,164.0,7.0
28660089,1,7,170.0,0.0
28649974,1,0,50.0,0.0
28648021,1,1,41.0,0.0
28645487,1,11,50.0,0.0
28645131,1,2,80.0,0.0
28642501,1,0,210.0,0.0
28642031,1,1,60.0,0.0
28640162,1,0,150.0,0.0
28638583,1,70,156.0,67.0
28626337,1,2,65.0,0.0
28613272,1,1,149.0,3.0
28601986,1,10,84.0,0.0
28588488,1,39,395.0,177.0
28586423,1,0,450.0,88.0
28584269,1,72,99.0,266.0
28584159,1,1,65.0,89.0
1580521,1,72,160.0,236.0
1579845,1,0,87.0,0.0
1577961,1,123,65.0,46.0
1577803,1,19,90.0,149.0
1577493,1,16,135.0,0.0
1576926,1,1,45.0,116.0
1575480,1,1,195.0,143.0
1575044,1,7,135.0,117.0
1574687,1,3,180.0,5.0
1574618,1,47,95.0,3.0
1572315,1,23,112.0,18.0
1572271,1,80,185.0,0.0
1570949,1,0,85.0,0.0
28680760,1,3,250.0,333.0
28680349,1,7,90.0,0.0
28669815,1,0,31.0,0.0
28752285,1,0,90.0,347.0
28745989,1,0,125.0,0.0
28740462,1,36,40.0,63.0
28727058,1,47,70.0,0.0
28723165,1,131,70.0,0.0
28722501,1,47,250.0,89.0
28717495,1,1,199.0,0.0
28713609,1,25,120.0,6.0
28711190,1,0,75.0,0.0
28706617,1,0,100.0,0.0
28700317,1,0,300.0,0.0
28699661,1,17,120.0,0.0
28696923,1,8,99.0,0.0
28695008,1,24,190.0,215.0
1580799,1,44,85.0,299.0
1580711,1,4,115.0,46.0
28821748,1,1,30.0,0.0
28819052,1,95,80.0,51.0
28813132,1,0,70.0,0.0
28812204,1,6,200.0,349.0
28811203,1,3,349.0,188.0
28809821,1,7,115.0,0.0
28809087,1,0,200.0,0.0
28808966,1,0,180.0,0.0
28804489,1,46,220.0,92.0
28783846,1,7,90.0,0.0
28781526,1,68,150.0,74.0
28779108,1,26,190.0,145.0
28770493,1,3,204.0,6.0
28768715,1,59,210.0,248.0
28758646,1,4,300.0,0.0
28753907,1,35,60.0,204.0
28930916,1,50,42.0,343.0
28929752,1,4,115.0,0.0
28917776,1,2,87.0,76.0
28916226,1,0,75.0,0.0
28913914,1,4,90.0,1.0
28895303,1,10,95.0,0.0
28888685,1,5,72.0,0.0
28881583,1,28,150.0,9.0
28876335,1,0,75.0,0.0
28868609,1,1,100.0,0.0
28846474,1,3,80.0,0.0
28841406,1,0,75.0,0.0
28840396,1,14,95.0,137.0
28840058,1,4,61.0,0.0
28839010,1,0,115.0,0.0
28825500,1,0,100.0,0.0
1570799,1,2,100.0,3.0
1570348,1,51,65.0,73.0
1568951,1,12,80.0,0.0
1568820,1,7,34.0,126.0
1568383,1,1,75.0,271.0
1568269,1,0,85.0,10.0
1566167,1,21,49.0,34.0
1566042,1,10,55.0,97.0
1565924,1,1,65.0,0.0
1565284,1,6,290.0,0.0
1564111,1,73,125.0,20.0
1563352,1,0,85.0,0.0
1562990,1,4,175.0,0.0
28943965,1,3,55.0,0.0
28940517,1,0,65.0,38.0
28937325,1,38,120.0,178.0
29021587,1,0,75.0,0.0
29011140,1,0,80.0,0.0
29010692,1,2,40.0,0.0
29005043,1,7,125.0,179.0
29003640,1,6,60.0,0.0
29001886,1,0,700.0,9.0
29001464,1,1,92.0,0.0
28999705,1,4,100.0,0.0
28996758,1,5,72.0,0.0
28994468,1,1,400.0,0.0
28984530,1,0,100.0,0.0
28983064,1,0,57.0,66.0
28980092,1,0,110.0,0.0
28974263,1,31,60.0,147.0
28960938,1,0,90.0,180.0
28953246,1,0,100.0,0.0
29102073,1,2,60.0,0.0
29101658,1,6,80.0,0.0
29099312,1,3,60.0,0.0
29098546,1,65,29.0,5.0
29094579,1,4,89.0,21.0
29092144,1,2,320.0,299.0
29084038,1,87,225.0,280.0
29074867,1,4,150.0,0.0
29065752,1,0,333.0,365.0
29055402,1,66,275.0,23.0
29044900,1,10,130.0,159.0
29040298,1,0,64.0,0.0
29035593,1,0,115.0,0.0
29034854,1,1,200.0,23.0
29032861,1,2,150.0,14.0
29026712,1,2,70.0,0.0
29182025,1,87,700.0,266.0
29178119,1,0,85.0,55.0
29170051,1,80,100.0,112.0
29161738,1,7,55.0,0.0
29156329,1,9,87.0,0.0
29134684,1,2,199.0,0.0
29129194,1,17,90.0,91.0
29127683,1,4,78.0,13.0
29124230,1,5,180.0,34.0
29111960,1,1,55.0,0.0
29111684,1,2,85.0,0.0
29111260,1,2,55.0,0.0
29110524,1,0,115.0,0.0
29110009,1,3,95.0,221.0
29106164,1,32,75.0,72.0
29104701,1,16,150.0,50.0
29268760,1,0,45.0,0.0
29263011,1,68,85.0,69.0
29248621,1,5,50.0,0.0
29245582,1,16,150.0,3.0
29244447,1,1,250.0,0.0
29240443,1,3,180.0,0.0
29239547,1,25,89.0,346.0
29238030,1,3,70.0,0.0
29236921,1,16,49.0,0.0
29235148,1,3,60.0,0.0
29224381,1,7,120.0,327.0
29217011,1,2,85.0,0.0
29212339,1,52,140.0,222.0
29210997,1,11,400.0,6.0
29204097,1,18,160.0,180.0
29183572,1,2,300.0,0.0
29345363,1,58,165.0,138.0
29343272,1,18,75.0,0.0
29342746,1,1,60.0,0.0
29340158,1,0,43.0,128.0
29339405,1,3,300.0,115.0
29338009,1,17,185.0,0.0
29336125,1,64,125.0,132.0
29332408,1,51,125.0,67.0
29326392,1,1,31.0,0.0
29314677,1,87,64.0,42.0
29301386,1,16,85.0,11.0
29301222,1,0,33.0,0.0
29285454,1,2,55.0,297.0
29279378,1,0,200.0,180.0
29279330,1,34,122.0,0.0
29277084,1,0,50.0,90.0
29413554,1,1,150.0,0.0
29412145,1,4,50.0,0.0
29411897,1,18,70.0,142.0
29411875,1,3,175.0,0.0
29408743,1,18,145.0,157.0
29408645,1,4,99.0,18.0
29408349,1,7,179.0,0.0
29408218,1,0,50.0,0.0
29395562,1,58,85.0,5.0
29394295,1,0,80.0,0.0
29393413,1,0,225.0,84.0
29392554,1,0,75.0,173.0
29387731,1,1,65.0,5.0
29387678,1,0,1700.0,365.0
29358602,1,151,90.0,129.0
29346825,1,1,34.0,0.0
29509026,1,6,130.0,0.0
29505367,1,0,180.0,0.0
29480857,1,11,48.0,0.0
29480685,1,22,244.0,1.0
29478455,1,4,115.0,2.0
29474145,1,48,100.0,167.0
29470566,1,6,65.0,31.0
29466025,1,2,325.0,0.0
29464755,1,34,40.0,0.0
29461390,1,7,82.0,178.0
29456424,1,8,150.0,0.0
29452212,1,0,120.0,0.0
29452204,1,0,155.0,0.0
29452152,1,5,145.0,1.0
29420917,1,6,300.0,16.0
29417590,1,2,100.0,0.0
29570399,1,0,210.0,106.0
29569974,1,1,89.0,266.0
29568720,1,7,80.0,0.0
29546670,1,41,55.0,5.0
29544115,1,1,70.0,0.0
29537636,1,3,225.0,0.0
29535980,1,0,65.0,210.0
29533851,1,57,85.0,56.0
29528182,1,2,40.0,0.0
29525065,1,1,120.0,311.0
29518961,1,1,120.0,0.0
29518662,1,14,75.0,352.0
29516183,1,3,90.0,0.0
29514176,1,4,125.0,0.0
29513490,1,4,125.0,0.0
29510483,1,0,65.0,0.0
1562642,1,144,82.0,0.0
1562045,1,0,295.0,146.0
1562039,1,12,115.0,0.0
1561585,1,1,90.0,179.0
1561505,1,51,90.0,311.0
1559494,1,20,600.0,283.0
1558246,1,0,105.0,0.0
1557998,1,9,130.0,188.0
1557774,1,27,140.0,0.0
1557442,1,48,450.0,188.0
1557383,1,4,70.0,0.0
1556814,1,19,250.0,318.0
1556712,1,32,190.0,265.0
1555897,1,158,75.0,168.0
29582228,1,1,90.0,6.0
29574418,1,19,110.0,171.0
29642992,1,8,70.0,0.0
29641189,1,3,90.0,18.0
29637078,1,128,195.0,93.0
29628369,1,238,181.0,302.0
29622548,1,0,149.0,297.0
29614678,1,60,150.0,125.0
29602688,1,6,130.0,2.0
29600909,1,14,160.0,45.0
29600525,1,122,85.0,258.0
29599980,1,1,41.0,0.0
29599415,1,2,60.0,0.0
29597567,1,127,49.0,64.0
29594719,1,1,445.0,0.0
29592244,1,138,59.0,35.0
29590865,1,0,125.0,15.0
29582882,1,54,99.0,98.0
29721928,1,5,195.0,0.0
29707420,1,0,150.0,0.0
29702921,1,0,80.0,0.0
29700603,1,1,200.0,16.0
29698290,1,9,200.0,0.0
29697292,1,12,70.0,318.0
29693386,1,1,65.0,0.0
29690360,1,0,120.0,0.0
29688249,1,6,82.0,180.0
29683852,1,2,150.0,0.0
29664627,1,8,200.0,0.0
29661897,1,15,100.0,30.0
29659188,1,11,279.0,112.0
29658310,1,1,200.0,0.0
29655230,1,11,68.0,87.0
29651191,1,13,225.0,0.0
29821368,1,2,200.0,0.0
29792577,1,6,50.0,0.0
29786027,1,2,99.0,0.0
29784880,1,6,149.0,241.0
29775337,1,7,150.0,20.0
29769754,1,35,499.0,223.0
29766155,1,0,200.0,0.0
29765186,1,6,75.0,84.0
29750315,1,3,108.0,0.0
29746291,1,5,150.0,3.0
29741970,1,14,80.0,0.0
29741813,1,0,475.0,64.0
29741575,1,0,150.0,0.0
29740456,1,4,75.0,0.0
29735603,1,3,90.0,215.0
29731292,1,2,60.0,0.0
29887425,1,58,65.0,24.0
29885916,1,8,245.0,52.0
29883522,1,1,50.0,0.0
29882817,1,0,70.0,0.0
29880001,1,0,85.0,0.0
29877911,1,33,120.0,247.0
29871437,1,113,78.0,285.0
29871124,1,1,49.0,0.0
29867167,1,17,95.0,0.0
29867161,1,0,165.0,0.0
29859280,1,13,150.0,26.0
29854797,1,29,150.0,109.0
29854689,1,17,65.0,30.0
29834506,1,3,150.0,0.0
29824461,1,1,75.0,0.0
29823680,1,0,125.0,0.0
29959226,1,1,65.0,0.0
29952888,1,0,67.0,50.0
29952340,1,51,94.0,74.0
29950960,1,14,75.0,10.0
29941633,1,0,850.0,0.0
29936494,1,55,195.0,34.0
29936265,1,2,110.0,0.0
29929166,1,0,150.0,35.0
29927802,1,7,56.0,0.0
29923547,1,0,125.0,0.0
29918034,1,25,110.0,125.0
29901463,1,105,68.0,302.0
29899972,1,0,74.0,0.0
29893723,1,5,158.0,0.0
29893120,1,9,89.0,0.0
29888597,1,41,200.0,87.0
30063582,1,0,37.0,0.0
30050649,1,9,185.0,0.0
30047867,1,3,50.0,0.0
30046603,1,2,200.0,0.0
30045665,1,80,399.0,212.0
30045574,1,8,150.0,328.0
30037999,1,200,70.0,202.0
30021975,1,2,49.0,1.0
30016379,1,3,173.0,0.0
30002976,1,0,48.0,0.0
29999716,1,0,300.0,0.0
29997245,1,70,125.0,71.0
29988752,1,22,100.0,0.0
29967049,1,6,99.0,3.0
29964121,1,17,150.0,362.0
29959914,1,3,52.0,0.0
30157754,1,0,60.0,0.0
30145223,1,26,269.0,49.0
30137775,1,1,380.0,24.0
30116728,1,1,125.0,0.0
30116009,1,1,115.0,0.0
30112106,1,13,45.0,0.0
30110593,1,0,135.0,0.0
30101336,1,1,145.0,180.0
30097523,1,5,110.0,0.0
30080463,1,65,101.0,138.0
30078721,1,0,80.0,0.0
30077950,1,0,250.0,0.0
30075148,1,1,50.0,0.0
30074012,1,32,80.0,0.0
30066784,1,204,110.0,41.0
30066276,1,1,55.0,0.0
30224269,1,135,140.0,228.0
30223355,1,0,3000.0,23.0
30223110,1,1,112.0,0.0
30214562,1,38,145.0,125.0
30214212,1,3,100.0,258.0
30214050,1,1,125.0,0.0
30208406,1,4,400.0,0.0
30200529,1,12,185.0,0.0
30196119,1,28,120.0,355.0
30185638,1,29,85.0,240.0
30185313,1,4,120.0,153.0
30177875,1,3,120.0,7.0
30175811,1,10,200.0,0.0
30168484,1,8,120.0,126.0
30168229,1,0,80.0,0.0
30166510,1,1,50.0,0.0
30314132,1,108,65.0,0.0
30312537,1,0,95.0,0.0
30284592,1,1,70.0,0.0
30283911,1,1,69.0,0.0
30280316,1,0,40.0,0.0
30267389,1,0,160.0,364.0
30247261,1,1,999.0,0.0
30247185,1,2,65.0,0.0
30245313,1,6,187.0,0.0
30242959,1,129,116.0,89.0
30242632,1,44,600.0,134.0
30240946,1,0,42.0,0.0
30232055,1,2,80.0,255.0
30232035,1,0,40.0,0.0
30224403,1,9,175.0,6.0
30224326,1,2,150.0,0.0
1550578,1,44,140.0,260.0
1550419,1,0,50.0,0.0
1549503,1,1,195.0,0.0
1548010,1,3,48.0,0.0
1547578,1,1,90.0,0.0
1546620,1,1,100.0,0.0
1546476,1,9,120.0,2.0
1546439,1,1,50.0,0.0
1545977,1,38,195.0,345.0
1544804,1,185,99.0,211.0
1544485,1,19,185.0,0.0
1544412,1,18,90.0,37.0
30346554,1,6,75.0,0.0
30345458,1,8,98.0,0.0
30340506,1,0,190.0,0.0
30322413,1,0,325.0,0.0
30381715,1,1,79.0,0.0
30381245,1,4,85.0,1.0
30380688,1,142,145.0,218.0
30379314,1,1,50.0,0.0
30376992,1,5,130.0,0.0
30370192,1,42,152.0,357.0
30360956,1,0,100.0,266.0
30357478,1,0,20.0,0.0
30356325,1,4,70.0,0.0
30354475,1,0,150.0,0.0
30354449,1,3,110.0,0.0
30350590,1,10,230.0,0.0
30348931,1,0,125.0,0.0
30347639,1,5,150.0,83.0
1553230,1,9,124.0,0.0
1550580,1,0,45.0,7.0
30454464,1,158,105.0,105.0
30445677,1,6,250.0,21.0
30443527,1,17,195.0,188.0
30442701,1,36,49.0,0.0
30436731,1,16,90.0,0.0
30436005,1,0,48.0,0.0
30434875,1,27,230.0,189.0
30432695,1,11,125.0,20.0
30431292,1,1,500.0,179.0
30430827,1,152,70.0,249.0
30424811,1,2,248.0,0.0
30418082,1,46,165.0,3.0
30410829,1,16,105.0,0.0
30384092,1,45,70.0,135.0
30384022,1,1,65.0,0.0
30382692,1,47,62.0,24.0
30500226,1,19,195.0,178.0
30498797,1,0,315.0,0.0
30498160,1,0,40.0,0.0
30494797,1,10,100.0,45.0
30494687,1,3,90.0,0.0
30494262,1,4,55.0,0.0
30491140,1,6,350.0,0.0
30490972,1,5,125.0,0.0
30486909,1,32,160.0,0.0
30485701,1,7,245.0,257.0
30475154,1,3,250.0,0.0
30467944,1,1,92.0,0.0
30466311,1,17,125.0,14.0
30466297,1,5,450.0,11.0
30461045,1,6,125.0,142.0
30460662,1,11,87.0,0.0
30606207,1,5,175.0,283.0
30600933,1,15,149.0,35.0
30595682,1,11,165.0,2.0
30593595,1,126,99.0,46.0
30586356,1,36,95.0,27.0
30576651,1,1,55.0,0.0
30558890,1,2,120.0,0.0
30555297,1,17,64.0,0.0
30554435,1,0,75.0,0.0
30549225,1,17,90.0,0.0
30548145,1,0,40.0,0.0
30545042,1,1,40.0,0.0
30541205,1,0,50.0,0.0
30536963,1,71,49.0,3.0
30529247,1,15,50.0,0.0
30523475,1,3,70.0,0.0
30671432,1,0,112.0,195.0
30669247,1,2,175.0,0.0
30667773,1,0,150.0,0.0
30667653,1,1,250.0,0.0
30667498,1,1,175.0,0.0
30665412,1,0,100.0,365.0
30662827,1,1,95.0,0.0
30658746,1,3,42.0,0.0
30656620,1,0,70.0,0.0
30653537,1,8,60.0,0.0
30641136,1,10,86.0,302.0
30637963,1,0,800.0,0.0
30627525,1,10,200.0,263.0
30616847,1,0,500.0,365.0
30616009,1,2,84.0,2.0
30610258,1,1,58.0,0.0
30731188,1,0,45.0,146.0
30730392,1,1,122.0,31.0
30724451,1,7,44.0,0.0
30723568,1,0,250.0,0.0
30719563,1,12,150.0,0.0
30719074,1,0,80.0,0.0
30710562,1,5,125.0,0.0
30708411,1,7,129.0,0.0
30707611,1,0,450.0,0.0
30706232,1,2,40.0,0.0
30704814,1,2,70.0,0.0
30702769,1,154,100.0,233.0
30698503,1,3,80.0,352.0
30686388,1,1,240.0,19.0
30680112,1,0,120.0,39.0
30678610,1,1,175.0,0.0
1543006,1,3,100.0,0.0
1542713,1,105,175.0,276.0
1542506,1,0,49.0,2.0
1542375,1,122,145.0,269.0
1540903,1,237,120.0,71.0
1540270,1,7,40.0,12.0
1539941,1,10,75.0,362.0
1539848,1,58,150.0,40.0
1539109,1,5,68.0,258.0
1538057,1,50,25.0,6.0
1538023,1,13,60.0,331.0
1537663,1,56,200.0,226.0
1537501,1,42,147.0,365.0
1536533,1,23,130.0,25.0
30735525,1,7,55.0,36.0
30733725,1,1,348.0,0.0
30801953,1,10,169.0,0.0
30801050,1,0,43.0,0.0
30797242,1,0,75.0,21.0
30793816,1,17,60.0,205.0
30789837,1,1,195.0,0.0
30787515,1,8,299.0,176.0
30786898,1,1,125.0,0.0
30782359,1,5,350.0,0.0
30775529,1,0,300.0,0.0
30775274,1,1,800.0,270.0
30770117,1,0,160.0,0.0
30768511,1,1,275.0,0.0
30751157,1,4,89.0,68.0
30739353,1,3,175.0,310.0
30738895,1,0,100.0,0.0
1543357,1,18,179.0,323.0
30870512,1,6,38.0,36.0
30868859,1,36,125.0,0.0
30866347,1,2,55.0,0.0
30865924,1,6,175.0,0.0
30858029,1,0,99.0,0.0
30852228,1,2,120.0,0.0
30849492,1,0,280.0,0.0
30836013,1,27,209.0,197.0
30826993,1,54,250.0,0.0
30826804,1,11,150.0,364.0
30824695,1,3,85.0,0.0
30812813,1,4,115.0,0.0
30812164,1,19,38.0,0.0
30811338,1,18,89.0,209.0
30805991,1,2,190.0,0.0
30803097,1,6,300.0,0.0
30995747,1,3,95.0,4.0
30983216,1,114,129.0,235.0
30978136,1,57,90.0,284.0
30968452,1,5,75.0,365.0
30942491,1,0,62.0,0.0
30933708,1,8,75.0,0.0
30933227,1,1,130.0,54.0
30927892,1,40,145.0,38.0
30918671,1,0,60.0,0.0
30918593,1,0,120.0,0.0
30909882,1,21,175.0,0.0
30909338,1,3,162.0,5.0
30906910,1,0,750.0,0.0
30884023,1,53,60.0,0.0
30873670,1,0,75.0,0.0
30873439,1,5,90.0,22.0
31086628,1,96,59.0,41.0
31077393,1,0,88.0,0.0
31074353,1,137,218.0,250.0
31070690,1,12,119.0,124.0
31069102,1,28,110.0,0.0
31068253,1,10,200.0,0.0
31067208,1,2,85.0,0.0
31043699,1,1,120.0,23.0
31040344,1,104,57.0,0.0
31039254,1,8,45.0,334.0
31038604,1,66,90.0,0.0
31033526,1,4,141.0,0.0
31031279,1,1,72.0,21.0
31019553,1,1,150.0,0.0
30998389,1,1,40.0,0.0
30995829,1,89,50.0,113.0
31177258,1,32,245.0,305.0
31176801,1,23,170.0,190.0
31175385,1,4,130.0,0.0
31162653,1,3,95.0,0.0
31155262,1,0,79.0,0.0
31153462,1,3,140.0,0.0
31150792,1,143,100.0,0.0
31147528,1,0,45.0,0.0
31147415,1,14,125.0,36.0
31142123,1,3,159.0,0.0
31121418,1,0,160.0,56.0
31120110,1,3,95.0,0.0
31108509,1,51,150.0,180.0
31104953,1,141,123.0,0.0
31104121,1,127,100.0,290.0
31102831,1,120,100.0,22.0
31245355,1,18,85.0,90.0
31244515,1,56,92.0,14.0
31244206,1,0,80.0,70.0
31239719,1,0,120.0,10.0
31237776,1,1,50.0,0.0
31237380,1,1,60.0,0.0
31234460,1,0,100.0,0.0
31222791,1,15,100.0,0.0
31218019,1,11,150.0,270.0
31214940,1,0,249.0,0.0
31213925,1,0,150.0,0.0
31207419,1,1,45.0,0.0
31204745,1,150,89.0,268.0
31183039,1,2,90.0,0.0
31182668,1,0,90.0,0.0
31181172,1,9,50.0,300.0
31284832,1,0,68.0,0.0
31284498,1,0,200.0,0.0
31284229,1,1,120.0,0.0
31283971,1,1,38.0,0.0
31281230,1,29,315.0,177.0
31280252,1,0,120.0,0.0
31277975,1,80,250.0,98.0
31274483,1,0,100.0,0.0
31260008,1,0,100.0,88.0
31252117,1,2,45.0,0.0
31250964,1,0,75.0,0.0
31250542,1,1,100.0,0.0
31248442,1,1,150.0,0.0
31247820,1,1,75.0,0.0
31245915,1,0,200.0,0.0
31245408,1,0,90.0,0.0
31369576,1,3,129.0,0.0
31368679,1,13,280.0,363.0
31367619,1,0,100.0,89.0
31358851,1,38,65.0,307.0
31358380,1,1,100.0,88.0
31344441,1,4,42.0,0.0
31336910,1,0,245.0,0.0
31315978,1,23,65.0,20.0
31315421,1,77,100.0,277.0
31314659,1,0,75.0,0.0
31307082,1,18,100.0,296.0
31306976,1,5,49.0,56.0
31301220,1,19,249.0,0.0
31298029,1,124,80.0,251.0
31296185,1,4,140.0,213.0
31291159,1,2,47.0,0.0
31451454,1,70,199.0,263.0
31429931,1,1,70.0,0.0
31429300,1,1,109.0,35.0
31427834,1,13,100.0,34.0
31425596,1,67,195.0,85.0
31422161,1,0,75.0,76.0
31411094,1,128,98.0,342.0
31410976,1,24,183.0,115.0
31410956,1,9,80.0,0.0
31408845,1,2,250.0,341.0
31405259,1,3,75.0,0.0
31404168,1,4,142.0,0.0
31391525,1,1,74.0,0.0
31389734,1,1,120.0,0.0
31376006,1,2,60.0,0.0
31373840,1,3,99.0,0.0
1536441,1,22,240.0,280.0
1535987,1,2,70.0,363.0
1535912,1,170,75.0,37.0
1535739,1,3,45.0,0.0
1535732,1,15,225.0,266.0
1535167,1,10,69.0,0.0
1534634,1,12,407.0,120.0
1534297,1,2,80.0,0.0
1534243,1,0,120.0,0.0
1533756,1,1,269.0,0.0
1533576,1,2,111.0,43.0
1533248,1,2,120.0,0.0
1533007,1,15,130.0,15.0
1531465,1,0,400.0,0.0
31452390,1,1,60.0,0.0
31451485,1,0,130.0,0.0
31543325,1,0,125.0,0.0
31537314,1,12,250.0,20.0
31522185,1,4,75.0,0.0
31518987,1,0,150.0,90.0
31515758,1,1,1000.0,79.0
31502455,1,1,200.0,0.0
31500454,1,1,130.0,0.0
31489150,1,2,190.0,0.0
31486652,1,0,129.0,0.0
31483931,1,87,151.0,17.0
31483654,1,2,100.0,0.0
31483029,1,3,108.0,33.0
31480299,1,10,65.0,0.0
31477675,1,138,341.0,58.0
31460662,1,12,120.0,0.0
31458100,1,11,53.0,0.0
31616043,1,42,65.0,10.0
31614694,1,177,80.0,196.0
31612339,1,6,150.0,0.0
31610838,1,1,95.0,0.0
31607477,1,2,123.0,1.0
31605872,1,43,76.0,8.0
31600563,1,1,152.0,0.0
31599293,1,1,180.0,0.0
31598220,1,1,45.0,0.0
31594375,1,0,85.0,0.0
31583052,1,3,105.0,0.0
31582668,1,55,99.0,74.0
31555753,1,7,45.0,0.0
31553738,1,1,50.0,0.0
31546047,1,16,118.0,24.0
31545214,1,49,100.0,365.0
31671247,1,17,140.0,7.0
31668272,1,9,150.0,89.0
31666407,1,1,45.0,0.0
31665926,1,0,115.0,0.0
31661494,1,74,150.0,112.0
31660984,1,0,205.0,0.0
31659721,1,1,110.0,0.0
31658722,1,6,55.0,0.0
31629890,1,0,85.0,0.0
31629237,1,0,150.0,0.0
31628863,1,7,80.0,0.0
31628364,1,4,220.0,44.0
31627488,1,86,70.0,192.0
31624246,1,3,175.0,178.0
31619241,1,16,165.0,29.0
31617949,1,25,250.0,0.0
1528977,1,65,115.0,157.0
1528333,1,1,300.0,0.0
1528114,1,68,95.0,0.0
1527966,1,17,135.0,0.0
1527888,1,8,250.0,0.0
1527535,1,63,499.0,26.0
1525761,1,73,85.0,0.0
1525582,1,176,79.0,37.0
1525346,1,25,73.0,48.0
1525033,1,4,160.0,0.0
31687877,1,42,110.0,8.0
31685194,1,34,55.0,59.0
31681589,1,4,90.0,0.0
31679084,1,6,120.0,117.0
31678869,1,0,200.0,0.0
31673092,1,101,75.0,62.0
31764367,1,2,60.0,151.0
31762883,1,0,46.0,0.0
31758028,1,0,699.0,37.0
31757676,1,0,100.0,16.0
31757138,1,0,93.0,0.0
31755712,1,0,125.0,172.0
31753024,1,4,68.0,0.0
31737002,1,0,50.0,0.0
31727657,1,1,70.0,0.0
31698014,1,2,60.0,0.0
31697949,1,7,30.0,0.0
31691527,1,4,365.0,79.0
31687922,1,104,120.0,90.0
1531125,1,14,215.0,0.0
1530106,1,2,44.0,0.0
1529179,1,0,169.0,0.0
31860430,1,0,65.0,0.0
31859704,1,0,149.0,3.0
31857792,1,8,170.0,1.0
31856573,1,0,80.0,364.0
31846499,1,0,73.0,0.0
31825530,1,8,66.0,0.0
31820164,1,62,100.0,80.0
31817441,1,1,52.0,0.0
31804977,1,0,75.0,0.0
31804021,1,4,390.0,115.0
31799541,1,12,75.0,0.0
31796914,1,3,290.0,0.0
31796292,1,0,350.0,0.0
31792728,1,30,125.0,243.0
31789510,1,8,100.0,0.0
31765814,1,3,85.0,0.0
31906423,1,5,129.0,0.0
31892037,1,1,100.0,156.0
31889552,1,1,95.0,0.0
31884399,1,0,90.0,180.0
31883163,1,22,95.0,22.0
31883140,1,1,120.0,0.0
31883068,1,8,50.0,188.0
31882405,1,12,130.0,26.0
31880119,1,9,175.0,0.0
31880074,1,7,98.0,0.0
31879354,1,0,50.0,0.0
31877774,1,1,190.0,0.0
31876574,1,1,44.0,0.0
31876150,1,116,195.0,38.0
31867503,1,2,70.0,0.0
31867329,1,1,70.0,0.0
31980952,1,2,50.0,0.0
31979360,1,0,111.0,365.0
31975791,1,25,70.0,101.0
31967085,1,23,64.0,8.0
31963371,1,78,275.0,0.0
31937844,1,2,130.0,0.0
31932014,1,8,85.0,89.0
31931291,1,0,250.0,0.0
31929849,1,8,85.0,27.0
31919152,1,0,60.0,0.0
31917161,1,0,70.0,0.0
31916657,1,96,275.0,333.0
31914305,1,0,60.0,0.0
31913986,1,62,245.0,350.0
31907981,1,9,80.0,0.0
31906445,1,1,135.0,0.0
32052979,1,0,76.0,0.0
32044305,1,91,130.0,254.0
32031114,1,1,110.0,0.0
32018795,1,0,32.0,0.0
32014256,1,79,129.0,144.0
32012247,1,5,68.0,0.0
32011239,1,14,200.0,0.0
32008804,1,68,69.0,0.0
32007353,1,65,150.0,171.0
32004384,1,11,120.0,362.0
32003714,1,3,90.0,358.0
32001723,1,1,45.0,0.0
31997128,1,4,139.0,0.0
31996442,1,3,70.0,0.0
31989023,1,6,87.0,0.0
31985378,1,3,90.0,6.0
32128412,1,6,150.0,0.0
32124747,1,99,116.0,295.0
32124237,1,4,100.0,0.0
32117091,1,37,163.0,186.0
32113962,1,19,97.0,131.0
32110549,1,2,100.0,0.0
32107612,1,65,95.0,60.0
32096696,1,4,220.0,0.0
32093643,1,2,70.0,0.0
32092775,1,23,75.0,212.0
32092125,1,32,101.0,135.0
32088026,1,0,109.0,0.0
32084117,1,124,330.0,317.0
32083955,1,0,100.0,123.0
32059780,1,0,200.0,47.0
32057251,1,0,160.0,0.0
32199225,1,2,360.0,0.0
32197200,1,34,130.0,0.0
32195844,1,1,85.0,0.0
32193665,1,0,200.0,0.0
32173907,1,6,55.0,0.0
32166735,1,14,100.0,0.0
32165430,1,1,60.0,0.0
32162806,1,3,150.0,78.0
32159799,1,3,180.0,327.0
32158960,1,0,90.0,0.0
32155871,1,0,60.0,0.0
32142173,1,29,83.0,227.0
32136241,1,11,100.0,24.0
32135311,1,4,79.0,0.0
32132982,1,23,60.0,0.0
32130349,1,0,50.0,0.0
1524825,1,0,1000.0,178.0
1524765,1,4,140.0,0.0
1524708,1,1,200.0,0.0
1524602,1,0,48.0,358.0
1523610,1,17,125.0,0.0
1523549,1,4,179.0,0.0
1523018,1,132,125.0,365.0
1522929,1,13,125.0,0.0
1522922,1,0,200.0,0.0
1522383,1,4,74.0,0.0
1522036,1,1,125.0,0.0
1521811,1,1,53.0,11.0
1521723,1,5,400.0,26.0
1521604,1,11,105.0,0.0
1521508,1,38,80.0,344.0
1521432,1,7,192.0,0.0
32289994,1,5,78.0,0.0
32279718,1,77,153.0,252.0
32277262,1,10,150.0,0.0
32265481,1,0,52.0,0.0
32237865,1,4,150.0,0.0
32230738,1,75,145.0,110.0
32226468,1,2,37.0,0.0
32219748,1,2,105.0,0.0
32219638,1,28,50.0,175.0
32218896,1,15,400.0,0.0
32215382,1,1,105.0,36.0
32207621,1,24,125.0,0.0
32207206,1,2,98.0,55.0
32203986,1,8,400.0,91.0
32203454,1,26,130.0,0.0
32199364,1,0,199.0,0.0
1517723,1,33,199.0,315.0
1516947,1,17,75.0,38.0
1515120,1,9,325.0,88.0
1515114,1,4,300.0,16.0
1514109,1,28,69.0,4.0
1514100,1,16,149.0,333.0
32345728,1,0,60.0,339.0
32345243,1,1,39.0,0.0
32340523,1,0,250.0,0.0
32306916,1,4,55.0,0.0
32305413,1,156,85.0,150.0
32304586,1,95,90.0,175.0
32303395,1,0,120.0,6.0
32299529,1,1,81.0,0.0
32298504,1,34,70.0,0.0
32295605,1,75,105.0,338.0
32434287,1,1,65.0,0.0
32430692,1,10,50.0,71.0
32423541,1,2,120.0,4.0
32406934,1,9,180.0,364.0
32392762,1,0,45.0,15.0
32384960,1,94,130.0,0.0
32383664,1,1,60.0,0.0
32374510,1,0,175.0,0.0
32365131,1,0,129.0,365.0
32361189,1,53,130.0,122.0
32357900,1,16,85.0,0.0
32347526,1,116,120.0,231.0
1520629,1,67,60.0,310.0
1520623,1,0,120.0,0.0
1520215,1,0,250.0,0.0
1519119,1,0,50.0,89.0
32525834,1,2,350.0,78.0
32525636,1,1,50.0,0.0
32517582,1,46,94.0,72.0
32507569,1,23,200.0,89.0
32503657,1,0,200.0,0.0
32502340,1,8,125.0,0.0
32502064,1,0,200.0,0.0
32492147,1,65,100.0,0.0
32482524,1,40,115.0,18.0
32479008,1,47,150.0,291.0
32454701,1,198,129.0,21.0
32451588,1,0,150.0,0.0
32446918,1,32,150.0,92.0
32445083,1,48,119.0,223.0
32443084,1,2,130.0,0.0
32441059,1,13,70.0,159.0
32605338,1,11,150.0,3.0
32604265,1,23,135.0,0.0
32604201,1,4,107.0,0.0
32597915,1,4,50.0,0.0
32588705,1,1,110.0,0.0
32583105,1,75,90.0,359.0
32583045,1,4,200.0,0.0
32581689,1,1,32.0,0.0
32576167,1,0,85.0,0.0
32552738,1,9,90.0,0.0
32540806,1,8,45.0,0.0
32537929,1,0,50.0,0.0
32537024,1,63,100.0,321.0
32528909,1,14,220.0,0.0
32527579,1,8,70.0,0.0
32527193,1,89,322.0,76.0
32708211,1,42,49.0,221.0
32704515,1,0,104.0,0.0
32703801,1,27,179.0,54.0
32694917,1,24,144.0,14.0
32691187,1,7,60.0,0.0
32691167,1,0,120.0,0.0
32689791,1,4,158.0,0.0
32678605,1,0,100.0,0.0
32631901,1,7,250.0,2.0
32626265,1,13,150.0,0.0
32617252,1,50,180.0,181.0
32615118,1,3,110.0,331.0
32613511,1,1,55.0,0.0
32610275,1,0,110.0,0.0
32608639,1,24,225.0,17.0
32606852,1,13,123.0,1.0
32778868,1,2,100.0,0.0
32775769,1,5,89.0,251.0
32772382,1,13,75.0,0.0
32768581,1,107,149.0,12.0
32768394,1,0,180.0,17.0
32767789,1,0,60.0,0.0
32764610,1,0,75.0,0.0
32761501,1,7,190.0,156.0
32761103,1,9,255.0,326.0
32745492,1,5,100.0,0.0
32736976,1,0,24.0,71.0
32725953,1,0,100.0,0.0
32718658,1,0,70.0,0.0
32717107,1,6,130.0,194.0
32715865,1,5,86.0,0.0
32712155,1,0,225.0,0.0
32833549,1,1,52.0,363.0
32833394,1,0,90.0,70.0
32830245,1,9,180.0,0.0
32828988,1,5,100.0,0.0
32826638,1,2,135.0,0.0
32824042,1,0,40.0,0.0
32806463,1,0,150.0,0.0
32798845,1,0,35.0,0.0
32798079,1,94,98.0,117.0
32792372,1,18,40.0,0.0
32791632,1,21,92.0,39.0
32788431,1,14,79.0,97.0
32788186,1,27,35.0,33.0
32787246,1,1,103.0,0.0
32785916,1,0,150.0,0.0
32785325,1,16,125.0,4.0
1511206,1,1,150.0,0.0
1511065,1,0,65.0,0.0
1510920,1,11,299.0,0.0
1510638,1,2,135.0,157.0
1509863,1,53,40.0,10.0
1509452,1,2,80.0,0.0
1509416,1,1,70.0,0.0
1508253,1,4,86.0,0.0
1507408,1,1,96.0,365.0
1507336,1,6,299.0,348.0
1506972,1,17,135.0,8.0
1506795,1,8,155.0,0.0
1506191,1,26,70.0,0.0
32846930,1,0,350.0,0.0
32844422,1,0,149.0,0.0
32834879,1,0,200.0,0.0
32923003,1,2,31.0,89.0
32922532,1,107,150.0,99.0
32919123,1,1,250.0,0.0
32909393,1,70,75.0,1.0
32905351,1,31,110.0,4.0
32904968,1,0,130.0,0.0
32901759,1,60,104.0,320.0
32896046,1,2,115.0,0.0
32880142,1,0,45.0,0.0
32874565,1,1,125.0,285.0
32872039,1,17,48.0,0.0
32866694,1,23,86.0,20.0
32850071,1,1,150.0,0.0
32849197,1,0,100.0,0.0
32848328,1,0,55.0,0.0
1511614,1,29,349.0,0.0
32975805,1,0,200.0,0.0
32974295,1,0,70.0,0.0
32971323,1,0,80.0,0.0
32970856,1,1,94.0,0.0
32958503,1,2,90.0,0.0
32946808,1,37,170.0,258.0
32942122,1,1,125.0,22.0
32941922,1,2,200.0,0.0
32936693,1,4,68.0,0.0
32935611,1,23,119.0,31.0
32933539,1,1,165.0,0.0
32928497,1,5,175.0,0.0
32927725,1,0,200.0,0.0
32926963,1,13,95.0,0.0
32924486,1,0,195.0,0.0
32924122,1,1,207.0,0.0
33037772,1,5,55.0,0.0
33028687,1,6,150.0,0.0
33021531,1,186,99.0,232.0
33007145,1,3,65.0,0.0
33003994,1,30,77.0,71.0
33002613,1,0,45.0,0.0
33000709,1,2,140.0,0.0
32999831,1,3,200.0,85.0
32993860,1,0,129.0,0.0
32992928,1,2,180.0,15.0
32992675,1,90,125.0,155.0
32990881,1,2,180.0,295.0
32988374,1,20,319.0,79.0
32987938,1,0,143.0,10.0
32987584,1,22,70.0,0.0
32979427,1,0,170.0,0.0
33075648,1,61,137.0,126.0
33075414,1,3,250.0,16.0
33074595,1,28,179.0,130.0
33070890,1,0,100.0,4.0
33069397,1,1,40.0,0.0
33068587,1,0,99.0,365.0
33067672,1,1,120.0,0.0
33064750,1,2,160.0,0.0
33064589,1,1,350.0,0.0
33064443,1,1,95.0,0.0
33063310,1,2,113.0,0.0
33060882,1,1,32.0,0.0
33058791,1,0,180.0,0.0
33055418,1,6,90.0,70.0
33049782,1,3,45.0,0.0
33041007,1,14,139.0,28.0
33152462,1,9,150.0,0.0
33149697,1,0,65.0,0.0
33144953,1,0,189.0,317.0
33142561,1,2,110.0,0.0
33138892,1,0,150.0,0.0
33136017,1,0,120.0,0.0
33134899,1,1,37.0,0.0
33128992,1,1,75.0,0.0
33127406,1,0,90.0,0.0
33125859,1,18,145.0,0.0
33125778,1,5,215.0,0.0
33120658,1,2,50.0,12.0
33116792,1,75,31.0,13.0
33113275,1,3,249.0,0.0
33108060,1,1,65.0,0.0
33082247,1,2,60.0,0.0
33204787,1,21,95.0,0.0
33201402,1,33,39.0,8.0
33200665,1,0,127.0,0.0
33200237,1,2,167.0,14.0
33198779,1,4,35.0,0.0
33195820,1,0,36.0,0.0
33195149,1,0,125.0,0.0
33190103,1,1,70.0,0.0
33189255,1,0,45.0,341.0
33182386,1,49,99.0,97.0
33167995,1,8,70.0,6.0
33163646,1,72,100.0,0.0
33161690,1,66,130.0,257.0
33159631,1,17,199.0,31.0
33159253,1,1,125.0,0.0
33153151,1,14,250.0,0.0
33247865,1,34,350.0,0.0
33245632,1,11,460.0,27.0
33243428,1,1,57.0,0.0
33238800,1,35,100.0,82.0
33234599,1,4,64.0,0.0
33233142,1,1,58.0,17.0
33232851,1,2,40.0,0.0
33231070,1,0,150.0,0.0
33229910,1,0,120.0,58.0
33229585,1,23,280.0,17.0
33225521,1,8,300.0,16.0
33221872,1,3,200.0,0.0
33212205,1,0,250.0,0.0
33211768,1,1,200.0,0.0
33210753,1,11,65.0,356.0
33205064,1,0,65.0,357.0
1505217,1,46,250.0,121.0
1504702,1,2,48.0,0.0
1504257,1,23,165.0,297.0
1503831,1,157,450.0,0.0
1503493,1,0,55.0,0.0
1503022,1,0,53.0,0.0
1502469,1,129,219.0,220.0
1501090,1,139,450.0,221.0
1500858,1,7,225.0,173.0
1500550,1,5,100.0,0.0
1500487,1,0,250.0,0.0
1499220,1,42,147.0,4.0
1498951,1,0,65.0,5.0
1498424,1,35,175.0,289.0
33261598,1,2,185.0,0.0
33248485,1,9,85.0,0.0
33363604,1,0,50.0,0.0
33362434,1,0,100.0,15.0
33355603,1,0,250.0,0.0
33349807,1,0,60.0,0.0
33323743,1,5,75.0,65.0
33320745,1,4,250.0,105.0
33317997,1,0,375.0,0.0
33300449,1,2,120.0,0.0
33299125,1,1,150.0,146.0
33297467,1,4,39.0,0.0
33294012,1,1,300.0,0.0
33290222,1,42,140.0,26.0
33287445,1,6,70.0,89.0
33281828,1,2,140.0,0.0
33279657,1,20,85.0,0.0
33273074,1,7,120.0,0.0
33435096,1,44,50.0,298.0
33433635,1,1,170.0,0.0
33426004,1,5,160.0,0.0
33419138,1,1,180.0,0.0
33411808,1,0,40.0,0.0
33402262,1,94,155.0,218.0
33401596,1,5,120.0,0.0
33396510,1,9,59.0,0.0
33395500,1,0,55.0,0.0
33394459,1,2,100.0,0.0
33392869,1,0,100.0,0.0
33389621,1,5,124.0,0.0
33388853,1,0,200.0,219.0
33386742,1,0,80.0,5.0
33381088,1,2,49.0,0.0
33377685,1,1,190.0,0.0
33522184,1,6,75.0,167.0
33519200,1,100,97.0,307.0
33514370,1,16,159.0,10.0
33513998,1,7,160.0,0.0
33511962,1,0,10.0,0.0
33510623,1,5,899.0,340.0
33499491,1,5,110.0,0.0
33499326,1,2,70.0,0.0
33480709,1,0,35.0,0.0
33470925,1,2,210.0,0.0
33467956,1,15,175.0,8.0
33464426,1,8,80.0,0.0
33459378,1,2,195.0,0.0
33439741,1,9,125.0,65.0
33438428,1,15,80.0,46.0
33437301,1,14,200.0,119.0
33583621,1,70,53.0,256.0
33582013,1,44,125.0,319.0
33580313,1,21,159.0,141.0
33570672,1,100,95.0,18.0
33568073,1,0,150.0,8.0
33558572,1,64,160.0,341.0
33555400,1,0,300.0,12.0
33552302,1,11,125.0,341.0
33547829,1,118,130.0,226.0
33535733,1,0,120.0,0.0
33535691,1,290,129.0,26.0
33533091,1,0,200.0,0.0
33531612,1,1,110.0,280.0
33530934,1,38,272.0,360.0
33529908,1,0,66.0,5.0
33526253,1,2,250.0,0.0
1496847,1,121,275.0,305.0
1495881,1,6,225.0,0.0
1495694,1,1,125.0,342.0
1495196,1,40,300.0,0.0
1495141,1,103,140.0,189.0
1495090,1,72,165.0,10.0
1495058,1,2,249.0,0.0
1494238,1,24,135.0,246.0
1493800,1,25,130.0,0.0
33605216,1,1,145.0,3.0
33593407,1,3,90.0,0.0
33592161,1,5,95.0,0.0
33589349,1,0,85.0,88.0
33588156,1,0,53.0,0.0
33588075,1,0,80.0,0.0
33587458,1,6,123.0,0.0
33656032,1,1,125.0,0.0
33651056,1,1,120.0,0.0
33648474,1,56,120.0,314.0
33640698,1,0,200.0,0.0
33626735,1,7,83.0,311.0
33624354,1,1,250.0,0.0
33616159,1,3,89.0,0.0
33612454,1,106,80.0,47.0
33611370,1,2,125.0,0.0
33610939,1,0,200.0,0.0
33608519,1,0,145.0,0.0
33607986,1,6,60.0,2.0
33607268,1,14,110.0,0.0
33605594,1,8,75.0,311.0
1498228,1,7,79.0,69.0
1497263,1,0,60.0,0.0
33741028,1,22,295.0,0.0
33739627,1,4,99.0,0.0
33733944,1,4,125.0,0.0
33723491,1,7,39.0,0.0
33721278,1,0,70.0,0.0
33714151,1,0,100.0,89.0
33695968,1,0,74.0,0.0
33695224,1,3,60.0,0.0
33683624,1,0,265.0,0.0
33683538,1,11,120.0,0.0
33680599,1,17,55.0,125.0
33680384,1,0,200.0,0.0
33680030,1,3,120.0,0.0
33677512,1,29,95.0,0.0
33674633,1,0,55.0,0.0
33658455,1,61,345.0,150.0
33816358,1,8,110.0,0.0
33814070,1,0,100.0,25.0
33803881,1,0,275.0,0.0
33799659,1,17,90.0,4.0
33788184,1,0,55.0,0.0
33787022,1,12,175.0,0.0
33786241,1,32,123.0,4.0
33783958,1,1,150.0,63.0
33782746,1,1,150.0,0.0
33776141,1,1,100.0,0.0
33774886,1,150,150.0,2.0
33771081,1,2,80.0,0.0
33767755,1,13,136.0,3.0
33758870,1,9,80.0,42.0
33747092,1,0,30.0,0.0
33746505,1,135,55.0,22.0
33869262,1,19,125.0,37.0
33862021,1,2,42.0,0.0
33861246,1,4,100.0,64.0
33859930,1,16,37.0,0.0
33856311,1,0,100.0,0.0
33853401,1,3,130.0,0.0
33836993,1,1,65.0,0.0
33834627,1,0,200.0,0.0
33833944,1,25,247.0,0.0
33833815,1,0,450.0,0.0
33832598,1,3,122.0,81.0
33827790,1,17,185.0,11.0
33825321,1,24,150.0,299.0
33822427,1,42,92.0,11.0
33821265,1,0,200.0,0.0
33817646,1,79,85.0,0.0
33924547,1,0,130.0,0.0
33917435,1,1,150.0,13.0
33913938,1,136,170.0,291.0
33910461,1,0,300.0,0.0
33908393,1,0,197.0,0.0
33906660,1,154,65.0,361.0
33906084,1,1,80.0,0.0
33905781,1,4,45.0,249.0
33902900,1,2,55.0,0.0
33899564,1,6,150.0,0.0
33899056,1,3,73.0,21.0
33897850,1,0,65.0,87.0
33889947,1,20,200.0,0.0
33876689,1,1,55.0,0.0
33874814,1,0,44.0,6.0
33870377,1,2,199.0,179.0
33988719,1,0,90.0,176.0
33983182,1,4,54.0,0.0
33978706,1,4,196.0,3.0
33977623,1,16,395.0,67.0
33976673,1,11,60.0,0.0
33975302,1,185,90.0,60.0
33975064,1,2,150.0,0.0
33970775,1,11,135.0,0.0
33955029,1,15,160.0,0.0
33950089,1,36,60.0,316.0
33946068,1,53,150.0,160.0
33943711,1,8,150.0,0.0
33941066,1,0,199.0,0.0
33936693,1,79,184.0,222.0
33936240,1,1,89.0,0.0
33929905,1,59,145.0,157.0
34039463,1,0,100.0,0.0
34034047,1,17,130.0,11.0
34023353,1,0,130.0,89.0
34021565,1,0,80.0,0.0
34014150,1,4,175.0,196.0
34013546,1,2,140.0,0.0
34010790,1,0,50.0,0.0
34009194,1,1,200.0,0.0
34006180,1,3,200.0,11.0
34000566,1,0,95.0,0.0
33996519,1,0,50.0,5.0
33995259,1,10,275.0,0.0
33993577,1,0,350.0,0.0
33992697,1,3,80.0,14.0
33991916,1,53,86.0,324.0
33990883,1,13,115.0,0.0
34142729,1,0,84.0,0.0
34142649,1,0,249.0,0.0
34129674,1,0,150.0,363.0
34126778,1,0,99.0,72.0
34125495,1,5,39.0,158.0
34124858,1,0,60.0,0.0
34124276,1,4,52.0,0.0
34119511,1,1,30.0,0.0
34097291,1,0,275.0,0.0
34075048,1,26,240.0,188.0
34066586,1,0,55.0,0.0
34061867,1,17,100.0,4.0
34058193,1,5,60.0,0.0
34052554,1,1,120.0,0.0
34049419,1,14,140.0,0.0
34040597,1,19,130.0,13.0
1492619,1,319,328.0,112.0
1492339,1,101,75.0,0.0
1491770,1,1,180.0,0.0
1491538,1,238,110.0,297.0
1490833,1,280,99.0,246.0
1490702,1,2,145.0,0.0
1490696,1,209,90.0,236.0
1490202,1,15,60.0,0.0
1489654,1,25,93.0,234.0
1488809,1,53,130.0,0.0
1488713,1,33,300.0,58.0
1488170,1,2,225.0,90.0
1487126,1,5,47.0,0.0
1486824,1,2,154.0,0.0
1486623,1,39,55.0,46.0
34143084,1,2,53.0,0.0
34252002,1,10,100.0,0.0
34236533,1,102,130.0,288.0
34233009,1,0,180.0,0.0
34226735,1,28,90.0,0.0
34222449,1,0,105.0,8.0
34220831,1,2,46.0,0.0
34216298,1,16,150.0,334.0
34209884,1,1,49.0,158.0
34202667,1,0,90.0,0.0
34201688,1,35,149.0,0.0
34198671,1,1,55.0,0.0
34197591,1,131,80.0,140.0
34186180,1,2,80.0,0.0
34184387,1,2,75.0,54.0
34174768,1,19,340.0,0.0
34149113,1,0,50.0,0.0
34307713,1,71,175.0,68.0
34306160,1,87,60.0,96.0
34300852,1,156,79.0,70.0
34296062,1,0,250.0,0.0
34292000,1,4,150.0,1.0
34285520,1,2,145.0,0.0
34281260,1,6,65.0,0.0
34277028,1,15,150.0,77.0
34276823,1,5,264.0,0.0
34274867,1,0,300.0,319.0
34272645,1,69,105.0,343.0
34271675,1,2,110.0,0.0
34269923,1,7,52.0,0.0
34264721,1,0,100.0,364.0
34263302,1,55,125.0,79.0
34262042,1,15,75.0,0.0
34361146,1,10,156.0,0.0
34360053,1,1,99.0,0.0
34359486,1,11,120.0,128.0
34358062,1,1,104.0,0.0
34356520,1,7,65.0,104.0
34351124,1,1,75.0,0.0
34345802,1,15,150.0,342.0
34331702,1,20,95.0,14.0
34322623,1,18,80.0,326.0
34320483,1,1,43.0,0.0
34320426,1,6,90.0,0.0
34315772,1,34,360.0,76.0
34313950,1,0,48.0,0.0
34312950,1,10,290.0,254.0
34312106,1,108,125.0,321.0
34310803,1,0,150.0,0.0
34404232,1,24,60.0,0.0
34403474,1,15,90.0,0.0
34403316,1,152,145.0,200.0
34399492,1,13,80.0,6.0
34398769,1,3,145.0,0.0
34397256,1,114,70.0,310.0
34394667,1,15,125.0,175.0
34388017,1,0,175.0,0.0
34387513,1,0,225.0,365.0
34386255,1,0,85.0,0.0
34382987,1,0,90.0,0.0
34379227,1,40,140.0,42.0
34372907,1,36,155.0,164.0
34371968,1,70,150.0,293.0
34365131,1,1,58.0,0.0
34364912,1,14,300.0,87.0
34508225,1,5,135.0,0.0
34508000,1,6,40.0,0.0
34507633,1,1,80.0,0.0
34503055,1,9,105.0,285.0
34501360,1,12,275.0,70.0
34475475,1,0,75.0,0.0
34474212,1,93,600.0,251.0
34471130,1,0,250.0,0.0
34468788,1,7,175.0,3.0
34468399,1,3,143.0,0.0
34466355,1,7,170.0,0.0
34464182,1,4,100.0,89.0
34453577,1,119,140.0,29.0
34450489,1,2,111.0,6.0
34447878,1,6,210.0,0.0
34426902,1,0,250.0,39.0
34607505,1,1,145.0,0.0
34607061,1,4,36.0,284.0
34599913,1,15,70.0,63.0
34590955,1,0,250.0,67.0
34585857,1,5,35.0,36.0
34582356,1,1,75.0,0.0
34579576,1,1,160.0,0.0
34578795,1,1,45.0,0.0
34564001,1,62,290.0,19.0
34549333,1,1,54.0,0.0
34547856,1,0,65.0,0.0
34546087,1,11,48.0,0.0
34543957,1,10,150.0,0.0
34534668,1,5,165.0,0.0
34516512,1,0,175.0,0.0
34514781,1,1,50.0,0.0
34685168,1,0,120.0,0.0
34682494,1,1,400.0,180.0
34679426,1,2,300.0,0.0
34676783,1,5,350.0,0.0
34672584,1,1,75.0,157.0
34669755,1,3,250.0,5.0
34667377,1,5,75.0,72.0
34655986,1,0,125.0,365.0
34654571,1,0,120.0,0.0
34649502,1,1,200.0,0.0
34648989,1,0,97.0,101.0
34642925,1,1,230.0,0.0
34621599,1,6,55.0,89.0
34614008,1,0,99.0,89.0
34608427,1,11,184.0,273.0
34607882,1,1,115.0,0.0
1486034,1,63,385.0,364.0
1485117,1,8,125.0,0.0
1484799,1,10,349.0,0.0
1483578,1,77,100.0,336.0
1483464,1,219,199.0,212.0
1483451,1,52,240.0,271.0
1483320,1,0,5250.0,0.0
1483081,1,59,299.0,245.0
1482460,1,94,240.0,134.0
1482059,1,43,295.0,66.0
1481172,1,0,138.0,29.0
1480124,1,11,82.0,0.0
1479763,1,7,150.0,0.0
34691404,1,2,90.0,0.0
34690679,1,0,50.0,0.0
34687918,1,0,120.0,0.0
34748949,1,0,350.0,0.0
34741551,1,0,123.0,0.0
34740215,1,11,225.0,0.0
34738874,1,2,88.0,0.0
34738391,1,4,60.0,0.0
34738375,1,12,150.0,0.0
34736562,1,0,300.0,0.0
34734634,1,0,200.0,0.0
34731099,1,0,30.0,0.0
34720872,1,4,50.0,107.0
34712280,1,16,91.0,10.0
34698196,1,1,36.0,0.0
34693688,1,0,400.0,0.0
34692684,1,0,140.0,0.0
34692600,1,1,45.0,0.0
1486465,1,15,100.0,223.0
34813079,1,0,255.0,317.0
34796316,1,1,200.0,0.0
34790915,1,0,70.0,0.0
34789416,1,1,109.0,365.0
34782697,1,0,100.0,0.0
34782150,1,0,200.0,0.0
34780872,1,20,259.0,0.0
34780853,1,2,99.0,13.0
34779392,1,8,135.0,0.0
34777741,1,10,159.0,17.0
34774173,1,0,95.0,5.0
34773529,1,0,45.0,0.0
34761471,1,18,250.0,0.0
34758340,1,9,81.0,1.0
34758216,1,67,305.0,101.0
34755288,1,0,75.0,0.0
34880938,1,4,40.0,55.0
34876980,1,19,85.0,365.0
34875504,1,20,63.0,0.0
34873920,1,0,250.0,0.0
34873213,1,1,55.0,0.0
34867672,1,22,100.0,0.0
34866807,1,29,250.0,121.0
34866720,1,0,69.0,0.0
34861715,1,29,280.0,0.0
34841020,1,1,110.0,0.0
34834676,1,21,189.0,239.0
34828488,1,12,88.0,180.0
34824417,1,18,145.0,179.0
34821813,1,0,55.0,0.0
34817471,1,3,70.0,0.0
34813492,1,49,169.0,4.0
34954047,1,2,145.0,189.0
34948714,1,0,145.0,0.0
34943243,1,1,48.0,0.0
34939187,1,30,195.0,0.0
34934128,1,3,150.0,0.0
34933217,1,0,97.0,0.0
34930811,1,15,195.0,0.0
34924990,1,3,55.0,0.0
34920172,1,101,200.0,247.0
34918098,1,0,42.0,0.0
34915405,1,24,134.0,0.0
34914311,1,0,99.0,0.0
34908118,1,5,100.0,0.0
34907341,1,24,65.0,0.0
34899836,1,36,100.0,56.0
34883773,1,1,50.0,0.0
35030648,1,17,108.0,0.0
35029020,1,0,90.0,0.0
35027358,1,90,172.0,87.0
35025150,1,6,180.0,0.0
35020019,1,21,110.0,336.0
35008385,1,1,49.0,0.0
35005938,1,1,199.0,0.0
35004442,1,2,96.0,103.0
35000945,1,0,60.0,0.0
34995566,1,14,44.0,275.0
34988761,1,0,65.0,0.0
34988058,1,0,275.0,0.0
34986045,1,1,650.0,0.0
34957489,1,0,45.0,7.0
34954769,1,1,100.0,86.0
34954588,1,2,50.0,365.0
35093829,1,11,160.0,0.0
35089676,1,8,35.0,76.0
35087743,1,0,100.0,0.0
35086035,1,5,25.0,158.0
35083858,1,0,100.0,0.0
35083661,1,0,65.0,0.0
35079352,1,3,500.0,44.0
35078736,1,1,424.0,31.0
35075473,1,5,150.0,0.0
35070587,1,0,75.0,0.0
35065193,1,8,225.0,209.0
35064923,1,86,127.0,1.0
35040795,1,0,70.0,0.0
35033777,1,0,110.0,262.0
35031975,1,0,207.0,0.0
35031188,1,21,75.0,364.0
1479666,1,10,150.0,0.0
1478535,1,0,550.0,8.0
1478146,1,9,115.0,111.0
1477833,1,128,64.0,76.0
1477622,1,3,350.0,0.0
1476954,1,10,175.0,0.0
1476599,1,2,300.0,28.0
1475866,1,1,300.0,0.0
1475855,1,0,125.0,0.0
1474749,1,41,199.0,36.0
1474637,1,0,75.0,0.0
1474508,1,70,115.0,120.0
1474071,1,232,125.0,303.0
35103293,1,40,33.0,0.0
35103206,1,3,86.0,0.0
35102629,1,75,215.0,331.0
35244614,1,2,125.0,7.0
35244416,1,0,275.0,0.0
35242969,1,7,48.0,2.0
35224817,1,0,220.0,32.0
35211977,1,1,55.0,0.0
35201199,1,5,68.0,0.0
35179914,1,1,150.0,0.0
35174506,1,9,50.0,81.0
35169885,1,3,200.0,0.0
35163646,1,1,199.0,0.0
35162102,1,41,120.0,66.0
35149173,1,2,450.0,364.0
35144920,1,0,100.0,0.0
35143476,1,0,400.0,0.0
35141789,1,0,100.0,21.0
35108277,1,0,250.0,0.0
35307662,1,0,119.0,0.0
35303743,1,0,6500.0,97.0
35302724,1,2,127.0,0.0
35301269,1,69,80.0,140.0
35299368,1,1,200.0,0.0
35299064,1,0,150.0,232.0
35292326,1,4,72.0,180.0
35288455,1,55,147.0,5.0
35287916,1,1,150.0,0.0
35285033,1,2,175.0,0.0
35281088,1,45,44.0,18.0
35280507,1,17,100.0,0.0
35276933,1,0,80.0,37.0
35261699,1,6,60.0,62.0
35256210,1,0,200.0,0.0
35254359,1,0,120.0,0.0
35343897,1,0,38.0,156.0
35342651,1,1,100.0,0.0
35340889,1,4,89.0,0.0
35335572,1,1,130.0,2.0
35331192,1,2,175.0,0.0
35329789,1,152,80.0,142.0
35329442,1,6,380.0,0.0
35328956,1,2,57.0,0.0
35323444,1,1,200.0,8.0
35321797,1,1,250.0,0.0
35321358,1,0,200.0,0.0
35320945,1,5,70.0,0.0
35320932,1,19,125.0,0.0
35319788,1,8,100.0,0.0
35313655,1,1,80.0,0.0
35309931,1,9,170.0,0.0
35421139,1,38,65.0,12.0
35417042,1,28,86.0,364.0
35415860,1,6,225.0,0.0
35413624,1,1,110.0,0.0
35407948,1,2,70.0,0.0
35405142,1,12,65.0,76.0
35405054,1,7,104.0,0.0
35404558,1,4,300.0,0.0
35391852,1,2,85.0,0.0
35388074,1,1,150.0,0.0
35386618,1,7,70.0,325.0
35383368,1,0,175.0,0.0
35380551,1,2,45.0,0.0
35362734,1,0,62.0,0.0
35352941,1,0,350.0,219.0
35350208,1,1,69.0,0.0
35486274,1,3,132.0,0.0
35476099,1,2,150.0,0.0
35475017,1,7,62.0,0.0
35474485,1,61,55.0,53.0
35474215,1,1,100.0,0.0
35468424,1,22,89.0,11.0
35435470,1,3,99.0,0.0
35432501,1,0,110.0,0.0
35431795,1,14,75.0,35.0
35430339,1,0,150.0,0.0
35426480,1,1,145.0,0.0
35426209,1,3,150.0,0.0
35423181,1,10,75.0,357.0
35422741,1,3,350.0,5.0
35422693,1,9,70.0,0.0
35421272,1,6,119.0,0.0
35573939,1,1,175.0,0.0
35567813,1,0,175.0,35.0
35559100,1,28,55.0,175.0
35539248,1,0,78.0,0.0
35529867,1,9,99.0,0.0
35525179,1,14,40.0,0.0
35516941,1,0,50.0,362.0
35514248,1,8,120.0,272.0
35512327,1,0,75.0,0.0
35510045,1,0,27.0,0.0
35509609,1,3,149.0,0.0
35494785,1,1,55.0,0.0
35491006,1,1,135.0,0.0
35489917,1,5,99.0,0.0
35488245,1,1,195.0,0.0
35487412,1,12,46.0,5.0
35645017,1,6,85.0,0.0
35637698,1,4,100.0,0.0
35635299,1,66,333.0,210.0
35634594,1,1,130.0,0.0
35632450,1,27,110.0,137.0
35620036,1,1,51.0,45.0
35616021,1,1,40.0,1.0
35606642,1,0,400.0,0.0
35605738,1,78,221.0,270.0
35596244,1,0,168.0,0.0
35594087,1,15,134.0,41.0
35590013,1,6,90.0,0.0
35587586,1,0,200.0,0.0
35581556,1,0,120.0,0.0
35577118,1,48,195.0,0.0
35574300,1,238,98.0,236.0
35674813,1,1,40.0,0.0
35673036,1,3,50.0,189.0
35672187,1,36,108.0,51.0
35671352,1,2,160.0,0.0
35667639,1,6,175.0,180.0
35664937,1,14,65.0,0.0
35662919,1,1,100.0,0.0
35658806,1,2,325.0,0.0
35657710,1,2,99.0,90.0
35652410,1,0,170.0,30.0
35651880,1,18,130.0,0.0
35651501,1,17,295.0,175.0
35649879,1,10,430.0,365.0
35648363,1,119,250.0,230.0
35645777,1,18,175.0,0.0
35645401,1,1,69.0,0.0
1473755,1,2,125.0,0.0
1473630,1,2,100.0,0.0
1473507,1,0,70.0,0.0
1472993,1,6,200.0,0.0
1472745,1,9,100.0,0.0
1472225,1,59,480.0,24.0
1471506,1,0,115.0,0.0
1471384,1,3,90.0,286.0
1470688,1,14,209.0,205.0
1470471,1,90,80.0,199.0
1470458,1,14,135.0,0.0
1469036,1,107,130.0,304.0
1468716,1,3,700.0,89.0
1468667,1,0,190.0,0.0
1468658,1,14,140.0,0.0
35699609,1,0,80.0,0.0
35824534,1,4,119.0,0.0
35819327,1,1,135.0,0.0
35807458,1,0,120.0,88.0
35805776,1,6,300.0,0.0
35798207,1,0,80.0,0.0
35788303,1,17,99.0,0.0
35786659,1,15,75.0,0.0
35775878,1,10,65.0,0.0
35761677,1,156,155.0,223.0
35751147,1,26,60.0,0.0
35743804,1,16,850.0,174.0
35743318,1,9,140.0,204.0
35741633,1,0,2000.0,365.0
35733814,1,0,199.0,340.0
35726649,1,8,135.0,0.0
35703699,1,1,80.0,0.0
35914251,1,2,100.0,0.0
35910781,1,0,23.0,0.0
35905254,1,0,100.0,0.0
35902297,1,0,40.0,0.0
35902083,1,7,220.0,0.0
35899921,1,2,100.0,0.0
35897162,1,6,52.0,0.0
35894876,1,114,99.0,255.0
35890377,1,59,425.0,39.0
35878048,1,0,82.0,0.0
35875227,1,1,100.0,0.0
35857384,1,7,145.0,0.0
35855601,1,37,35.0,97.0
35852743,1,57,240.0,179.0
35842670,1,2,230.0,87.0
35829854,1,6,135.0,0.0
35986301,1,1,50.0,0.0
35980789,1,5,500.0,362.0
35976278,1,9,125.0,340.0
35969865,1,68,89.0,252.0
35967771,1,3,180.0,0.0
35965489,1,0,100.0,7.0
35959584,1,8,75.0,0.0
35959456,1,47,95.0,28.0
35959348,1,9,95.0,70.0
35957140,1,9,150.0,0.0
35955942,1,2,150.0,6.0
35928174,1,15,110.0,12.0
35921273,1,1,160.0,0.0
35920741,1,18,100.0,364.0
35919822,1,1,130.0,0.0
35914632,1,2,250.0,0.0
36080537,1,0,95.0,0.0
36076005,1,9,120.0,365.0
36074783,1,0,200.0,0.0
36072139,1,0,50.0,0.0
36070324,1,6,88.0,82.0
36055888,1,1,75.0,0.0
36054372,1,0,180.0,0.0
36052067,1,17,250.0,47.0
36043601,1,0,200.0,0.0
36029533,1,1,35.0,0.0
36021544,1,0,250.0,87.0
36009953,1,13,70.0,48.0
36006178,1,8,300.0,0.0
35997540,1,0,150.0,0.0
35997506,1,0,85.0,0.0
35996743,1,3,118.0,0.0
1468317,1,0,200.0,0.0
1468247,1,2,100.0,0.0
1468231,1,30,219.0,2.0
1467387,1,17,175.0,0.0
1466154,1,1,36.0,297.0
1465539,1,39,65.0,318.0
1465316,1,3,120.0,230.0
1465030,1,0,70.0,0.0
1464880,1,4,300.0,89.0
1464358,1,29,97.0,118.0
1463509,1,21,70.0,2.0
1462999,1,37,120.0,78.0
36123030,1,9,190.0,2.0
36119026,1,15,120.0,334.0
36089884,1,93,50.0,208.0
36081529,1,60,99.0,0.0
36208562,1,23,250.0,0.0
36208205,1,1,45.0,0.0
36207962,1,13,150.0,0.0
36199306,1,43,99.0,0.0
36195153,1,174,175.0,194.0
36192346,1,9,40.0,0.0
36176332,1,19,120.0,1.0
36170398,1,0,75.0,32.0
36167966,1,5,93.0,0.0
36166297,1,0,45.0,0.0
36166165,1,1,62.0,0.0
36163515,1,3,90.0,0.0
36149596,1,15,305.0,43.0
36133913,1,25,190.0,4.0
1468617,1,5,99.0,0.0
1468472,1,4,85.0,0.0
36268893,1,1,70.0,0.0
36264739,1,1,434.0,0.0
36264666,1,2,240.0,0.0
36242952,1,15,85.0,67.0
36242220,1,209,60.0,364.0
36237566,1,1,100.0,0.0
36234842,1,0,124.0,0.0
36232508,1,27,155.0,0.0
36232131,1,0,100.0,90.0
36229779,1,9,105.0,0.0
36228511,1,5,100.0,0.0
36227371,1,0,75.0,0.0
36214976,1,12,75.0,0.0
36213174,1,1,70.0,0.0
36211911,1,0,80.0,0.0
36211685,1,1,85.0,0.0
36356065,1,1,58.0,0.0
36333834,1,152,139.0,281.0
36332698,1,0,2999.0,0.0
36323224,1,17,55.0,30.0
36308476,1,2,35.0,157.0
36307813,1,0,150.0,0.0
36307255,1,8,700.0,0.0
36306552,1,43,325.0,223.0
36297318,1,0,60.0,0.0
36293942,1,2,150.0,0.0
36291511,1,19,98.0,0.0
36288249,1,14,200.0,364.0
36285615,1,12,90.0,0.0
36283215,1,4,54.0,0.0
36279810,1,5,40.0,0.0
36279488,1,8,172.0,0.0
36400642,1,0,175.0,0.0
36391065,1,4,50.0,20.0
36388501,1,5,50.0,0.0
36387290,1,0,150.0,0.0
36383387,1,11,63.0,129.0
36383228,1,25,160.0,0.0
36383204,1,7,120.0,0.0
36382944,1,2,230.0,0.0
36381094,1,22,229.0,0.0
36380016,1,7,99.0,0.0
36375657,1,1,800.0,0.0
36373090,1,1,70.0,0.0
36369973,1,67,199.0,39.0
36369314,1,3,199.0,0.0
36364146,1,3,125.0,34.0
36356923,1,0,55.0,0.0
36453453,1,3,110.0,0.0
36452416,1,2,95.0,4.0
36450406,1,1,100.0,1.0
36444228,1,1,70.0,287.0
36441990,1,5,105.0,0.0
36440514,1,5,150.0,0.0
36438456,1,10,140.0,0.0
36434721,1,70,160.0,356.0
36434327,1,4,66.0,0.0
36431705,1,7,75.0,253.0
36430529,1,0,250.0,0.0
36426894,1,0,75.0,282.0
36425865,1,13,39.0,89.0
36425465,1,0,800.0,0.0
36420662,1,3,75.0,0.0
36413917,1,0,73.0,0.0
36538690,1,1,224.0,0.0
36537579,1,0,500.0,0.0
36535955,1,2,139.0,0.0
36534042,1,1,120.0,0.0
36531150,1,2,164.0,0.0
36530547,1,0,110.0,0.0
36522433,1,2,130.0,0.0
36494687,1,2,55.0,0.0
36494040,1,0,250.0,0.0
36489857,1,29,85.0,309.0
36486481,1,3,280.0,0.0
36481078,1,74,350.0,247.0
36478779,1,98,94.0,94.0
36477189,1,8,600.0,44.0
36474715,1,27,65.0,78.0
36460338,1,6,80.0,64.0
36585734,1,0,77.0,0.0
36579189,1,63,109.0,0.0
36579046,1,75,115.0,11.0
36578169,1,0,130.0,0.0
36576422,1,31,150.0,89.0
36575095,1,1,50.0,0.0
36574113,1,25,84.0,69.0
36572516,1,17,54.0,0.0
36571434,1,24,139.0,20.0
36566148,1,5,55.0,0.0
36565683,1,4,150.0,64.0
36564046,1,2,160.0,23.0
36562419,1,1,90.0,0.0
36560763,1,0,450.0,0.0
36551297,1,8,70.0,0.0
36539736,1,17,180.0,0.0
36663321,1,173,60.0,281.0
36663219,1,0,350.0,0.0
36651854,1,12,55.0,3.0
36650631,1,0,300.0,0.0
36649618,1,2,150.0,58.0
36644635,1,142,80.0,0.0
36644104,1,8,200.0,0.0
36642844,1,4,97.0,0.0
36641477,1,1,75.0,0.0
36640518,1,0,500.0,0.0
36638599,1,112,170.0,0.0
36634420,1,0,120.0,0.0
36632628,1,6,45.0,0.0
36625404,1,30,195.0,189.0
36625256,1,0,85.0,0.0
36610302,1,0,50.0,0.0
36728751,1,2,130.0,179.0
36727985,1,22,177.0,0.0
36726560,1,0,350.0,0.0
36715249,1,0,110.0,0.0
36713105,1,4,99.0,0.0
36712407,1,2,224.0,16.0
36712060,1,4,50.0,0.0
36710507,1,0,80.0,0.0
36710280,1,4,150.0,0.0
36708202,1,26,195.0,1.0
36693787,1,1,188.0,21.0
36688169,1,151,59.0,325.0
36678842,1,2,150.0,0.0
36673376,1,5,100.0,24.0
36669277,1,38,105.0,0.0
36666388,1,0,375.0,0.0
36816110,1,4,45.0,0.0
36816089,1,0,70.0,0.0
36815239,1,210,74.0,33.0
36800887,1,27,106.0,0.0
36800675,1,9,120.0,44.0
36793330,1,0,120.0,89.0
36793116,1,3,399.0,303.0
36792245,1,8,60.0,0.0
36791609,1,201,98.0,293.0
36786792,1,3,70.0,0.0
36758315,1,1,60.0,0.0
36757798,1,8,130.0,0.0
36754170,1,2,110.0,0.0
36753915,1,37,94.0,0.0
36747057,1,4,90.0,0.0
36743809,1,2,300.0,310.0
1461161,1,6,500.0,138.0
1459837,1,16,101.0,0.0
1459609,1,0,150.0,0.0
1459446,1,4,90.0,290.0
1459377,1,3,145.0,0.0
1459260,1,92,132.0,260.0
1459187,1,0,125.0,0.0
1457680,1,45,50.0,118.0
1457505,1,0,100.0,0.0
1457351,1,85,273.0,91.0
1456436,1,32,64.0,0.0
36828710,1,1,60.0,0.0
36824919,1,1,72.0,0.0
36821356,1,93,96.0,73.0
36818639,1,6,100.0,0.0
36817279,1,17,105.0,190.0
36897569,1,2,115.0,0.0
36893255,1,12,100.0,0.0
36892974,1,0,80.0,0.0
36889987,1,0,100.0,0.0
36885622,1,0,125.0,0.0
36885571,1,76,153.0,305.0
36883838,1,20,145.0,98.0
36881439,1,0,60.0,365.0
36871638,1,5,70.0,0.0
36866768,1,0,179.0,0.0
36865981,1,1,115.0,0.0
36861300,1,72,70.0,146.0
36851145,1,5,260.0,0.0
1461630,1,105,135.0,267.0
1461503,1,2,55.0,0.0
1461344,1,20,245.0,128.0
36962041,1,0,80.0,0.0
36960740,1,0,500.0,9.0
36959636,1,0,75.0,0.0
36956206,1,66,140.0,5.0
36955448,1,59,160.0,304.0
36952002,1,14,35.0,16.0
36948675,1,6,65.0,0.0
36938850,1,1,150.0,15.0
36935244,1,89,250.0,300.0
36926132,1,0,80.0,0.0
36920690,1,2,114.0,0.0
36907706,1,49,58.0,81.0
36905682,1,0,125.0,0.0
36903907,1,207,145.0,287.0
36903246,1,1,700.0,0.0
36899834,1,123,180.0,211.0
37035401,1,36,500.0,85.0
37032324,1,5,52.0,0.0
37028138,1,21,250.0,0.0
37011739,1,7,145.0,0.0
37001535,1,1,130.0,0.0
36999491,1,0,80.0,0.0
36998610,1,1,220.0,0.0
36998520,1,0,155.0,0.0
36998357,1,0,120.0,0.0
36995455,1,48,80.0,214.0
36980964,1,5,155.0,0.0
36980831,1,2,95.0,83.0
36976268,1,0,400.0,0.0
36966894,1,5,200.0,0.0
36966743,1,50,55.0,1.0
36962150,1,0,500.0,0.0
37082109,1,0,90.0,0.0
37078449,1,2,130.0,0.0
37078185,1,0,100.0,0.0
37077716,1,10,60.0,0.0
37077066,1,0,90.0,0.0
37076121,1,2,50.0,0.0
37073646,1,0,1100.0,0.0
37072476,1,0,60.0,0.0
37058836,1,1,260.0,0.0
37055110,1,29,102.0,178.0
37050812,1,4,55.0,0.0
37047337,1,0,57.0,0.0
37040263,1,1,80.0,0.0
37040186,1,1,250.0,178.0
37038571,1,1,250.0,0.0
37037135,1,2,150.0,4.0
37149108,1,0,250.0,364.0
37147077,1,2,115.0,0.0
37140959,1,0,66.0,9.0
37138251,1,161,230.0,347.0
37138042,1,112,80.0,144.0
37136163,1,0,600.0,281.0
37131217,1,0,125.0,0.0
37101663,1,66,71.0,0.0
37100193,1,120,122.0,220.0
37096607,1,5,175.0,0.0
37095710,1,3,170.0,0.0
37093995,1,0,100.0,0.0
37092956,1,0,72.0,0.0
37091023,1,1,100.0,0.0
37087545,1,1,98.0,0.0
37084362,1,14,101.0,0.0
37191710,1,1,110.0,0.0
37191276,1,0,125.0,0.0
37188272,1,4,95.0,0.0
37186427,1,1,120.0,0.0
37185194,1,14,44.0,0.0
37181980,1,178,83.0,255.0
37172480,1,41,225.0,11.0
37170601,1,0,125.0,42.0
37170055,1,0,250.0,1.0
37169371,1,1,69.0,0.0
37166807,1,37,65.0,0.0
37163867,1,18,80.0,92.0
37157641,1,55,398.0,82.0
37154382,1,22,100.0,103.0
37151670,1,6,55.0,61.0
37149695,1,1,100.0,0.0
37243605,1,1,65.0,303.0
37243004,1,0,167.0,0.0
37241656,1,27,325.0,0.0
37239193,1,1,199.0,0.0
37236633,1,2,50.0,0.0
37234244,1,4,105.0,19.0
37234211,1,0,50.0,0.0
37229098,1,9,200.0,357.0
37222237,1,0,35.0,0.0
37221425,1,22,149.0,65.0
37219626,1,0,220.0,0.0
37218085,1,2,70.0,0.0
37212082,1,8,97.0,0.0
37194964,1,0,110.0,0.0
37193449,1,0,75.0,0.0
37191929,1,31,125.0,0.0
37318666,1,60,70.0,66.0
37310365,1,93,185.0,77.0
37306329,1,0,67.0,0.0
37291339,1,77,130.0,322.0
37286422,1,18,45.0,0.0
37282412,1,1,130.0,0.0
37277862,1,7,85.0,0.0
37275619,1,0,90.0,0.0
37274021,1,38,110.0,101.0
37273247,1,4,130.0,338.0
37260534,1,1,87.0,0.0
37256833,1,11,37.0,0.0
37254146,1,1,189.0,200.0
37252712,1,5,100.0,0.0
37249745,1,6,58.0,0.0
37248762,1,0,90.0,0.0
37396328,1,0,51.0,4.0
37384607,1,3,90.0,0.0
37380820,1,0,199.0,0.0
37376980,1,3,135.0,0.0
37370465,1,15,74.0,280.0
37368735,1,120,97.0,292.0
37360127,1,0,45.0,365.0
37357605,1,0,40.0,0.0
37353953,1,4,70.0,0.0
37332180,1,10,70.0,0.0
37331914,1,0,50.0,0.0
37328457,1,122,125.0,214.0
37325782,1,0,40.0,0.0
37325763,1,0,100.0,0.0
37322613,1,3,60.0,0.0
37318968,1,24,275.0,335.0
37440707,1,0,95.0,0.0
37440683,1,0,225.0,0.0
37440412,1,5,160.0,0.0
37435847,1,73,100.0,0.0
37435755,1,8,40.0,10.0
37433861,1,4,105.0,1.0
37426897,1,6,100.0,80.0
37425564,1,3,40.0,0.0
37424221,1,0,100.0,365.0
37421312,1,3,125.0,0.0
37419591,1,9,140.0,0.0
37417547,1,2,25.0,0.0
37410263,1,8,159.0,0.0
37407363,1,7,45.0,0.0
37405985,1,86,109.0,344.0
37402024,1,4,80.0,0.0
37565381,1,5,165.0,0.0
37561828,1,33,35.0,0.0
37555641,1,31,40.0,0.0
37541532,1,59,110.0,248.0
37535886,1,36,59.0,17.0
37521233,1,5,55.0,0.0
37519641,1,4,160.0,313.0
37512618,1,6,100.0,0.0
37510066,1,31,128.0,13.0
37503617,1,3,150.0,0.0
37487997,1,1,138.0,188.0
37482532,1,2,69.0,0.0
37453881,1,6,95.0,0.0
37447483,1,62,70.0,73.0
37442404,1,0,38.0,0.0
37441611,1,119,330.0,258.0
37678920,1,7,100.0,0.0
37678089,1,0,65.0,342.0
37676608,1,187,100.0,300.0
37670256,1,3,170.0,0.0
37668524,1,11,500.0,2.0
37633503,1,42,355.0,116.0
37627534,1,1,49.0,0.0
37626695,1,1,66.0,0.0
37623794,1,69,299.0,257.0
37621814,1,27,125.0,18.0
37616350,1,15,250.0,0.0
37614545,1,0,85.0,0.0
37606128,1,6,60.0,0.0
37588475,1,0,66.0,0.0
37587378,1,8,450.0,263.0
37580284,1,0,85.0,0.0
1455825,1,2,300.0,365.0
1455309,1,0,250.0,0.0
1455109,1,2,175.0,0.0
1454772,1,48,95.0,338.0
1454655,1,5,65.0,362.0
1453801,1,0,150.0,66.0
1452026,1,3,30.0,0.0
1451743,1,2,100.0,0.0
1451723,1,208,50.0,339.0
1451702,1,0,225.0,0.0
1451417,1,169,325.0,277.0
1451269,1,3,140.0,7.0
1450005,1,2,90.0,0.0
1449904,1,30,96.0,165.0
1449710,1,2,200.0,0.0
37684272,1,77,49.0,0.0
37731966,1,10,165.0,0.0
37731938,1,11,90.0,89.0
37731444,1,17,125.0,80.0
37728210,1,0,175.0,83.0
37728157,1,11,175.0,0.0
37718300,1,88,145.0,321.0
37712463,1,1,100.0,0.0
37711914,1,25,160.0,1.0
37708037,1,5,199.0,37.0
37707224,1,0,65.0,0.0
37703550,1,1,45.0,35.0
37697640,1,3,99.0,0.0
37694131,1,11,87.0,361.0
37691482,1,8,180.0,0.0
37688229,1,8,79.0,15.0
37687663,1,1,125.0,0.0
37842947,1,3,80.0,89.0
37834029,1,49,75.0,71.0
37832982,1,0,130.0,0.0
37820765,1,14,98.0,0.0
37820632,1,2,275.0,0.0
37818693,1,9,249.0,137.0
37809789,1,0,200.0,0.0
37806504,1,50,60.0,85.0
37806185,1,0,200.0,0.0
37803660,1,1,199.0,0.0
37801911,1,2,100.0,0.0
37792599,1,3,119.0,2.0
37782666,1,59,72.0,83.0
37750296,1,81,185.0,65.0
37737721,1,117,225.0,242.0
37735816,1,95,65.0,0.0
37939474,1,34,37.0,331.0
37934478,1,9,139.0,0.0
37932285,1,3,65.0,0.0
37927366,1,0,500.0,0.0
37917699,1,2,45.0,180.0
37909191,1,0,195.0,0.0
37907767,1,1,110.0,0.0
37904263,1,5,120.0,0.0
37904015,1,13,83.0,0.0
37903935,1,1,70.0,0.0
37901086,1,1,1475.0,362.0
37888781,1,1,195.0,71.0
37883321,1,8,160.0,80.0
37880566,1,17,107.0,9.0
37872024,1,0,30.0,32.0
37849636,1,59,48.0,90.0
38032297,1,2,140.0,0.0
38029848,1,2,38.0,0.0
38021737,1,0,54.0,0.0
38014669,1,38,113.0,355.0
38013805,1,0,180.0,4.0
38010132,1,0,36.0,0.0
38005727,1,0,130.0,0.0
38003941,1,9,80.0,0.0
37995238,1,18,90.0,0.0
37994197,1,76,349.0,71.0
37993952,1,1,150.0,0.0
37987441,1,7,32.0,0.0
37980834,1,1,119.0,0.0
37978030,1,9,436.0,27.0
37957096,1,17,80.0,95.0
37947830,1,13,100.0,2.0
1447642,1,12,340.0,63.0
1446988,1,12,250.0,3.0
1446751,1,47,285.0,194.0
1445871,1,62,139.0,240.0
1445618,1,3,235.0,0.0
1445298,1,23,80.0,20.0
1445060,1,3,150.0,362.0
1444513,1,15,130.0,0.0
1444304,1,56,175.0,263.0
1444040,1,76,109.0,0.0
38076944,1,0,90.0,0.0
38073985,1,0,75.0,0.0
38064272,1,3,30.0,0.0
38042569,1,1,150.0,0.0
38041322,1,2,60.0,0.0
38038797,1,11,125.0,10.0
38209756,1,0,60.0,9.0
38202756,1,4,186.0,0.0
38179715,1,13,150.0,69.0
38174433,1,3,235.0,34.0
38169148,1,3,70.0,0.0
38153613,1,1,350.0,90.0
38140449,1,1,375.0,0.0
38121779,1,0,62.0,0.0
38116129,1,39,68.0,0.0
38101644,1,1,65.0,0.0
38092082,1,0,60.0,71.0
38085094,1,3,250.0,0.0
1449155,1,1,125.0,0.0
1448674,1,33,329.0,16.0
1448432,1,52,139.0,314.0
1447988,1,11,150.0,364.0
38292974,1,11,399.0,18.0
38290241,1,0,350.0,0.0
38288441,1,8,55.0,0.0
38288406,1,0,30.0,0.0
38284609,1,10,85.0,362.0
38269863,1,0,150.0,0.0
38266438,1,1,75.0,0.0
38263259,1,7,140.0,0.0
38260715,1,74,37.0,135.0
38257294,1,8,185.0,123.0
38256284,1,1,250.0,0.0
38250741,1,2,65.0,0.0
38250510,1,10,150.0,89.0
38250051,1,3,50.0,0.0
38249006,1,14,70.0,17.0
38236150,1,4,45.0,0.0
38352423,1,1,45.0,0.0
38350446,1,5,160.0,0.0
38344324,1,42,95.0,0.0
38342237,1,0,66.0,0.0
38337856,1,22,159.0,22.0
38337141,1,2,225.0,0.0
38334307,1,7,150.0,0.0
38331104,1,0,100.0,0.0
38322121,1,2,70.0,0.0
38320446,1,0,150.0,18.0
38315339,1,109,195.0,190.0
38299001,1,0,55.0,0.0
38297722,1,1,200.0,0.0
38297695,1,1,200.0,0.0
38294553,1,1,78.0,0.0
38294027,1,1,300.0,0.0
38388018,1,56,64.0,184.0
38386349,1,4,117.0,0.0
38380486,1,4,140.0,0.0
38380313,1,13,95.0,0.0
38379191,1,44,89.0,0.0
38378985,1,147,239.0,142.0
38377515,1,5,75.0,86.0
38373441,1,58,350.0,81.0
38363932,1,0,99.0,365.0
38363621,1,72,215.0,0.0
38361857,1,98,100.0,0.0
38360286,1,0,50.0,0.0
38359380,1,2,45.0,0.0
38358245,1,1,96.0,0.0
38353649,1,5,194.0,0.0
38352826,1,2,128.0,16.0
38483192,1,0,165.0,0.0
38480982,1,6,166.0,0.0
38480809,1,0,125.0,0.0
38465372,1,38,225.0,135.0
38458421,1,0,900.0,245.0
38452274,1,14,100.0,0.0
38445572,1,2,130.0,0.0
38433605,1,0,80.0,0.0
38431080,1,3,64.0,0.0
38407262,1,9,115.0,315.0
38405623,1,0,70.0,0.0
38403770,1,4,199.0,0.0
38398698,1,14,650.0,90.0
38392972,1,3,82.0,26.0
38392850,1,10,150.0,0.0
38390671,1,12,40.0,48.0
38583557,1,2,99.0,0.0
38580398,1,3,150.0,327.0
38579823,1,12,150.0,0.0
38576999,1,0,50.0,42.0
38569616,1,2,100.0,0.0
38567763,1,2,63.0,0.0
38561955,1,2,48.0,0.0
38557313,1,1,31.0,0.0
38530455,1,135,105.0,68.0
38507835,1,1,80.0,0.0
38503810,1,0,129.0,25.0
38503504,1,75,180.0,237.0
38503320,1,36,95.0,101.0
38500165,1,0,70.0,0.0
38499797,1,3,110.0,3.0
38497438,1,1,215.0,0.0
38664335,1,6,150.0,44.0
38661692,1,0,1600.0,0.0
38655309,1,28,72.0,0.0
38649650,1,2,175.0,188.0
38638199,1,18,50.0,0.0
38635971,1,4,60.0,0.0
38615080,1,24,65.0,9.0
38609509,1,65,115.0,127.0
38609489,1,1,40.0,0.0
38609043,1,28,299.0,64.0
38607397,1,0,80.0,0.0
38606448,1,8,80.0,281.0
38599690,1,1,35.0,0.0
38599544,1,144,97.0,73.0
38596175,1,0,90.0,0.0
38592785,1,15,55.0,0.0
38721832,1,0,35.0,0.0
38714592,1,2,34.0,0.0
38712916,1,0,60.0,0.0
38706510,1,2,120.0,200.0
38702813,1,0,150.0,0.0
38699335,1,0,65.0,0.0
38694062,1,9,175.0,31.0
38681422,1,2,400.0,0.0
38681372,1,15,99.0,0.0
38679669,1,0,65.0,0.0
38678875,1,2,70.0,0.0
38672932,1,6,70.0,0.0
38672377,1,5,100.0,0.0
38672291,1,24,64.0,0.0
38671350,1,0,200.0,0.0
38670785,1,1,68.0,0.0
38793847,1,80,65.0,347.0
38791434,1,0,60.0,0.0
38790056,1,38,85.0,36.0
38788236,1,11,100.0,0.0
38786890,1,2,120.0,113.0
38774068,1,0,98.0,359.0
38772311,1,0,100.0,0.0
38767720,1,2,97.0,0.0
38765891,1,19,230.0,90.0
38764806,1,19,950.0,323.0
38759330,1,3,35.0,0.0
38757148,1,14,50.0,5.0
38757107,1,2,100.0,0.0
38753504,1,28,62.0,0.0
38741040,1,0,40.0,0.0
38738475,1,1,90.0,0.0
1443186,1,3,108.0,0.0
1443121,1,96,105.0,295.0
1442864,1,18,275.0,85.0
1442860,1,32,40.0,82.0
1442768,1,10,125.0,0.0
1442412,1,56,345.0,0.0
1441920,1,0,87.0,0.0
1440691,1,1,127.0,365.0
1439611,1,36,175.0,0.0
1439449,1,4,110.0,220.0
1439333,1,79,220.0,81.0
1439261,1,38,65.0,10.0
1436404,1,1,110.0,275.0
1434931,1,6,135.0,317.0
1434340,1,174,150.0,236.0
38794144,1,2,64.0,21.0
38902136,1,178,165.0,134.0
38866485,1,3,100.0,0.0
38864859,1,0,150.0,0.0
38863621,1,3,85.0,0.0
38858002,1,0,90.0,12.0
38857566,1,2,100.0,0.0
38853591,1,102,25.0,99.0
38850307,1,130,125.0,217.0
38844508,1,17,239.0,7.0
38840706,1,28,75.0,363.0
38832294,1,7,105.0,0.0
38827405,1,62,145.0,0.0
38814918,1,123,60.0,105.0
38805180,1,2,65.0,356.0
38796373,1,0,386.0,0.0
38795245,1,0,275.0,0.0
38969811,1,0,100.0,0.0
38969372,1,7,105.0,20.0
38968716,1,5,250.0,0.0
38967549,1,3,75.0,0.0
38965196,1,16,88.0,0.0
38965064,1,1,83.0,0.0
38959084,1,6,200.0,0.0
38956453,1,51,125.0,89.0
38952124,1,0,399.0,0.0
38948315,1,106,130.0,210.0
38946305,1,4,50.0,0.0
38944275,1,12,100.0,89.0
38943127,1,1,198.0,0.0
38920716,1,134,75.0,63.0
38915391,1,83,178.0,342.0
38908498,1,1,65.0,0.0
39077228,1,2,83.0,15.0
39074591,1,2,46.0,0.0
39072477,1,2,80.0,0.0
39072326,1,94,80.0,167.0
39062378,1,0,60.0,0.0
39060578,1,45,200.0,0.0
39055365,1,5,45.0,0.0
39055176,1,145,328.0,298.0
39054866,1,1,160.0,0.0
39047190,1,2,180.0,0.0
39041380,1,0,275.0,0.0
39039509,1,36,150.0,248.0
39038649,1,41,52.0,3.0
39031994,1,4,45.0,34.0
39021367,1,0,149.0,82.0
38973529,1,0,85.0,0.0
39156453,1,10,110.0,0.0
39150374,1,0,100.0,0.0
39149459,1,1,110.0,0.0
39147880,1,17,130.0,0.0
39147579,1,1,235.0,196.0
39142433,1,12,160.0,0.0
39134890,1,25,39.0,0.0
39123185,1,0,100.0,0.0
39111035,1,2,160.0,0.0
39093118,1,0,100.0,0.0
39091267,1,0,35.0,0.0
39085295,1,105,125.0,195.0
39085072,1,4,80.0,0.0
39084892,1,15,150.0,0.0
39083533,1,0,222.0,32.0
39079982,1,6,99.0,0.0
39249461,1,3,65.0,0.0
39243102,1,0,200.0,89.0
39241960,1,41,175.0,242.0
39226206,1,4,225.0,0.0
39200438,1,23,40.0,365.0
39197422,1,1,60.0,0.0
39192815,1,0,95.0,0.0
39190931,1,0,150.0,90.0
39186813,1,0,75.0,0.0
39185689,1,12,35.0,176.0
39181402,1,67,48.0,70.0
39179346,1,8,110.0,238.0
39177865,1,3,70.0,0.0
39175915,1,0,29.0,0.0
39166877,1,37,165.0,82.0
39158104,1,10,75.0,162.0
39335488,1,134,75.0,90.0
39333015,1,1,85.0,0.0
39329872,1,3,110.0,25.0
39329047,1,4,150.0,0.0
39305771,1,5,59.0,216.0
39301747,1,27,78.0,33.0
39298265,1,1,60.0,0.0
39288710,1,64,102.0,296.0
39277795,1,50,90.0,43.0
39275815,1,1,220.0,63.0
39268020,1,7,100.0,0.0
39262419,1,2,125.0,0.0
39259484,1,0,50.0,20.0
39255079,1,55,62.0,63.0
39253607,1,1,120.0,0.0
39250457,1,4,90.0,0.0
39456887,1,1,150.0,0.0
39455276,1,2,600.0,36.0
39444059,1,0,100.0,13.0
39442448,1,1,43.0,0.0
39427266,1,0,108.0,270.0
39395975,1,0,150.0,16.0
39394883,1,0,150.0,0.0
39389693,1,3,120.0,0.0
39375487,1,16,80.0,0.0
39371342,1,69,150.0,127.0
39368803,1,4,54.0,0.0
39362787,1,33,59.0,0.0
39362079,1,7,95.0,0.0
39355825,1,5,70.0,0.0
39347667,1,15,45.0,0.0
39346203,1,8,45.0,0.0
1434069,1,0,126.0,26.0
1433395,1,54,99.0,50.0
1432593,1,33,115.0,20.0
1430695,1,76,249.0,40.0
1430128,1,10,67.0,0.0
1429710,1,18,63.0,56.0
1429693,1,10,200.0,79.0
1429642,1,0,200.0,0.0
1427352,1,2,40.0,0.0
1427243,1,0,3750.0,0.0
1424716,1,7,175.0,0.0
39472888,1,41,100.0,125.0
39469667,1,142,105.0,38.0
39469408,1,5,135.0,0.0
39461895,1,9,229.0,137.0
39457267,1,2,40.0,0.0
39539913,1,0,100.0,0.0
39538634,1,0,174.0,0.0
39537244,1,11,42.0,244.0
39535251,1,5,103.0,0.0
39533449,1,68,169.0,44.0
39531775,1,0,175.0,0.0
39531110,1,1,29.0,0.0
39523758,1,0,150.0,0.0
39523280,1,30,185.0,281.0
39503857,1,0,200.0,0.0
39483454,1,2,180.0,0.0
39483399,1,0,100.0,0.0
39481825,1,15,70.0,16.0
39480845,1,37,75.0,0.0
39477098,1,25,125.0,139.0
39472987,1,5,58.0,0.0
39603281,1,188,165.0,328.0
39601665,1,0,53.0,357.0
39599671,1,12,200.0,0.0
39591103,1,13,100.0,172.0
39575865,1,0,175.0,5.0
39575635,1,15,70.0,0.0
39561430,1,1,52.0,0.0
39556296,1,1,85.0,0.0
39550178,1,0,275.0,0.0
39549996,1,9,78.0,23.0
39549563,1,38,140.0,312.0
39548500,1,4,300.0,0.0
39543399,1,29,175.0,282.0
39541748,1,4,185.0,0.0
39541218,1,3,100.0,31.0
39539952,1,7,67.0,21.0
39651842,1,0,110.0,0.0
39644709,1,1,35.0,0.0
39641996,1,0,100.0,0.0
39639929,1,1,110.0,0.0
39639169,1,125,110.0,315.0
39637568,1,0,105.0,0.0
39636434,1,8,48.0,0.0
39635423,1,0,120.0,0.0
39631811,1,0,70.0,0.0
39624147,1,0,700.0,0.0
39619320,1,6,60.0,0.0
39615319,1,3,120.0,0.0
39608626,1,1,28.0,0.0
39607598,1,5,101.0,90.0
39607226,1,6,119.0,4.0
39603420,1,151,75.0,0.0
39726069,1,2,107.0,0.0
39725165,1,27,85.0,0.0
39724060,1,0,115.0,79.0
39713675,1,186,69.0,6.0
39712384,1,7,110.0,152.0
39706334,1,0,140.0,0.0
39706100,1,6,90.0,0.0
39699925,1,39,170.0,19.0
39695769,1,0,250.0,0.0
39694819,1,1,180.0,0.0
39668851,1,11,100.0,298.0
39657176,1,1,75.0,0.0
39655899,1,1,140.0,0.0
39653778,1,1,220.0,1.0
39652597,1,4,170.0,0.0
39652113,1,6,40.0,197.0
39829442,1,4,295.0,0.0
39828340,1,0,200.0,0.0
39823351,1,10,90.0,24.0
39801631,1,6,300.0,3.0
39782325,1,0,107.0,6.0
39774366,1,2,86.0,154.0
39770685,1,8,300.0,7.0
39769788,1,0,50.0,0.0
39768761,1,50,110.0,0.0
39765154,1,0,125.0,0.0
39763202,1,11,150.0,0.0
39761389,1,14,185.0,37.0
39754804,1,64,125.0,0.0
39742177,1,1,155.0,0.0
39731713,1,0,45.0,0.0
39726129,1,2,60.0,0.0
39918716,1,6,199.0,130.0
39916890,1,3,95.0,0.0
39916377,1,49,145.0,76.0
39880500,1,9,110.0,19.0
39875363,1,259,118.0,47.0
39872618,1,7,50.0,249.0
39872420,1,1,50.0,0.0
39868106,1,0,400.0,0.0
39865251,1,1,225.0,0.0
39863896,1,70,120.0,208.0
39856008,1,1,140.0,0.0
39840590,1,227,138.0,21.0
39835878,1,13,70.0,219.0
39834676,1,5,137.0,266.0
39832770,1,0,90.0,0.0
39831146,1,0,225.0,317.0
39978385,1,7,100.0,0.0
39978070,1,1,75.0,358.0
39977656,1,0,40.0,0.0
39975694,1,0,80.0,0.0
39972598,1,1,70.0,342.0
39968155,1,0,65.0,0.0
39945901,1,28,200.0,3.0
39943241,1,2,260.0,33.0
39942789,1,48,195.0,344.0
39940356,1,8,275.0,9.0
39939372,1,0,65.0,0.0
39939354,1,29,150.0,31.0
39939246,1,3,89.0,0.0
39938343,1,13,145.0,0.0
39927670,1,2,151.0,0.0
39919088,1,0,1000.0,88.0
40044130,1,2,80.0,0.0
40044041,1,5,59.0,0.0
40042311,1,1,799.0,359.0
40041424,1,2,50.0,0.0
40040638,1,67,132.0,264.0
40038018,1,2,449.0,132.0
40037773,1,19,90.0,0.0
40034304,1,8,80.0,0.0
40031815,1,2,200.0,0.0
40027302,1,90,70.0,323.0
40025069,1,2,97.0,52.0
40015388,1,0,935.0,0.0
40010465,1,1,35.0,0.0
40008714,1,5,65.0,328.0
40008334,1,159,75.0,84.0
39981142,1,0,68.0,0.0
40085749,1,0,200.0,0.0
40082650,1,30,300.0,87.0
40080883,1,1,150.0,0.0
40078965,1,29,95.0,120.0
40078170,1,8,245.0,163.0
40076332,1,0,175.0,0.0
40072723,1,32,48.0,0.0
40070700,1,4,45.0,0.0
40070423,1,5,70.0,0.0
40069144,1,0,46.0,37.0
40068602,1,1,69.0,0.0
40068023,1,0,400.0,0.0
40062888,1,0,100.0,0.0
40060170,1,75,155.0,34.0
40058915,1,1,164.0,163.0
40058595,1,4,175.0,0.0
1424332,1,2,50.0,0.0
1424084,1,9,50.0,179.0
1423798,1,203,150.0,300.0
1423613,1,20,56.0,216.0
1423321,1,1,70.0,0.0
1423123,1,9,45.0,0.0
1423082,1,26,150.0,0.0
1422833,1,16,135.0,0.0
1422618,1,0,85.0,341.0
1420868,1,46,230.0,353.0
1420659,1,0,150.0,310.0
1420300,1,122,800.0,257.0
1419430,1,2,275.0,0.0
1419062,1,48,70.0,72.0
1418854,1,0,60.0,0.0
40086875,1,0,39.0,0.0
40209604,1,60,50.0,7.0
40206276,1,4,145.0,0.0
40204929,1,5,99.0,0.0
40204585,1,3,180.0,0.0
40188920,1,0,40.0,82.0
40169737,1,268,300.0,261.0
40164647,1,0,150.0,0.0
40163236,1,23,205.0,0.0
40160805,1,1,159.0,78.0
40151792,1,10,160.0,11.0
40140854,1,1,60.0,0.0
40139382,1,1,70.0,0.0
40138709,1,0,32.0,0.0
40134417,1,17,20.0,0.0
40120855,1,14,210.0,13.0
40110507,1,5,85.0,0.0
40244009,1,2,150.0,0.0
40238772,1,2,60.0,0.0
40238727,1,43,115.0,72.0
40238258,1,7,175.0,365.0
40237377,1,0,119.0,126.0
40237342,1,10,80.0,37.0
40234779,1,0,60.0,0.0
40231738,1,4,205.0,203.0
40230580,1,8,88.0,0.0
40230231,1,1,50.0,2.0
40225443,1,28,104.0,0.0
40223271,1,22,79.0,0.0
40223194,1,3,75.0,0.0
40222216,1,7,136.0,255.0
40219037,1,107,200.0,203.0
40218949,1,35,60.0,94.0
1417893,1,52,160.0,37.0
1417757,1,204,165.0,80.0
1417489,1,0,100.0,365.0
1417159,1,42,159.0,242.0
1415590,1,24,250.0,16.0
1415489,1,25,140.0,13.0
1415417,1,0,60.0,0.0
1414616,1,10,47.0,0.0
1414412,1,17,150.0,26.0
1413658,1,13,750.0,179.0
40302046,1,0,149.0,0.0
40298873,1,6,90.0,83.0
40288829,1,17,77.0,311.0
40277743,1,0,68.0,0.0
40277071,1,0,70.0,0.0
40275796,1,0,100.0,40.0
40398107,1,1,70.0,0.0
40394783,1,0,200.0,0.0
40381718,1,0,250.0,0.0
40381599,1,0,600.0,199.0
40376473,1,25,299.0,221.0
40327248,1,5,350.0,334.0
40323007,1,40,280.0,119.0
40321516,1,1,350.0,0.0
40319733,1,3,110.0,0.0
40313256,1,0,195.0,0.0
40312918,1,0,80.0,0.0
40312267,1,5,50.0,0.0
40306612,1,12,250.0,0.0
1418498,1,0,89.0,0.0
1418307,1,1,200.0,0.0
1418004,1,15,45.0,123.0
40448425,1,1,77.0,0.0
40443551,1,1,112.0,0.0
40438814,1,31,160.0,136.0
40436170,1,5,95.0,65.0
40429192,1,96,175.0,328.0
40428881,1,1,99.0,0.0
40428152,1,0,350.0,0.0
40427171,1,0,125.0,0.0
40426686,1,0,69.0,0.0
40425528,1,1,60.0,0.0
40425220,1,1,225.0,0.0
40411263,1,0,39.0,173.0
40405299,1,16,200.0,0.0
40404813,1,2,100.0,365.0
40404374,1,8,92.0,125.0
40401163,1,0,75.0,0.0
40539880,1,4,300.0,0.0
40536602,1,0,65.0,0.0
40532707,1,1,39.0,0.0
40527701,1,2,150.0,0.0
40516440,1,52,45.0,341.0
40511430,1,53,70.0,108.0
40510005,1,11,50.0,0.0
40509550,1,14,42.0,363.0
40507839,1,20,118.0,33.0
40507331,1,8,325.0,86.0
40503855,1,3,90.0,0.0
40501530,1,4,69.0,0.0
40498479,1,0,59.0,0.0
40480205,1,2,110.0,83.0
40478687,1,1,250.0,0.0
40470433,1,0,52.0,0.0
40629507,1,8,140.0,0.0
40627479,1,5,175.0,0.0
40608098,1,14,189.0,0.0
40605120,1,3,140.0,56.0
40597585,1,70,145.0,230.0
40595718,1,22,79.0,130.0
40594187,1,6,150.0,4.0
40591396,1,5,70.0,0.0
40585961,1,0,85.0,0.0
40585281,1,0,110.0,0.0
40571321,1,0,90.0,0.0
40552516,1,2,51.0,0.0
40548594,1,52,150.0,72.0
40544318,1,9,200.0,0.0
40543452,1,2,120.0,0.0
40542519,1,36,120.0,89.0
1413085,1,0,150.0,0.0
1412944,1,0,75.0,358.0
1412548,1,1,60.0,0.0
1411232,1,3,150.0,0.0
1410860,1,67,300.0,360.0
1410714,1,26,50.0,158.0
1410306,1,181,105.0,175.0
1409854,1,2,150.0,110.0
1409823,1,16,75.0,15.0
1409287,1,0,180.0,91.0
1408973,1,73,235.0,44.0
1408733,1,64,350.0,18.0
40643524,1,1,79.0,0.0
40640586,1,168,199.0,65.0
40639815,1,0,75.0,0.0
40630037,1,8,60.0,0.0
40732314,1,1,140.0,0.0
40726506,1,0,150.0,0.0
40721357,1,34,150.0,3.0
40712207,1,2,75.0,188.0
40709140,1,0,160.0,0.0
40707667,1,12,60.0,27.0
40699990,1,0,75.0,0.0
40696448,1,2,40.0,0.0
40695843,1,18,145.0,0.0
40694772,1,0,55.0,0.0
40693481,1,1,38.0,0.0
40684968,1,1,60.0,0.0
40681070,1,9,359.0,23.0
40653297,1,19,350.0,163.0
40645778,1,12,300.0,33.0
1413098,1,244,96.0,270.0
40818755,1,22,250.0,89.0
40812784,1,29,120.0,178.0
40812084,1,2,45.0,0.0
40811074,1,0,525.0,0.0
40800717,1,4,85.0,0.0
40800505,1,29,135.0,268.0
40784273,1,1,99.0,0.0
40755122,1,105,150.0,72.0
40748414,1,0,60.0,157.0
40744172,1,0,499.0,0.0
40744019,1,158,181.0,173.0
40742174,1,1,70.0,0.0
40741349,1,3,60.0,341.0
40735098,1,35,120.0,346.0
40733633,1,1,70.0,312.0
40733012,1,0,40.0,365.0
40880743,1,1,115.0,0.0
40877319,1,113,59.0,290.0
40872011,1,22,45.0,51.0
40871485,1,1,22.0,0.0
40869788,1,4,140.0,0.0
40867860,1,4,63.0,240.0
40866184,1,12,105.0,0.0
40863393,1,7,110.0,0.0
40863179,1,43,150.0,53.0
40861618,1,24,68.0,0.0
40834217,1,0,35.0,365.0
40832103,1,0,154.0,18.0
40826687,1,34,120.0,0.0
40823628,1,49,99.0,216.0
40822420,1,14,160.0,205.0
40821640,1,0,50.0,0.0
40976536,1,34,69.0,180.0
40971988,1,4,75.0,9.0
40965944,1,5,290.0,0.0
40959256,1,8,50.0,0.0
40958326,1,99,175.0,334.0
40949032,1,0,131.0,182.0
40947332,1,39,150.0,0.0
40935862,1,6,150.0,90.0
40929418,1,0,100.0,0.0
40905449,1,7,160.0,0.0
40905101,1,25,45.0,0.0
40895919,1,115,245.0,125.0
40895369,1,70,70.0,336.0
40892524,1,25,76.0,287.0
40891373,1,25,125.0,28.0
40883581,1,4,55.0,0.0
41066327,1,2,160.0,0.0
41062475,1,11,80.0,156.0
41060870,1,0,160.0,0.0
41060321,1,0,35.0,0.0
41049217,1,0,200.0,0.0
41047066,1,24,71.0,55.0
41046343,1,1,75.0,0.0
41044972,1,9,75.0,231.0
41042927,1,163,137.0,32.0
41007625,1,0,399.0,0.0
41007099,1,12,75.0,0.0
41003664,1,2,70.0,0.0
40997229,1,3,160.0,5.0
40995200,1,0,30.0,0.0
40994490,1,0,200.0,0.0
40984551,1,0,70.0,5.0
41123114,1,7,949.0,8.0
41121514,1,0,60.0,0.0
41118093,1,2,125.0,0.0
41112084,1,3,145.0,0.0
41108789,1,25,85.0,24.0
41106580,1,0,70.0,0.0
41105459,1,3,29.0,0.0
41094794,1,2,325.0,0.0
41091852,1,29,75.0,84.0
41090359,1,0,100.0,88.0
41089134,1,17,45.0,87.0
41087164,1,8,90.0,0.0
41084247,1,31,175.0,254.0
41079797,1,28,94.0,274.0
41069190,1,0,380.0,0.0
41067998,1,0,175.0,0.0
1407325,1,17,250.0,36.0
1407079,1,0,120.0,0.0
1407021,1,30,180.0,0.0
1406773,1,35,130.0,41.0
1406458,1,10,210.0,0.0
1406214,1,169,103.0,192.0
1405974,1,1,150.0,0.0
1405374,1,0,57.0,4.0
1405217,1,18,120.0,0.0
1403769,1,18,80.0,161.0
1403669,1,20,180.0,208.0
1403333,1,5,325.0,31.0
1402951,1,15,50.0,337.0
41134220,1,0,170.0,270.0
41131304,1,4,150.0,66.0
41124793,1,1,389.0,0.0
41240531,1,2,90.0,0.0
41233448,1,2,260.0,0.0
41219108,1,1,50.0,0.0
41218193,1,0,500.0,0.0
41213523,1,4,250.0,0.0
41209536,1,19,125.0,225.0
41201538,1,104,63.0,230.0
41194120,1,4,275.0,0.0
41193978,1,4,100.0,0.0
41190629,1,3,90.0,0.0
41171451,1,18,80.0,179.0
41162207,1,4,85.0,0.0
41158436,1,99,137.0,221.0
41152325,1,0,120.0,0.0
41147578,1,3,420.0,0.0
41140356,1,14,195.0,326.0
41354164,1,0,100.0,0.0
41332081,1,8,85.0,179.0
41330687,1,0,79.0,0.0
41329387,1,193,100.0,213.0
41326201,1,14,150.0,89.0
41324442,1,59,90.0,2.0
41323748,1,18,125.0,1.0
41316877,1,0,79.0,0.0
41306788,1,1,275.0,0.0
41287915,1,27,75.0,29.0
41281138,1,1,85.0,0.0
41280277,1,0,84.0,0.0
41265342,1,7,115.0,0.0
41263120,1,0,190.0,0.0
41262382,1,10,85.0,0.0
41261306,1,32,90.0,20.0
41408521,1,3,75.0,0.0
41407057,1,4,95.0,0.0
41406733,1,214,135.0,170.0
41405875,1,0,36.0,0.0
41398078,1,0,125.0,0.0
41393276,1,48,40.0,17.0
41392993,1,2,50.0,0.0
41389252,1,7,60.0,58.0
41387722,1,0,65.0,0.0
41385305,1,1,80.0,0.0
41382247,1,0,275.0,0.0
41381874,1,3,150.0,0.0
41371043,1,0,400.0,0.0
41367164,1,63,295.0,214.0
41366374,1,0,150.0,0.0
41361010,1,8,300.0,199.0
41510712,1,1,36.0,0.0
41499146,1,11,164.0,18.0
41494545,1,2,50.0,0.0
41474488,1,47,200.0,205.0
41471799,1,3,115.0,0.0
41471153,1,0,58.0,133.0
41467596,1,1,140.0,0.0
41466973,1,1,200.0,161.0
41464907,1,1,67.0,0.0
41457105,1,0,125.0,0.0
41434577,1,0,49.0,32.0
41423658,1,37,69.0,3.0
41420696,1,84,207.0,88.0
41411996,1,9,400.0,0.0
41411803,1,3,87.0,0.0
41411171,1,0,40.0,0.0
41644172,1,1,150.0,0.0
41638669,1,2,141.0,0.0
41620310,1,0,100.0,0.0
41619645,1,70,200.0,90.0
41617175,1,1,70.0,0.0
41610771,1,5,100.0,4.0
41580455,1,4,80.0,0.0
41574770,1,0,300.0,0.0
41565192,1,1,43.0,0.0
41550565,1,5,100.0,117.0
41547419,1,72,240.0,0.0
41543076,1,1,175.0,0.0
41541593,1,4,70.0,19.0
41535999,1,1,70.0,0.0
41514104,1,85,100.0,269.0
41511227,1,1,99.0,0.0
41764756,1,20,130.0,0.0
41762539,1,1,125.0,0.0
41760536,1,0,100.0,0.0
41757762,1,6,170.0,0.0
41747327,1,98,95.0,240.0
41730784,1,3,62.0,0.0
41728993,1,1,95.0,0.0
41704832,1,29,85.0,82.0
41702722,1,0,395.0,0.0
41698272,1,0,72.0,170.0
41680155,1,2,140.0,22.0
41672509,1,13,60.0,316.0
41667978,1,1,70.0,0.0
41666655,1,5,150.0,157.0
41657584,1,9,200.0,168.0
41655831,1,2,99.0,0.0
41859649,1,2,72.0,364.0
41848631,1,1,160.0,5.0
41847916,1,0,50.0,0.0
41844294,1,90,170.0,164.0
41844032,1,2,70.0,163.0
41833764,1,1,145.0,277.0
41832478,1,0,70.0,0.0
41827902,1,6,115.0,23.0
41817016,1,5,175.0,87.0
41813694,1,8,95.0,3.0
41810578,1,0,215.0,0.0
41808609,1,20,235.0,0.0
41802394,1,2,1115.0,0.0
41783072,1,0,85.0,0.0
41775303,1,1,100.0,0.0
41769353,1,0,45.0,0.0
1402817,1,7,88.0,0.0
1402455,1,0,100.0,0.0
1402454,1,38,55.0,0.0
1401919,1,21,275.0,5.0
1401316,1,3,200.0,0.0
1400369,1,31,300.0,278.0
1398809,1,89,199.0,0.0
1397883,1,37,179.0,284.0
1397707,1,9,198.0,127.0
1397160,1,1,175.0,0.0
1397115,1,68,195.0,271.0
1397078,1,2,200.0,0.0
1397061,1,0,220.0,0.0
1396546,1,5,147.0,189.0
41863600,1,4,500.0,0.0
41861163,1,0,50.0,0.0
41941061,1,0,350.0,89.0
41939599,1,0,164.0,0.0
41939513,1,3,120.0,0.0
41930087,1,6,65.0,0.0
41926423,1,0,85.0,77.0
41919914,1,2,80.0,188.0
41913683,1,4,115.0,0.0
41902579,1,41,140.0,13.0
41895575,1,2,400.0,89.0
41878998,1,3,90.0,5.0
41870118,1,0,2350.0,364.0
41869754,1,36,115.0,3.0
41869421,1,1,90.0,343.0
41869388,1,20,85.0,5.0
41865841,1,2,160.0,0.0
41865488,1,11,149.0,0.0
42037177,1,2,300.0,365.0
42034713,1,0,50.0,0.0
42032781,1,7,45.0,133.0
42030960,1,0,135.0,0.0
42008401,1,9,140.0,0.0
41976386,1,0,50.0,36.0
41965551,1,131,80.0,20.0
41963149,1,1,170.0,0.0
41962603,1,0,96.0,0.0
41955015,1,2,150.0,0.0
41951749,1,8,120.0,0.0
41950627,1,0,175.0,0.0
41949280,1,0,90.0,85.0
41945908,1,4,60.0,0.0
41945759,1,3,165.0,0.0
41942577,1,1,46.0,0.0
42104268,1,1,195.0,36.0
42085952,1,0,102.0,36.0
42082780,1,85,99.0,342.0
42082221,1,3,60.0,0.0
42082112,1,34,95.0,56.0
42078872,1,42,89.0,5.0
42073103,1,4,100.0,0.0
42068815,1,81,150.0,282.0
42064476,1,9,200.0,0.0
42063010,1,0,180.0,177.0
42058671,1,4,60.0,0.0
42051399,1,0,128.0,89.0
42050222,1,250,135.0,111.0
42048980,1,1,100.0,0.0
42045746,1,1,45.0,0.0
42043282,1,1,70.0,0.0
42210223,1,0,120.0,83.0
42204606,1,12,119.0,140.0
42174219,1,1,180.0,31.0
42164373,1,1,50.0,0.0
42160853,1,2,45.0,0.0
42154621,1,109,1195.0,264.0
42151184,1,0,90.0,365.0
42150813,1,1,60.0,0.0
42144338,1,2,120.0,9.0
42141935,1,2,89.0,0.0
42135378,1,2,130.0,0.0
42133913,1,8,170.0,0.0
42125531,1,0,200.0,0.0
42121413,1,13,190.0,241.0
42110861,1,72,250.0,96.0
42106344,1,8,360.0,175.0
42309351,1,2,77.0,0.0
42308954,1,6,110.0,0.0
42304005,1,18,151.0,72.0
42287744,1,18,105.0,95.0
42283996,1,0,65.0,0.0
42278723,1,1,60.0,0.0
42271764,1,1,700.0,87.0
42261215,1,0,150.0,42.0
42243297,1,287,65.0,308.0
42237462,1,4,78.0,0.0
42237225,1,22,250.0,365.0
42233780,1,9,150.0,0.0
42226482,1,0,80.0,0.0
42223963,1,2,92.0,364.0
42215969,1,0,450.0,341.0
42213050,1,0,113.0,177.0
42415696,1,127,170.0,1.0
42407784,1,0,300.0,0.0
42404417,1,54,135.0,158.0
42400797,1,0,98.0,0.0
42399786,1,100,145.0,0.0
42389158,1,168,85.0,246.0
42332704,1,0,60.0,0.0
42330917,1,19,49.0,0.0
42330189,1,0,200.0,0.0
42329946,1,105,260.0,48.0
42328181,1,0,100.0,0.0
42325192,1,11,75.0,14.0
42322216,1,0,250.0,0.0
42320409,1,3,87.0,0.0
42316597,1,1,210.0,331.0
42315851,1,1,50.0,0.0
1395940,1,42,165.0,133.0
1395843,1,3,50.0,0.0
1395530,1,2,27.0,333.0
1395401,1,6,200.0,67.0
1394719,1,0,110.0,354.0
1394711,1,55,350.0,281.0
1394669,1,31,175.0,33.0
1394190,1,5,310.0,89.0
1393469,1,22,97.0,2.0
1393089,1,17,130.0,110.0
1392440,1,11,485.0,0.0
1391408,1,0,89.0,173.0
1391186,1,7,221.0,1.0
1390999,1,0,110.0,118.0
42419832,1,5,179.0,0.0
42418809,1,3,74.0,0.0
42487547,1,9,115.0,0.0
42486495,1,0,450.0,0.0
42483494,1,0,40.0,102.0
42483386,1,3,195.0,20.0
42474896,1,3,89.0,48.0
42453789,1,0,85.0,0.0
42436366,1,0,200.0,0.0
42435983,1,45,450.0,287.0
42435903,1,0,270.0,0.0
42429642,1,0,300.0,0.0
42427554,1,0,40.0,0.0
42427156,1,18,89.0,0.0
42424450,1,1,75.0,0.0
42422823,1,3,120.0,0.0
42422120,1,2,60.0,0.0
1396183,1,12,115.0,0.0
42601145,1,48,60.0,8.0
42597922,1,87,149.0,151.0
42592487,1,79,135.0,43.0
42586851,1,81,132.0,10.0
42585518,1,6,75.0,0.0
42573050,1,0,303.0,0.0
42570179,1,53,75.0,0.0
42569610,1,2,227.0,250.0
42555896,1,3,200.0,327.0
42540127,1,37,55.0,6.0
42537893,1,14,102.0,293.0
42528111,1,0,125.0,0.0
42524168,1,6,110.0,0.0
42520485,1,57,69.0,287.0
42519995,1,3,70.0,319.0
42488595,1,151,87.0,210.0
42687204,1,0,197.0,33.0
42677381,1,9,250.0,0.0
42667448,1,2,46.0,0.0
42661839,1,2,149.0,0.0
42660040,1,20,180.0,13.0
42637974,1,0,90.0,0.0
42631621,1,2,160.0,0.0
42628496,1,39,125.0,0.0
42627213,1,5,40.0,0.0
42626435,1,10,31.0,0.0
42624482,1,2,120.0,0.0
42623736,1,2,130.0,0.0
42623155,1,1,75.0,0.0
42621530,1,2,1150.0,0.0
42615337,1,1,180.0,32.0
42601948,1,0,60.0,0.0
42782892,1,4,250.0,0.0
42779345,1,3,50.0,0.0
42767903,1,1,50.0,14.0
42764722,1,1,99.0,0.0
42761912,1,0,125.0,207.0
42735733,1,52,110.0,81.0
42734903,1,0,300.0,0.0
42734669,1,4,120.0,0.0
42732656,1,4,69.0,0.0
42727726,1,15,88.0,0.0
42718751,1,9,155.0,316.0
42713726,1,1,80.0,0.0
42701501,1,18,140.0,30.0
42701042,1,0,181.0,0.0
42700722,1,0,35.0,0.0
42694270,1,6,155.0,0.0
1390555,1,50,59.0,352.0
1390454,1,0,150.0,249.0
1390414,1,84,115.0,50.0
1389487,1,15,149.0,0.0
1387370,1,19,125.0,365.0
1387341,1,0,250.0,247.0
1387175,1,56,148.0,44.0
1386697,1,0,133.0,246.0
1386685,1,0,300.0,0.0
1386468,1,104,124.0,237.0
1385575,1,67,239.0,78.0
1385016,1,4,75.0,88.0
42788011,1,4,75.0,0.0
42786873,1,2,45.0,0.0
42784981,1,1,350.0,0.0
42783841,1,0,85.0,0.0
42931425,1,0,100.0,0.0
42928837,1,6,50.0,0.0
42911814,1,3,50.0,0.0
42905408,1,0,165.0,0.0
42905152,1,0,160.0,42.0
42881572,1,1,47.0,323.0
42874738,1,81,110.0,360.0
42870202,1,1,80.0,8.0
42864513,1,69,65.0,104.0
42854068,1,0,35.0,0.0
42849963,1,4,190.0,9.0
42807409,1,0,98.0,0.0
42804325,1,1,70.0,0.0
42795691,1,21,139.0,116.0
42788707,1,15,130.0,365.0
1390947,1,8,200.0,0.0
42991956,1,22,137.0,40.0
42991737,1,0,350.0,0.0
42986446,1,8,229.0,0.0
42979789,1,7,85.0,42.0
42959506,1,55,245.0,261.0
42956813,1,15,175.0,0.0
42954481,1,3,95.0,0.0
42951928,1,8,49.0,0.0
42951815,1,0,250.0,0.0
42951693,1,0,43.0,0.0
42950170,1,2,70.0,0.0
42949529,1,0,150.0,90.0
42947876,1,11,212.0,10.0
42946242,1,0,110.0,0.0
42942193,1,2,165.0,0.0
42941590,1,39,225.0,345.0
43052750,1,6,165.0,43.0
43052484,1,181,59.0,34.0
43045034,1,27,70.0,0.0
43043667,1,13,249.0,0.0
43038322,1,170,159.0,37.0
43037915,1,0,300.0,0.0
43034440,1,43,100.0,43.0
43027007,1,26,57.0,344.0
43014167,1,1,200.0,0.0
43011952,1,0,75.0,0.0
43010827,1,5,45.0,0.0
43008736,1,0,100.0,0.0
43007744,1,32,80.0,303.0
42999896,1,8,62.0,0.0
42994195,1,0,49.0,0.0
42993277,1,5,175.0,230.0
43119699,1,1,100.0,0.0
43107610,1,2,142.0,187.0
43105586,1,9,280.0,84.0
43099837,1,1,125.0,44.0
43098504,1,9,50.0,83.0
43095955,1,42,100.0,109.0
43092626,1,126,159.0,338.0
43091823,1,0,120.0,0.0
43089949,1,15,85.0,105.0
43089807,1,20,149.0,263.0
43085567,1,0,200.0,0.0
43082746,1,0,50.0,0.0
43082153,1,3,120.0,0.0
43075550,1,18,100.0,31.0
43063099,1,0,42.0,0.0
43053304,1,1,120.0,0.0
43200701,1,68,100.0,5.0
43198464,1,0,84.0,0.0
43197578,1,2,89.0,42.0
43194941,1,7,80.0,85.0
43192686,1,33,70.0,27.0
43184079,1,2,150.0,83.0
43180601,1,0,150.0,0.0
43175172,1,2,120.0,0.0
43174657,1,3,133.0,0.0
43170685,1,1,80.0,0.0
43151590,1,4,150.0,0.0
43137812,1,113,200.0,197.0
43134580,1,111,150.0,99.0
43126563,1,70,300.0,338.0
43125231,1,4,120.0,0.0
43121487,1,71,105.0,285.0
43272945,1,2,80.0,0.0
43268148,1,0,96.0,0.0
43264429,1,2,120.0,0.0
43257501,1,1,125.0,0.0
43253307,1,27,60.0,0.0
43252905,1,11,225.0,0.0
43242084,1,2,128.0,133.0
43227390,1,7,110.0,0.0
43226806,1,1,65.0,0.0
43226402,1,0,250.0,95.0
43222031,1,0,38.0,0.0
43220844,1,1,175.0,0.0
43220439,1,29,55.0,314.0
43219894,1,2,180.0,0.0
43207538,1,0,60.0,0.0
43203249,1,1,75.0,364.0
43339525,1,22,178.0,3.0
43333475,1,3,150.0,178.0
43332874,1,0,100.0,180.0
43311385,1,1,275.0,0.0
43302952,1,7,95.0,238.0
43299973,1,1,40.0,0.0
43299076,1,3,105.0,0.0
43298844,1,1,49.0,0.0
43297299,1,6,200.0,0.0
43297161,1,0,65.0,6.0
43286973,1,0,120.0,0.0
43283271,1,1,45.0,1.0
43282809,1,0,125.0,67.0
43282186,1,147,200.0,103.0
43279803,1,34,80.0,83.0
43275413,1,18,180.0,4.0
1384388,1,122,98.0,127.0
1384256,1,285,197.0,8.0
1384016,1,5,95.0,165.0
1382888,1,2,215.0,0.0
1382749,1,24,185.0,0.0
1381171,1,1,155.0,5.0
1381000,1,2,125.0,0.0
1380703,1,1,290.0,0.0
1380312,1,17,175.0,0.0
1380060,1,110,145.0,15.0
1378036,1,6,250.0,0.0
1377444,1,33,245.0,60.0
1377201,1,2,100.0,31.0
1376778,1,54,92.0,27.0
43359332,1,2,130.0,74.0
43349835,1,2,135.0,240.0
43449898,1,85,59.0,176.0
43446271,1,21,100.0,79.0
43443842,1,84,205.0,172.0
43436738,1,1,150.0,0.0
43434770,1,1,50.0,0.0
43434198,1,1,90.0,0.0
43433174,1,2,279.0,0.0
43431867,1,0,96.0,17.0
43424825,1,24,217.0,14.0
43390488,1,4,55.0,89.0
43388555,1,0,120.0,37.0
43380926,1,1,65.0,0.0
43380791,1,1,28.0,0.0
43370599,1,0,250.0,89.0
43361668,1,31,98.0,343.0
1384559,1,129,225.0,107.0
43538528,1,0,175.0,0.0
43534773,1,1,100.0,0.0
43533460,1,3,36.0,0.0
43531190,1,0,45.0,280.0
43524236,1,4,429.0,0.0
43523900,1,2,135.0,0.0
43518492,1,3,130.0,0.0
43509184,1,117,194.0,0.0
43502871,1,0,95.0,216.0
43495748,1,21,120.0,128.0
43490965,1,4,50.0,0.0
43490434,1,68,100.0,9.0
43488929,1,2,60.0,0.0
43483337,1,0,170.0,0.0
43461780,1,0,109.0,0.0
43461100,1,0,240.0,35.0
43635876,1,6,52.0,90.0
43633040,1,25,85.0,0.0
43632142,1,0,150.0,220.0
43628713,1,18,180.0,362.0
43623968,1,78,115.0,343.0
43610994,1,5,70.0,0.0
43604044,1,0,40.0,0.0
43600713,1,57,70.0,188.0
43595404,1,6,69.0,0.0
43590457,1,0,75.0,0.0
43588775,1,84,139.0,307.0
43585775,1,0,250.0,0.0
43585545,1,25,50.0,28.0
43583032,1,3,79.0,179.0
43549138,1,2,135.0,0.0
43544395,1,3,85.0,6.0
43729733,1,56,150.0,272.0
43726295,1,0,105.0,87.0
43719554,1,0,50.0,0.0
43718548,1,16,52.0,0.0
43707936,1,0,110.0,0.0
43706661,1,1,230.0,16.0
43691297,1,26,100.0,0.0
43688213,1,3,50.0,0.0
43685722,1,16,195.0,0.0
43682230,1,2,325.0,180.0
43676525,1,0,40.0,365.0
43669488,1,1,170.0,0.0
43669213,1,4,150.0,363.0
43645608,1,39,189.0,37.0
43642470,1,0,47.0,0.0
43637999,1,82,99.0,325.0
43817869,1,55,125.0,0.0
43816209,1,30,45.0,286.0
43816141,1,3,70.0,0.0
43811211,1,5,299.0,324.0
43810721,1,15,50.0,0.0
43806964,1,6,140.0,0.0
43804373,1,13,250.0,0.0
43803591,1,31,135.0,151.0
43797176,1,17,80.0,353.0
43785574,1,5,110.0,49.0
43779028,1,2,90.0,0.0
43770857,1,2,190.0,0.0
43768534,1,11,60.0,0.0
43754478,1,5,50.0,0.0
43740859,1,0,59.0,0.0
43733051,1,27,100.0,0.0
43893277,1,37,85.0,61.0
43889585,1,0,80.0,0.0
43888084,1,3,248.0,100.0
43887030,1,4,145.0,0.0
43885876,1,0,150.0,364.0
43885531,1,1,130.0,115.0
43876308,1,4,90.0,93.0
43872938,1,3,49.0,0.0
43870735,1,0,72.0,0.0
43864152,1,3,300.0,0.0
43853650,1,112,225.0,136.0
43846246,1,0,70.0,0.0
43828940,1,0,119.0,0.0
43825948,1,26,79.0,238.0
43825799,1,37,235.0,135.0
43820172,1,0,450.0,365.0
1374432,1,51,150.0,0.0
1373836,1,3,150.0,0.0
1373616,1,0,40.0,0.0
1372942,1,6,180.0,0.0
1372837,1,0,295.0,0.0
1372786,1,20,95.0,0.0
1372779,1,89,100.0,0.0
1371055,1,18,70.0,8.0
1370474,1,3,152.0,12.0
1370358,1,11,145.0,0.0
1370324,1,2,100.0,324.0
1367316,1,58,89.0,279.0
1366844,1,71,135.0,9.0
43907907,1,38,215.0,31.0
43902262,1,0,65.0,68.0
43897442,1,73,62.0,334.0
44021436,1,14,80.0,0.0
43981373,1,3,45.0,0.0
43977828,1,147,80.0,324.0
43976480,1,32,65.0,22.0
43976299,1,0,99.0,0.0
43969051,1,1,215.0,0.0
43964253,1,31,145.0,0.0
43957041,1,3,300.0,0.0
43956548,1,8,139.0,350.0
43951918,1,0,280.0,0.0
43949321,1,1,70.0,0.0
43945071,1,0,199.0,365.0
43943644,1,0,95.0,0.0
43936824,1,11,150.0,0.0
43924728,1,136,169.0,251.0
1376385,1,59,153.0,27.0
44107591,1,219,55.0,286.0
44102978,1,17,75.0,253.0
44102819,1,1,120.0,0.0
44099001,1,1,78.0,0.0
44096608,1,165,99.0,105.0
44093954,1,9,140.0,204.0
44090067,1,30,70.0,8.0
44086736,1,7,100.0,0.0
44074020,1,1,70.0,13.0
44071830,1,0,60.0,0.0
44050884,1,0,80.0,0.0
44042396,1,3,40.0,0.0
44034234,1,10,185.0,0.0
44032493,1,0,200.0,117.0
44024684,1,0,85.0,15.0
44021873,1,2,95.0,28.0
44201583,1,0,200.0,0.0
44195923,1,0,50.0,0.0
44194869,1,62,100.0,58.0
44193702,1,5,75.0,0.0
44183725,1,1,185.0,7.0
44179601,1,3,850.0,341.0
44174916,1,6,75.0,0.0
44174247,1,3,119.0,0.0
44171084,1,102,124.0,247.0
44170892,1,36,85.0,281.0
44169567,1,1,170.0,60.0
44152990,1,4,90.0,11.0
44138549,1,0,260.0,17.0
44123891,1,2,260.0,76.0
44123353,1,2,55.0,0.0
44118283,1,1,100.0,0.0
44269300,1,24,115.0,19.0
44262594,1,0,85.0,365.0
44262118,1,3,130.0,0.0
44260443,1,12,75.0,60.0
44253752,1,0,150.0,0.0
44245355,1,0,60.0,24.0
44232555,1,2,60.0,0.0
44229047,1,1,80.0,0.0
44225290,1,26,105.0,0.0
44223203,1,32,80.0,0.0
44220091,1,10,56.0,0.0
44217272,1,18,42.0,6.0
44216429,1,115,100.0,268.0
44216307,1,27,35.0,35.0
44206893,1,13,360.0,188.0
44205809,1,8,225.0,178.0
1366194,1,26,225.0,0.0
1364903,1,6,150.0,346.0
1364340,1,7,125.0,0.0
1364105,1,28,119.0,3.0
1363910,1,1,160.0,0.0
1363848,1,18,249.0,54.0
1363435,1,37,140.0,0.0
1363434,1,2,80.0,67.0
1362963,1,0,97.0,0.0
1362808,1,5,300.0,27.0
1362083,1,33,131.0,180.0
1361993,1,0,110.0,0.0
1360296,1,13,35.0,2.0
44278310,1,0,50.0,0.0
44273727,1,3,70.0,0.0
44269461,1,1,50.0,0.0
44352618,1,37,200.0,8.0
44351733,1,22,260.0,3.0
44347591,1,0,50.0,0.0
44344360,1,0,60.0,0.0
44343181,1,0,60.0,0.0
44338944,1,2,80.0,184.0
44336290,1,3,160.0,0.0
44332076,1,24,170.0,121.0
44329555,1,166,104.0,195.0
44322686,1,9,65.0,35.0
44321906,1,1,120.0,10.0
44314131,1,1,160.0,0.0
44308521,1,0,50.0,0.0
44298161,1,14,200.0,10.0
44295724,1,25,200.0,0.0
44292356,1,30,89.0,105.0
44439712,1,23,70.0,80.0
44436646,1,23,125.0,0.0
44434863,1,1,75.0,365.0
44433249,1,2,85.0,0.0
44410626,1,0,50.0,0.0
44409079,1,0,125.0,340.0
44382810,1,0,455.0,0.0
44379772,1,0,85.0,317.0
44378432,1,0,50.0,88.0
44376809,1,0,85.0,0.0
44361695,1,39,65.0,222.0
44358777,1,5,67.0,0.0
44358422,1,2,38.0,238.0
44357881,1,0,75.0,0.0
44355774,1,0,82.0,30.0
44354001,1,1,38.0,0.0
44514753,1,2,65.0,0.0
44514403,1,23,150.0,0.0
44513798,1,0,40.0,0.0
44508730,1,5,100.0,89.0
44506171,1,47,55.0,348.0
44502437,1,135,135.0,168.0
44498923,1,143,115.0,3.0
44492422,1,1,73.0,249.0
44477551,1,0,250.0,101.0
44468180,1,4,29.0,0.0
44460139,1,4,190.0,0.0
44459590,1,0,85.0,0.0
44458662,1,2,40.0,0.0
44454496,1,57,160.0,314.0
44453334,1,0,145.0,0.0
44452858,1,0,150.0,8.0
44631190,1,15,130.0,356.0
44630233,1,8,20.0,1.0
44630169,1,9,68.0,0.0
44628416,1,12,140.0,122.0
44623374,1,5,65.0,0.0
44596503,1,128,200.0,231.0
44593642,1,1,225.0,0.0
44593150,1,0,150.0,0.0
44582082,1,9,45.0,0.0
44545038,1,5,48.0,0.0
44539889,1,0,199.0,83.0
44539148,1,6,140.0,0.0
44534342,1,8,285.0,302.0
44530717,1,1,224.0,0.0
44524700,1,0,85.0,0.0
44516268,1,171,70.0,183.0
44739726,1,9,200.0,0.0
44735076,1,44,59.0,90.0
44731956,1,0,100.0,0.0
44709817,1,3,60.0,0.0
44707578,1,0,115.0,0.0
44707475,1,5,35.0,0.0
44706272,1,4,45.0,0.0
44702712,1,0,48.0,0.0
44697034,1,14,55.0,0.0
44695225,1,0,38.0,0.0
44688209,1,67,117.0,99.0
44679058,1,2,35.0,0.0
44675456,1,1,170.0,0.0
44666806,1,2,250.0,0.0
44665470,1,3,80.0,0.0
44642799,1,2,225.0,0.0
1360043,1,143,58.0,0.0
1359611,1,10,195.0,0.0
1359519,1,8,375.0,0.0
1359292,1,10,47.0,173.0
1358567,1,6,180.0,20.0
1358312,1,233,154.0,0.0
1358304,1,0,350.0,177.0
1358245,1,27,100.0,159.0
1355616,1,0,100.0,0.0
1354758,1,135,139.0,204.0
1354539,1,4,125.0,155.0
44754726,1,0,180.0,0.0
44753370,1,1,50.0,0.0
44751629,1,0,650.0,0.0
44745096,1,8,110.0,8.0
44742061,1,0,500.0,0.0
44850669,1,58,100.0,324.0
44837740,1,3,2000.0,0.0
44832896,1,6,50.0,0.0
44803585,1,4,300.0,235.0
44802851,1,63,180.0,1.0
44801404,1,0,130.0,365.0
44791860,1,0,50.0,0.0
44791079,1,1,70.0,0.0
44785902,1,0,100.0,0.0
44785461,1,0,69.0,0.0
44782700,1,63,200.0,354.0
44782054,1,58,55.0,9.0
44781865,1,31,70.0,0.0
44779572,1,7,109.0,0.0
44776542,1,0,66.0,0.0
44761940,1,19,280.0,0.0
44919396,1,5,45.0,0.0
44918139,1,1,250.0,90.0
44914887,1,5,105.0,51.0
44904334,1,1,38.0,0.0
44887928,1,104,62.0,333.0
44887757,1,12,159.0,31.0
44882587,1,1,250.0,0.0
44881523,1,13,99.0,0.0
44869463,1,0,160.0,0.0
44867769,1,19,81.0,0.0
44866282,1,2,300.0,0.0
44862267,1,32,30.0,36.0
44862166,1,205,199.0,349.0
44857362,1,0,200.0,0.0
44852596,1,19,130.0,244.0
44851966,1,3,100.0,319.0
44996501,1,58,135.0,42.0
44996314,1,26,70.0,0.0
44995980,1,0,179.0,313.0
44992001,1,9,54.0,0.0
44969970,1,2,80.0,172.0
44967011,1,0,116.0,0.0
44964062,1,0,73.0,0.0
44950182,1,23,250.0,0.0
44949168,1,3,167.0,0.0
44948759,1,1,100.0,0.0
44941648,1,130,190.0,249.0
44941423,1,4,121.0,0.0
44932338,1,15,100.0,318.0
44927221,1,57,80.0,0.0
44924968,1,42,60.0,354.0
44923714,1,0,120.0,0.0
45094827,1,0,100.0,0.0
45094825,1,0,50.0,0.0
45085848,1,72,80.0,133.0
45082547,1,5,120.0,0.0
45082108,1,0,90.0,0.0
45074716,1,61,125.0,113.0
45062059,1,15,130.0,174.0
45050275,1,45,99.0,0.0
45045974,1,58,48.0,248.0
45033715,1,19,130.0,0.0
45029559,1,1,250.0,0.0
45023742,1,2,150.0,0.0
45016174,1,0,800.0,0.0
45005719,1,1,200.0,364.0
45003774,1,3,122.0,189.0
45000778,1,6,75.0,0.0
45226868,1,56,80.0,343.0
45226022,1,162,75.0,60.0
45225936,1,8,63.0,0.0
45223012,1,15,110.0,161.0
45208389,1,0,340.0,0.0
45203510,1,0,80.0,0.0
45201692,1,105,144.0,258.0
45198805,1,0,70.0,0.0
45197707,1,125,90.0,302.0
45197192,1,7,70.0,0.0
45168846,1,0,89.0,0.0
45166068,1,8,200.0,188.0
45155504,1,17,130.0,352.0
45112353,1,59,145.0,242.0
45103252,1,0,75.0,0.0
45103075,1,0,38.0,0.0
1353426,1,2,145.0,0.0
1353336,1,1,90.0,69.0
1352304,1,24,200.0,131.0
1351409,1,15,100.0,358.0
1349266,1,1,186.0,1.0
1348494,1,216,98.0,288.0
1348312,1,0,300.0,26.0
1348134,1,4,120.0,10.0
1347034,1,7,760.0,361.0
1346505,1,4,250.0,0.0
1345812,1,21,160.0,0.0
1345769,1,46,75.0,343.0
1345611,1,4,87.0,12.0
1345452,1,11,150.0,0.0
45238340,1,8,95.0,131.0
45231777,1,134,150.0,36.0
45336046,1,1,175.0,14.0
45329725,1,1,80.0,0.0
45319781,1,272,239.0,305.0
45319780,1,0,200.0,0.0
45318624,1,0,300.0,0.0
45315085,1,0,275.0,0.0
45303998,1,78,60.0,30.0
45299546,1,2,47.0,12.0
45296989,1,4,125.0,0.0
45295976,1,3,80.0,0.0
45293333,1,3,45.0,249.0
45293248,1,3,137.0,0.0
45251482,1,5,300.0,280.0
45247861,1,0,150.0,0.0
45247495,1,8,135.0,250.0
45239300,1,46,158.0,106.0
45399737,1,0,150.0,48.0
45399701,1,1,110.0,0.0
45397566,1,0,60.0,29.0
45391169,1,78,99.0,363.0
45387487,1,0,45.0,1.0
45383901,1,0,40.0,0.0
45381744,1,3,165.0,0.0
45378115,1,1,185.0,1.0
45377675,1,1,220.0,0.0
45376603,1,9,41.0,0.0
45374780,1,0,95.0,0.0
45370849,1,34,110.0,96.0
45369628,1,0,60.0,0.0
45364547,1,1,300.0,2.0
45359132,1,57,85.0,317.0
45354224,1,240,120.0,298.0
45469626,1,2,41.0,0.0
45468039,1,53,285.0,13.0
45467925,1,7,125.0,70.0
45464080,1,6,55.0,249.0
45451107,1,54,95.0,0.0
45451027,1,4,40.0,0.0
45448756,1,5,99.0,11.0
45446889,1,1,75.0,0.0
45440805,1,1,37.0,0.0
45433836,1,0,310.0,81.0
45433475,1,8,160.0,0.0
45409030,1,12,110.0,0.0
45408439,1,0,45.0,0.0
45406877,1,3,100.0,0.0
45404928,1,113,59.0,346.0
45404393,1,17,65.0,314.0
45531690,1,1,39.0,0.0
45526701,1,22,135.0,92.0
45522333,1,4,75.0,0.0
45520477,1,21,500.0,365.0
45519906,1,5,200.0,85.0
45519775,1,131,75.0,310.0
45516192,1,91,100.0,279.0
45514903,1,2,95.0,0.0
45513630,1,1,25.0,0.0
45499169,1,1,146.0,89.0
45488164,1,4,175.0,142.0
45486831,1,10,165.0,158.0
45485919,1,1,120.0,57.0
45483124,1,1,700.0,97.0
45471621,1,122,50.0,199.0
45470760,1,5,70.0,2.0
45605434,1,4,60.0,0.0
45604174,1,125,120.0,177.0
45602137,1,0,65.0,0.0
45601660,1,0,300.0,0.0
45599567,1,1,70.0,0.0
45598132,1,0,80.0,0.0
45596004,1,0,250.0,0.0
45589955,1,1,100.0,0.0
45557152,1,0,225.0,0.0
45553025,1,47,65.0,0.0
45550171,1,26,120.0,333.0
45543753,1,8,70.0,0.0
45536295,1,3,84.0,0.0
45534171,1,2,200.0,31.0
45534132,1,1,180.0,0.0
45533710,1,4,80.0,0.0
45694156,1,190,50.0,188.0
45691473,1,0,400.0,0.0
45688062,1,0,125.0,0.0
45677054,1,64,96.0,256.0
45673606,1,9,120.0,0.0
45671454,1,0,125.0,0.0
45667135,1,31,112.0,0.0
45658261,1,7,100.0,0.0
45631198,1,0,63.0,19.0
45623497,1,0,105.0,31.0
45623372,1,4,160.0,0.0
45620787,1,148,275.0,216.0
45619483,1,0,745.0,0.0
45618730,1,11,60.0,0.0
45613202,1,10,60.0,0.0
45608786,1,6,125.0,0.0
1343630,1,190,170.0,315.0
1343352,1,1,220.0,0.0
1342918,1,8,95.0,0.0
1342653,1,10,1000.0,326.0
1342014,1,3,81.0,0.0
1341922,1,0,49.0,0.0
1341264,1,1,300.0,0.0
1340740,1,0,65.0,19.0
1340207,1,5,80.0,0.0
1340205,1,8,201.0,177.0
1340007,1,178,220.0,297.0
1339185,1,20,148.0,121.0
1338608,1,0,250.0,233.0
1337630,1,1,100.0,0.0
45697173,1,0,50.0,0.0
45696732,1,2,145.0,0.0
45823919,1,11,60.0,188.0
45815117,1,1,200.0,0.0
45778782,1,1,50.0,0.0
45777549,1,7,78.0,0.0
45776423,1,3,35.0,5.0
45775461,1,4,80.0,88.0
45774825,1,15,175.0,0.0
45774138,1,55,500.0,46.0
45773187,1,0,49.0,0.0
45767988,1,0,250.0,17.0
45752004,1,9,795.0,268.0
45748188,1,20,60.0,0.0
45738364,1,0,84.0,0.0
45735959,1,59,120.0,52.0
45733814,1,0,150.0,0.0
45726938,1,0,100.0,0.0
45896206,1,0,110.0,0.0
45874239,1,0,65.0,0.0
45869461,1,2,80.0,0.0
45864201,1,0,200.0,0.0
45863742,1,0,3750.0,365.0
45859780,1,5,60.0,0.0
45859613,1,1,280.0,0.0
45858744,1,3,100.0,0.0
45857976,1,24,88.0,39.0
45854238,1,51,245.0,0.0
45850983,1,49,175.0,4.0
45845050,1,3,70.0,189.0
45837872,1,30,148.0,16.0
45837698,1,1,2000.0,365.0
45834595,1,3,120.0,3.0
45832664,1,2,60.0,0.0
45955013,1,198,150.0,92.0
45951143,1,1,100.0,0.0
45944532,1,0,300.0,0.0
45941973,1,3,59.0,0.0
45941254,1,4,111.0,0.0
45937698,1,9,35.0,0.0
45935367,1,39,70.0,2.0
45935256,1,5,160.0,0.0
45934567,1,2,60.0,0.0
45928403,1,0,30.0,0.0
45927588,1,3,250.0,2.0
45924792,1,2,111.0,0.0
45919617,1,0,65.0,177.0
45911716,1,17,325.0,0.0
45909314,1,0,55.0,14.0
45897508,1,1,148.0,0.0
46094733,1,3,100.0,6.0
46094052,1,3,189.0,0.0
46093850,1,2,100.0,311.0
46083939,1,34,120.0,0.0
46080859,1,13,119.0,3.0
46073068,1,37,65.0,18.0
46072382,1,1,107.0,0.0
46047223,1,0,20.0,0.0
46039971,1,15,190.0,0.0
46036778,1,0,180.0,0.0
46019665,1,1,55.0,0.0
46019410,1,12,98.0,320.0
46015557,1,15,60.0,27.0
46004430,1,10,125.0,256.0
45992029,1,3,55.0,0.0
45986534,1,23,40.0,30.0
46182994,1,30,110.0,327.0
46182625,1,0,50.0,0.0
46182242,1,74,140.0,2.0
46178050,1,0,100.0,270.0
46176891,1,0,160.0,0.0
46173411,1,4,80.0,0.0
46164403,1,8,489.0,328.0
46160710,1,11,140.0,6.0
46142110,1,0,300.0,0.0
46122430,1,1,42.0,0.0
46120364,1,9,76.0,310.0
46113651,1,0,55.0,0.0
46112296,1,3,95.0,6.0
46108407,1,1,48.0,0.0
46105205,1,32,62.0,144.0
46096478,1,6,90.0,0.0
46289881,1,2,225.0,0.0
46256682,1,10,65.0,3.0
46253884,1,73,90.0,318.0
46253146,1,0,50.0,0.0
46234202,1,5,200.0,0.0
46232598,1,1,150.0,130.0
46230558,1,0,115.0,0.0
46228833,1,4,55.0,0.0
46224845,1,62,225.0,231.0
46224196,1,1,89.0,0.0
46222477,1,61,145.0,0.0
46221302,1,4,95.0,0.0
46220101,1,2,120.0,149.0
46208887,1,2,70.0,0.0
46201715,1,73,67.0,251.0
46200692,1,8,50.0,0.0
46343506,1,1,250.0,365.0
46337258,1,2,200.0,16.0
46332983,1,26,120.0,22.0
46329096,1,9,50.0,0.0
46325694,1,1,329.0,0.0
46324691,1,2,125.0,0.0
46323876,1,1,199.0,0.0
46322730,1,32,95.0,170.0
46322461,1,7,100.0,0.0
46322064,1,58,290.0,188.0
46314409,1,151,100.0,105.0
46311875,1,0,140.0,167.0
46309248,1,1,120.0,0.0
46305818,1,0,300.0,0.0
46296435,1,0,225.0,85.0
46293809,1,0,250.0,0.0
46399563,1,6,57.0,1.0
46397067,1,2,115.0,362.0
46396810,1,1,70.0,0.0
46395463,1,3,150.0,0.0
46393811,1,1,80.0,22.0
46389507,1,2,54.0,0.0
46388202,1,0,250.0,0.0
46382885,1,119,33.0,277.0
46382018,1,0,90.0,0.0
46374641,1,0,150.0,88.0
46372931,1,10,95.0,22.0
46370904,1,3,89.0,1.0
46370836,1,3,209.0,0.0
46365876,1,2,125.0,0.0
46363732,1,5,69.0,0.0
46344957,1,0,86.0,0.0
46473604,1,71,88.0,95.0
46467513,1,0,85.0,0.0
46460278,1,26,110.0,5.0
46458011,1,28,65.0,204.0
46454894,1,2,105.0,0.0
46453731,1,0,140.0,0.0
46430057,1,7,60.0,17.0
46420811,1,12,40.0,343.0
46416490,1,20,68.0,15.0
46414646,1,6,55.0,0.0
46412380,1,43,72.0,15.0
46407854,1,0,55.0,0.0
46407533,1,2,160.0,0.0
46404051,1,1,250.0,0.0
46401675,1,0,83.0,0.0
46401172,1,83,225.0,344.0
1336542,1,2,110.0,0.0
1336370,1,162,220.0,341.0
1336171,1,6,175.0,1.0
1335736,1,8,299.0,279.0
1335392,1,0,450.0,0.0
1334621,1,28,50.0,13.0
1334373,1,7,235.0,5.0
1334160,1,37,120.0,135.0
1333485,1,19,200.0,0.0
1332108,1,72,81.0,0.0
1331850,1,16,185.0,261.0
1331493,1,2,69.0,303.0
1331180,1,0,1000.0,0.0
1331063,1,1,120.0,0.0
1330961,1,0,220.0,0.0
46473712,1,5,185.0,8.0
46544348,1,2,120.0,0.0
46540057,1,15,120.0,0.0
46537493,1,0,90.0,0.0
46509461,1,168,189.0,347.0
46506241,1,9,70.0,0.0
46504226,1,1,50.0,157.0
46501846,1,9,133.0,0.0
46501842,1,3,42.0,0.0
46498586,1,2,200.0,32.0
46493114,1,34,56.0,18.0
46486441,1,115,200.0,243.0
46483041,1,13,130.0,0.0
46482708,1,74,100.0,321.0
46481544,1,0,70.0,0.0
46476909,1,1,60.0,0.0
46474221,1,0,41.0,0.0
46594096,1,4,125.0,0.0
46592613,1,5,100.0,0.0
46590745,1,58,176.0,67.0
46589590,1,0,114.0,19.0
46588955,1,0,289.0,8.0
46583440,1,1,152.0,0.0
46579560,1,0,130.0,0.0
46576732,1,7,79.0,0.0
46574350,1,2,125.0,0.0
46573375,1,0,150.0,0.0
46564548,1,2,800.0,173.0
46562860,1,8,60.0,363.0
46561509,1,0,220.0,0.0
46559599,1,1,88.0,0.0
46555645,1,1,181.0,0.0
46547144,1,2,60.0,0.0
46667080,1,74,85.0,52.0
46665505,1,0,500.0,0.0
46662635,1,3,44.0,330.0
46650449,1,0,35.0,0.0
46648109,1,2,559.0,0.0
46643729,1,0,146.0,0.0
46641887,1,2,149.0,40.0
46638648,1,12,140.0,339.0
46632551,1,103,259.0,34.0
46632214,1,40,150.0,279.0
46631730,1,9,325.0,0.0
46628999,1,8,140.0,0.0
46627258,1,9,155.0,0.0
46599828,1,6,150.0,0.0
46595898,1,1,100.0,61.0
46594996,1,8,115.0,0.0
46745791,1,3,145.0,0.0
46741696,1,138,70.0,54.0
46736568,1,12,170.0,1.0
46724430,1,1,125.0,0.0
46723798,1,13,100.0,1.0
46723570,1,1,20.0,0.0
46723457,1,13,122.0,0.0
46716542,1,1,128.0,144.0
46714717,1,0,144.0,0.0
46714344,1,4,95.0,0.0
46708895,1,45,250.0,289.0
46707487,1,77,50.0,107.0
46705025,1,18,185.0,0.0
46690777,1,64,88.0,68.0
46677826,1,13,273.0,116.0
46672441,1,0,70.0,90.0
46848226,1,5,60.0,0.0
46844755,1,1,70.0,90.0
46817579,1,6,69.0,156.0
46815771,1,1,170.0,0.0
46812877,1,39,100.0,12.0
46810144,1,57,95.0,209.0
46803679,1,0,100.0,0.0
46801421,1,11,120.0,6.0
46798824,1,0,199.0,0.0
46794554,1,0,75.0,0.0
46787065,1,2,100.0,0.0
46786142,1,15,75.0,355.0
46785121,1,22,169.0,39.0
46782979,1,0,150.0,0.0
46778191,1,1,125.0,0.0
46778061,1,43,200.0,14.0
46972551,1,33,110.0,6.0
46970670,1,5,91.0,47.0
46962156,1,0,190.0,0.0
46953097,1,6,95.0,173.0
46946480,1,51,275.0,0.0
46943042,1,12,230.0,354.0
46941561,1,16,100.0,49.0
46938101,1,33,49.0,348.0
46935284,1,2,400.0,0.0
46889591,1,4,69.0,0.0
46888345,1,1,53.0,0.0
46887682,1,1,35.0,0.0
46881049,1,30,169.0,345.0
46876102,1,0,250.0,83.0
46859784,1,3,110.0,12.0
46851431,1,0,104.0,0.0
1328716,1,1,195.0,117.0
1327520,1,3,200.0,0.0
1327518,1,0,40.0,5.0
1327248,1,4,199.0,93.0
1327095,1,0,140.0,0.0
1325958,1,0,300.0,38.0
1324150,1,2,140.0,29.0
1321504,1,37,120.0,310.0
1321170,1,85,220.0,305.0
1320538,1,8,102.0,277.0
1319214,1,3,172.0,0.0
1318986,1,0,90.0,0.0
47013708,1,3,45.0,0.0
46990279,1,4,1500.0,365.0
46980935,1,9,120.0,0.0
46976642,1,1,155.0,7.0
47100454,1,0,166.0,0.0
47076540,1,27,125.0,80.0
47073683,1,7,70.0,0.0
47070613,1,44,60.0,84.0
47066108,1,5,99.0,0.0
47062311,1,5,30.0,189.0
47062032,1,56,130.0,0.0
47060168,1,2,75.0,0.0
47056437,1,0,99.0,0.0
47054725,1,6,115.0,0.0
47052253,1,0,82.0,0.0
47036828,1,0,190.0,0.0
47027510,1,38,49.0,9.0
47025665,1,131,105.0,55.0
1330500,1,8,100.0,156.0
1330116,1,1,200.0,90.0
47198967,1,6,108.0,0.0
47187850,1,1,200.0,0.0
47187182,1,0,75.0,89.0
47187008,1,0,90.0,0.0
47180541,1,25,80.0,11.0
47176167,1,0,75.0,0.0
47152279,1,3,40.0,0.0
47140247,1,0,42.0,0.0
47139912,1,69,110.0,5.0
47131399,1,1,80.0,22.0
47129484,1,175,305.0,132.0
47125955,1,8,150.0,132.0
47121117,1,8,89.0,0.0
47114213,1,11,70.0,3.0
47113234,1,0,100.0,0.0
47105925,1,2,40.0,0.0
47334774,1,0,300.0,168.0
47329500,1,0,48.0,0.0
47326818,1,3,37.0,0.0
47292710,1,6,200.0,0.0
47289872,1,2,190.0,0.0
47275801,1,1,250.0,0.0
47267079,1,9,186.0,0.0
47260217,1,2,38.0,0.0
47239386,1,3,220.0,16.0
47228873,1,0,195.0,0.0
47227131,1,1,28.0,0.0
47219202,1,15,199.0,54.0
47217135,1,17,80.0,0.0
47212879,1,1,75.0,89.0
47202400,1,129,130.0,163.0
47198995,1,1,200.0,0.0
47412299,1,23,90.0,293.0
47412121,1,1,100.0,0.0
47411697,1,67,90.0,211.0
47409152,1,9,125.0,344.0
47408505,1,4,195.0,0.0
47407352,1,0,45.0,0.0
47406119,1,1,145.0,0.0
47403089,1,6,130.0,0.0
47399487,1,2,150.0,113.0
47399155,1,25,100.0,0.0
47394476,1,1,50.0,0.0
47380199,1,1,120.0,0.0
47353889,1,40,75.0,0.0
47343944,1,0,147.0,0.0
47341341,1,2,59.0,365.0
47336995,1,2,10.0,0.0
1317884,1,45,100.0,83.0
1317588,1,3,50.0,0.0
1317353,1,2,89.0,176.0
1317343,1,176,140.0,300.0
1316936,1,0,125.0,179.0
1316648,1,7,110.0,0.0
1314834,1,107,850.0,249.0
1313385,1,2,90.0,1.0
1312063,1,1,200.0,203.0
47464383,1,1,350.0,0.0
47457325,1,1,110.0,0.0
47453782,1,44,175.0,3.0
47431634,1,0,450.0,89.0
47426611,1,15,100.0,48.0
47426195,1,3,85.0,0.0
47423579,1,1,45.0,0.0
47518701,1,1,115.0,0.0
47518086,1,4,35.0,2.0
47512544,1,1,45.0,0.0
47511212,1,4,55.0,0.0
47507350,1,0,115.0,0.0
47502969,1,12,275.0,12.0
47501348,1,0,60.0,0.0
47500192,1,0,120.0,190.0
47499199,1,10,140.0,0.0
47493116,1,0,150.0,0.0
47489718,1,0,55.0,0.0
47485343,1,2,75.0,0.0
47485031,1,1,60.0,36.0
47481444,1,0,200.0,0.0
47475970,1,11,180.0,1.0
47472192,1,0,42.0,0.0
47591528,1,13,99.0,82.0
47584049,1,5,180.0,0.0
47581480,1,0,175.0,0.0
47580042,1,0,337.0,83.0
47577737,1,1,60.0,0.0
47577509,1,0,50.0,0.0
47577415,1,9,45.0,189.0
47573846,1,10,85.0,277.0
47572575,1,9,100.0,5.0
47564333,1,0,75.0,365.0
47556575,1,188,159.0,157.0
47550622,1,6,50.0,0.0
47549695,1,2,60.0,0.0
47546771,1,4,79.0,180.0
47541749,1,0,300.0,0.0
47536613,1,76,375.0,301.0
47672228,1,9,125.0,0.0
47664369,1,9,100.0,35.0
47663806,1,1,85.0,0.0
47661247,1,10,85.0,36.0
47653056,1,1,66.0,0.0
47640633,1,0,50.0,0.0
47638752,1,1,70.0,0.0
47636934,1,1,139.0,0.0
47627249,1,1,50.0,0.0
47621361,1,1,140.0,0.0
47617616,1,10,105.0,70.0
47604405,1,0,50.0,274.0
47598303,1,5,58.0,0.0
47596725,1,12,225.0,5.0
47595754,1,11,70.0,356.0
47594947,1,6,74.0,5.0
47773961,1,72,90.0,63.0
47746841,1,14,99.0,44.0
47743811,1,8,300.0,181.0
47741973,1,1,120.0,0.0
47739675,1,1,500.0,89.0
47737463,1,10,60.0,8.0
47732926,1,7,90.0,64.0
47731857,1,2,500.0,0.0
47730499,1,52,200.0,74.0
47721954,1,0,75.0,90.0
47718277,1,71,65.0,0.0
47718147,1,30,100.0,176.0
47716416,1,65,100.0,1.0
47710992,1,9,115.0,1.0
47675184,1,7,35.0,0.0
47672492,1,0,120.0,0.0
47895481,1,2,175.0,0.0
47893591,1,0,50.0,0.0
47886371,1,1,50.0,0.0
47864677,1,13,75.0,0.0
47860375,1,2,100.0,0.0
47844929,1,4,115.0,0.0
47838741,1,2,65.0,159.0
47835171,1,0,100.0,0.0
47825300,1,0,300.0,0.0
47817193,1,2,120.0,0.0
47792689,1,0,68.0,0.0
47790995,1,85,75.0,332.0
47790612,1,0,85.0,0.0
47785416,1,0,300.0,0.0
47785320,1,0,150.0,66.0
47779382,1,0,30.0,40.0
47988409,1,3,75.0,0.0
47988208,1,15,275.0,5.0
47985489,1,5,199.0,0.0
47984525,1,34,375.0,7.0
47954479,1,0,51.0,0.0
47952362,1,124,400.0,245.0
47933513,1,8,166.0,3.0
47932600,1,6,125.0,157.0
47931146,1,2,39.0,0.0
47929235,1,68,100.0,77.0
47924569,1,18,125.0,48.0
47917120,1,2,80.0,0.0
47903548,1,0,400.0,0.0
47901176,1,73,135.0,345.0
47898830,1,0,199.0,0.0
47896181,1,3,90.0,0.0
48078451,1,93,125.0,23.0
48071153,1,10,132.0,26.0
48057837,1,2,75.0,0.0
48056617,1,0,37.0,0.0
48055483,1,1,70.0,364.0
48054322,1,193,165.0,213.0
48053679,1,34,110.0,15.0
48036408,1,0,50.0,0.0
48035228,1,3,50.0,0.0
48032663,1,95,65.0,105.0
48024019,1,0,200.0,0.0
48017685,1,3,20.0,0.0
48016303,1,9,39.0,0.0
48007438,1,0,95.0,0.0
47995413,1,10,100.0,0.0
47989547,1,3,60.0,0.0
1311870,1,49,119.0,0.0
1311398,1,125,295.0,0.0
1311104,1,19,45.0,0.0
1308525,1,26,251.0,14.0
1308282,1,18,145.0,0.0
1307773,1,4,125.0,364.0
1307197,1,2,90.0,0.0
1306854,1,0,110.0,172.0
1306850,1,7,195.0,0.0
1306620,1,1,200.0,46.0
1306587,1,6,246.0,0.0
1304893,1,1,190.0,118.0
1304710,1,45,379.0,364.0
1304390,1,2,85.0,364.0
1304097,1,43,116.0,0.0
1303899,1,1,45.0,189.0
48161896,1,2,78.0,0.0
48159029,1,0,200.0,0.0
48157058,1,0,26.0,59.0
48154615,1,21,125.0,345.0
48153723,1,8,70.0,0.0
48148603,1,1,60.0,0.0
48138946,1,11,100.0,81.0
48133396,1,0,85.0,0.0
48113730,1,2,150.0,0.0
48112774,1,7,100.0,365.0
48107620,1,9,100.0,0.0
48097665,1,8,160.0,156.0
48091946,1,5,150.0,0.0
48087870,1,27,150.0,63.0
48086015,1,2,150.0,0.0
48084892,1,8,63.0,0.0
48244550,1,3,126.0,0.0
48243500,1,5,107.0,0.0
48241662,1,0,60.0,179.0
48240655,1,11,195.0,0.0
48202082,1,0,50.0,345.0
48201284,1,1,175.0,0.0
48196322,1,34,35.0,4.0
48190744,1,0,145.0,0.0
48189481,1,1,150.0,25.0
48189371,1,4,299.0,0.0
48182426,1,3,58.0,0.0
48171900,1,2,80.0,0.0
48170780,1,0,46.0,0.0
48169083,1,0,110.0,0.0
48167507,1,3,86.0,88.0
48164151,1,0,250.0,85.0
48339350,1,26,136.0,47.0
48331309,1,54,95.0,0.0
48328095,1,5,82.0,42.0
48325116,1,1,155.0,10.0
48303314,1,21,35.0,16.0
48296060,1,4,128.0,0.0
48287405,1,0,60.0,0.0
48282875,1,4,55.0,0.0
48278499,1,0,140.0,0.0
48277456,1,0,200.0,0.0
48276935,1,0,150.0,0.0
48275590,1,4,100.0,358.0
48264768,1,0,55.0,0.0
48264527,1,1,40.0,0.0
48261452,1,7,99.0,0.0
48260592,1,0,40.0,0.0
48419016,1,6,165.0,1.0
48415933,1,97,124.0,104.0
48414103,1,2,120.0,0.0
48404386,1,0,40.0,0.0
48402458,1,119,190.0,78.0
48399349,1,1,120.0,0.0
48392689,1,0,400.0,329.0
48372942,1,1,77.0,364.0
48370995,1,8,100.0,0.0
48370755,1,3,45.0,0.0
48367358,1,0,65.0,17.0
48356908,1,178,209.0,228.0
48356178,1,9,113.0,0.0
48356150,1,3,75.0,0.0
48351548,1,11,65.0,0.0
48345272,1,1,425.0,0.0
48492315,1,3,85.0,0.0
48489969,1,24,45.0,5.0
48489264,1,0,121.0,0.0
48487386,1,112,35.0,27.0
48483287,1,7,175.0,0.0
48471249,1,7,100.0,310.0
48446355,1,1,61.0,0.0
48442001,1,4,50.0,0.0
48438698,1,6,125.0,42.0
48437907,1,1,110.0,0.0
48434623,1,0,85.0,51.0
48431029,1,14,175.0,51.0
48427159,1,0,200.0,0.0
48423154,1,0,85.0,0.0
48421955,1,19,46.0,0.0
48419413,1,52,89.0,3.0
1303542,1,3,150.0,86.0
1303029,1,133,104.0,147.0
1302843,1,28,200.0,25.0
1302599,1,1,150.0,0.0
1302317,1,0,150.0,0.0
1302029,1,30,89.0,91.0
1301613,1,8,79.0,6.0
1300215,1,12,65.0,0.0
1299252,1,177,850.0,268.0
1298759,1,2,220.0,0.0
1296938,1,8,100.0,0.0
1295576,1,100,99.0,158.0
1295416,1,30,400.0,67.0
1295284,1,0,70.0,0.0
48498020,1,3,40.0,0.0
48492929,1,7,209.0,317.0
48578050,1,4,50.0,0.0
48577772,1,6,120.0,0.0
48573590,1,1,85.0,365.0
48573053,1,0,35.0,363.0
48572835,1,2,300.0,270.0
48565842,1,0,39.0,0.0
48542743,1,2,70.0,0.0
48535457,1,15,149.0,0.0
48534909,1,4,99.0,0.0
48534640,1,2,35.0,0.0
48532777,1,16,89.0,36.0
48511336,1,5,200.0,0.0
48510097,1,1,60.0,0.0
48499240,1,15,150.0,57.0
48498971,1,2,160.0,0.0
48498097,1,0,175.0,0.0
48618336,1,32,65.0,67.0
48618049,1,0,90.0,5.0
48616155,1,57,23.0,58.0
48608026,1,3,90.0,0.0
48605276,1,0,400.0,355.0
48603884,1,30,139.0,357.0
48603189,1,17,70.0,0.0
48601058,1,24,296.0,0.0
48593918,1,187,90.0,86.0
48593893,1,10,250.0,0.0
48593631,1,10,139.0,0.0
48592068,1,0,75.0,1.0
48590699,1,8,100.0,0.0
48588586,1,0,75.0,0.0
48582770,1,1,60.0,0.0
48581287,1,7,83.0,37.0
48681257,1,116,220.0,264.0
48678883,1,136,177.0,258.0
48677964,1,6,50.0,10.0
48677247,1,1,58.0,0.0
48677236,1,10,220.0,48.0
48675725,1,18,125.0,28.0
48674244,1,7,90.0,0.0
48671504,1,90,79.0,331.0
48666840,1,0,93.0,0.0
48664130,1,1,205.0,0.0
48660417,1,6,100.0,0.0
48655993,1,16,50.0,49.0
48630747,1,197,100.0,342.0
48627335,1,0,130.0,0.0
48626585,1,5,235.0,0.0
48618586,1,1,350.0,0.0
48762596,1,28,499.0,145.0
48757168,1,34,34.0,7.0
48735753,1,0,36.0,0.0
48726094,1,151,100.0,0.0
48723117,1,0,79.0,0.0
48723057,1,0,300.0,0.0
48711094,1,10,95.0,0.0
48705835,1,100,365.0,257.0
48705078,1,136,180.0,253.0
48704899,1,41,200.0,1.0
48696992,1,16,130.0,262.0
48695642,1,1,100.0,0.0
48692009,1,0,50.0,0.0
48685877,1,1,225.0,87.0
48685332,1,0,100.0,1.0
48681901,1,11,99.0,0.0
48819868,1,0,200.0,0.0
48818023,1,0,78.0,0.0
48817598,1,2,145.0,37.0
48816743,1,18,142.0,0.0
48815188,1,15,295.0,0.0
48814097,1,13,120.0,42.0
48812051,1,5,120.0,0.0
48811662,1,67,75.0,296.0
48806776,1,14,175.0,119.0
48805583,1,35,170.0,0.0
48790146,1,127,125.0,126.0
48784879,1,166,110.0,229.0
48775347,1,16,325.0,103.0
48771768,1,143,160.0,215.0
48771484,1,1,70.0,75.0
48770990,1,0,78.0,22.0
48878986,1,1,60.0,0.0
48870194,1,4,108.0,0.0
48870027,1,19,160.0,343.0
48866061,1,131,35.0,294.0
48861932,1,9,80.0,0.0
48861563,1,2,40.0,0.0
48860816,1,0,123.0,0.0
48859528,1,2,190.0,0.0
48858084,1,0,225.0,0.0
48857380,1,4,150.0,0.0
48852712,1,6,147.0,0.0
48851196,1,0,80.0,0.0
48832831,1,3,200.0,0.0
48827403,1,0,160.0,363.0
48823279,1,2,125.0,238.0
48823036,1,156,180.0,22.0
48943908,1,84,330.0,327.0
48939879,1,2,39.0,0.0
48937383,1,0,90.0,0.0
48936457,1,36,199.0,164.0
48913242,1,0,49.0,0.0
48910353,1,158,300.0,172.0
48909179,1,55,49.0,26.0
48904356,1,1,150.0,0.0
48899736,1,140,99.0,363.0
48898267,1,3,79.0,0.0
48891349,1,106,600.0,286.0
48891291,1,3,40.0,0.0
48890727,1,11,525.0,159.0
48889862,1,42,105.0,115.0
48881330,1,6,100.0,250.0
48880382,1,37,180.0,185.0
1292205,1,15,140.0,260.0
1290870,1,60,100.0,39.0
1290741,1,2,65.0,0.0
1290628,1,23,125.0,155.0
1290508,1,1,179.0,0.0
1290193,1,3,50.0,365.0
1289936,1,150,95.0,192.0
1289713,1,12,200.0,5.0
1289635,1,4,200.0,16.0
1288460,1,181,180.0,280.0
1288080,1,21,305.0,177.0
1287826,1,2,135.0,0.0
48954003,1,20,80.0,188.0
48952468,1,68,75.0,232.0
48950686,1,3,150.0,164.0
48949937,1,117,310.0,57.0
49015786,1,9,92.0,4.0
49011283,1,0,70.0,0.0
48985309,1,16,35.0,247.0
48984291,1,0,110.0,283.0
48980919,1,97,129.0,211.0
48977782,1,0,150.0,0.0
48972208,1,0,89.0,0.0
48967970,1,0,150.0,33.0
48966726,1,35,160.0,8.0
48965038,1,2,145.0,70.0
48961085,1,7,88.0,0.0
48960226,1,5,47.0,0.0
48958358,1,8,200.0,319.0
1294674,1,12,69.0,6.0
1294005,1,5,450.0,0.0
1292250,1,5,135.0,0.0
49108760,1,4,210.0,0.0
49108001,1,180,125.0,116.0
49100137,1,90,33.0,308.0
49099055,1,1,55.0,0.0
49090209,1,1,225.0,0.0
49083612,1,116,209.0,168.0
49082748,1,99,85.0,21.0
49058105,1,2,119.0,15.0
49046009,1,27,180.0,0.0
49045679,1,8,60.0,0.0
49037454,1,0,150.0,4.0
49033458,1,1,78.0,0.0
49027658,1,0,143.0,0.0
49024977,1,2,80.0,0.0
49021868,1,9,199.0,0.0
49019705,1,0,200.0,0.0
49164778,1,76,225.0,360.0
49160243,1,130,219.0,329.0
49158190,1,3,150.0,0.0
49154612,1,3,48.0,0.0
49139686,1,4,55.0,0.0
49138015,1,11,119.0,24.0
49133999,1,0,65.0,0.0
49132405,1,1,140.0,21.0
49130598,1,3,328.0,19.0
49128620,1,2,175.0,1.0
49125175,1,6,99.0,0.0
49121324,1,4,50.0,0.0
49120717,1,1,40.0,0.0
49120239,1,0,120.0,0.0
49118721,1,1,40.0,0.0
49115124,1,51,180.0,6.0
49213265,1,4,99.0,0.0
49208451,1,2,200.0,0.0
49202910,1,0,70.0,0.0
49197104,1,5,133.0,0.0
49193707,1,16,60.0,0.0
49192439,1,17,108.0,23.0
49191712,1,59,150.0,19.0
49186997,1,2,3800.0,180.0
49186493,1,0,95.0,0.0
49182321,1,4,149.0,0.0
49181430,1,13,99.0,127.0
49177258,1,21,335.0,304.0
49176019,1,114,299.0,282.0
49170998,1,3,60.0,0.0
49167534,1,0,175.0,0.0
49166783,1,0,175.0,0.0
49270426,1,1,55.0,0.0
49268145,1,2,275.0,0.0
49262827,1,150,115.0,1.0
49260425,1,1,68.0,0.0
49258234,1,3,160.0,0.0
49255756,1,11,80.0,0.0
49251674,1,1,65.0,119.0
49245656,1,42,165.0,281.0
49225732,1,4,173.0,120.0
49224450,1,1,34.0,0.0
49223549,1,0,250.0,0.0
49222773,1,12,90.0,2.0
49220133,1,0,125.0,0.0
49219601,1,2,70.0,0.0
49218771,1,8,70.0,0.0
49216953,1,2,115.0,231.0
49305338,1,0,410.0,0.0
49295995,1,5,300.0,263.0
49294106,1,62,69.0,16.0
49293611,1,9,85.0,364.0
49293535,1,2,185.0,0.0
49292750,1,2,72.0,0.0
49292377,1,5,75.0,167.0
49292376,1,1,145.0,94.0
49290775,1,3,150.0,42.0
49289095,1,0,75.0,138.0
49287218,1,27,179.0,8.0
49286334,1,1,80.0,0.0
49283943,1,1,400.0,0.0
49282603,1,4,75.0,10.0
49279577,1,26,70.0,128.0
49275064,1,54,166.0,0.0
49412548,1,28,85.0,27.0
49411357,1,0,100.0,0.0
49404324,1,0,70.0,0.0
49383811,1,142,150.0,58.0
49380531,1,0,90.0,0.0
49379520,1,0,129.0,0.0
49367785,1,0,45.0,0.0
49367316,1,0,290.0,0.0
49364392,1,104,186.0,249.0
49360262,1,3,55.0,0.0
49349133,1,31,225.0,160.0
49347979,1,2,55.0,0.0
49347242,1,3,180.0,0.0
49346143,1,0,270.0,152.0
49336986,1,27,98.0,168.0
49328849,1,46,85.0,72.0
49496312,1,22,60.0,6.0
49494701,1,176,299.0,297.0
49494357,1,23,425.0,54.0
49489331,1,1,45.0,0.0
49487260,1,3,100.0,0.0
49485109,1,18,62.0,4.0
49484132,1,120,150.0,149.0
49482081,1,1,45.0,0.0
49455312,1,14,228.0,0.0
49453860,1,0,123.0,0.0
49451877,1,2,350.0,0.0
49447536,1,1,100.0,0.0
49435973,1,102,218.0,171.0
49435345,1,9,50.0,57.0
49431548,1,1,78.0,0.0
49421712,1,32,55.0,0.0
1286471,1,1,200.0,6.0
1286417,1,137,119.0,296.0
1286399,1,3,150.0,359.0
1286331,1,12,100.0,80.0
1286275,1,39,65.0,187.0
1285768,1,2,150.0,41.0
1284729,1,1,137.0,12.0
1283991,1,0,225.0,0.0
1283375,1,7,65.0,63.0
1282611,1,7,69.0,5.0
1281637,1,1,140.0,0.0
49509847,1,88,109.0,357.0
49508002,1,6,200.0,194.0
49505120,1,0,50.0,0.0
49503035,1,5,85.0,16.0
49502599,1,1,250.0,0.0
49577355,1,185,225.0,250.0
49572701,1,69,245.0,226.0
49572092,1,10,105.0,1.0
49570763,1,0,70.0,0.0
49566321,1,18,100.0,365.0
49561278,1,1,110.0,0.0
49546136,1,0,79.0,0.0
49535506,1,4,70.0,25.0
49522403,1,3,50.0,362.0
49519202,1,0,85.0,0.0
49519069,1,0,85.0,177.0
49514708,1,42,37.0,228.0
49513668,1,180,289.0,253.0
1287719,1,1,200.0,0.0
1287185,1,7,150.0,304.0
1286786,1,1,45.0,0.0
49651648,1,0,75.0,0.0
49649740,1,0,80.0,0.0
49646933,1,1,190.0,165.0
49641082,1,0,39.0,0.0
49635984,1,0,80.0,0.0
49630478,1,1,115.0,0.0
49625765,1,9,62.0,13.0
49623247,1,8,350.0,243.0
49622928,1,132,75.0,317.0
49621731,1,19,65.0,89.0
49616729,1,5,100.0,0.0
49614264,1,3,52.0,89.0
49592958,1,0,80.0,0.0
49589973,1,2,112.0,12.0
49582324,1,0,119.0,0.0
49580011,1,4,150.0,331.0
49716547,1,4,150.0,18.0
49709755,1,0,135.0,0.0
49701856,1,22,150.0,50.0
49701132,1,86,600.0,261.0
49700889,1,15,70.0,0.0
49673620,1,10,60.0,0.0
49671297,1,27,100.0,107.0
49664910,1,17,134.0,0.0
49664763,1,1,77.0,0.0
49662398,1,5,110.0,0.0
49662115,1,0,125.0,0.0
49661200,1,287,150.0,198.0
49661012,1,6,130.0,7.0
49658508,1,1,600.0,226.0
49656804,1,75,100.0,60.0
49651890,1,47,120.0,40.0
49796302,1,0,150.0,265.0
49786789,1,1,106.0,8.0
49781652,1,21,67.0,0.0
49758877,1,8,30.0,27.0
49754509,1,1,31.0,0.0
49753169,1,1,75.0,0.0
49746853,1,7,33.0,297.0
49746656,1,1,85.0,0.0
49745989,1,12,80.0,29.0
49745850,1,14,400.0,0.0
49742527,1,76,150.0,299.0
49738780,1,0,100.0,0.0
49737913,1,1,195.0,0.0
49736414,1,0,60.0,0.0
49725053,1,6,149.0,336.0
49720830,1,1,119.0,0.0
49898234,1,0,60.0,0.0
49883421,1,8,225.0,0.0
49879147,1,0,75.0,0.0
49873719,1,0,150.0,0.0
49871658,1,0,200.0,0.0
49861582,1,2,62.0,0.0
49856034,1,0,80.0,263.0
49836177,1,1,66.0,0.0
49827772,1,1,45.0,0.0
49808435,1,145,269.0,110.0
49807429,1,169,54.0,136.0
49807312,1,19,107.0,72.0
49807145,1,34,60.0,189.0
49804236,1,3,80.0,109.0
49800768,1,1,80.0,219.0
49796888,1,0,500.0,55.0
49988341,1,0,41.0,163.0
49970809,1,141,550.0,302.0
49967558,1,3,145.0,0.0
49964890,1,1,60.0,0.0
49963831,1,123,110.0,264.0
49951208,1,0,120.0,0.0
49950511,1,32,350.0,69.0
49946447,1,1,50.0,311.0
49939937,1,1,101.0,0.0
49924298,1,1,139.0,0.0
49907738,1,2,400.0,0.0
49906311,1,0,150.0,0.0
49905246,1,89,140.0,9.0
49903913,1,171,90.0,53.0
49902290,1,2,115.0,0.0
49900664,1,2,91.0,0.0
50028109,1,0,55.0,0.0
50024703,1,6,68.0,0.0
50016613,1,1,100.0,0.0
50015739,1,13,300.0,0.0
50014274,1,2,200.0,0.0
50013026,1,2,50.0,0.0
50007401,1,0,45.0,0.0
50006995,1,1,230.0,0.0
50006975,1,1,55.0,0.0
50005319,1,0,160.0,0.0
50003858,1,5,200.0,0.0
50003794,1,31,75.0,0.0
50001799,1,26,220.0,8.0
50001302,1,63,77.0,0.0
49991005,1,214,90.0,82.0
49989254,1,0,250.0,0.0
1279274,1,0,200.0,0.0
1279211,1,11,87.0,0.0
1279181,1,0,150.0,0.0
1279152,1,6,75.0,0.0
1278978,1,1,70.0,0.0
1278802,1,241,129.0,303.0
1277222,1,13,189.0,0.0
1277144,1,63,299.0,210.0
1276497,1,5,280.0,365.0
1276297,1,2,67.0,0.0
1274269,1,69,89.0,80.0
1274264,1,0,100.0,66.0
1273920,1,2,175.0,0.0
50045329,1,52,160.0,291.0
50031308,1,47,55.0,304.0
50028284,1,0,110.0,0.0
50116095,1,4,65.0,188.0
50097540,1,41,114.0,0.0
50087191,1,5,47.0,4.0
50086945,1,7,250.0,0.0
50086145,1,5,55.0,0.0
50084376,1,2,35.0,0.0
50084137,1,2,105.0,0.0
50080673,1,0,101.0,0.0
50072658,1,168,79.0,153.0
50064597,1,5,45.0,0.0
50054847,1,0,100.0,0.0
50053528,1,110,80.0,11.0
50053165,1,1,185.0,0.0
50048064,1,0,50.0,0.0
50046186,1,1,600.0,0.0
1280731,1,214,80.0,307.0
50183471,1,15,120.0,0.0
50175698,1,1,80.0,0.0
50165358,1,0,200.0,0.0
50165193,1,2,95.0,281.0
50157334,1,1,150.0,0.0
50153931,1,0,250.0,0.0
50152355,1,0,60.0,0.0
50148553,1,18,197.0,0.0
50144878,1,1,50.0,0.0
50144728,1,148,200.0,0.0
50144624,1,2,47.0,0.0
50143518,1,0,135.0,0.0
50137233,1,0,190.0,0.0
50132533,1,0,85.0,0.0
50131208,1,0,40.0,0.0
50126257,1,51,300.0,297.0
50241946,1,20,250.0,1.0
50240612,1,7,375.0,0.0
50235395,1,0,75.0,0.0
50224626,1,1,45.0,133.0
50220666,1,2,70.0,0.0
50213378,1,0,99.0,0.0
50213173,1,0,45.0,31.0
50211500,1,4,75.0,115.0
50210611,1,1,135.0,0.0
50207684,1,74,95.0,251.0
50207365,1,5,50.0,0.0
50204678,1,3,250.0,0.0
50200840,1,36,110.0,292.0
50199816,1,1,45.0,0.0
50199714,1,86,49.0,4.0
50189863,1,198,110.0,250.0
50318467,1,2,50.0,0.0
50312214,1,1,115.0,0.0
50297669,1,4,110.0,0.0
50296635,1,3,75.0,0.0
50296004,1,18,215.0,38.0
50292311,1,17,250.0,5.0
50291368,1,18,46.0,0.0
50289490,1,0,140.0,0.0
50288091,1,3,200.0,0.0
50282911,1,1,197.0,342.0
50282201,1,0,120.0,0.0
50279938,1,118,190.0,237.0
50255130,1,0,175.0,0.0
50252837,1,0,45.0,0.0
50250626,1,52,185.0,162.0
50249843,1,11,350.0,0.0
50369101,1,1,80.0,0.0
50368164,1,7,100.0,0.0
50366453,1,3,195.0,0.0
50366054,1,6,129.0,0.0
50361964,1,3,225.0,0.0
50339845,1,3,50.0,0.0
50338266,1,0,60.0,0.0
50333451,1,0,151.0,0.0
50332029,1,139,95.0,41.0
50331556,1,54,90.0,180.0
50331528,1,3,90.0,0.0
50327977,1,6,53.0,0.0
50324996,1,0,125.0,0.0
50324962,1,13,250.0,319.0
50323495,1,52,130.0,321.0
50319699,1,2,165.0,0.0
50445531,1,0,124.0,0.0
50442604,1,1,60.0,0.0
50442154,1,2,170.0,9.0
50414933,1,5,160.0,1.0
50411330,1,2,45.0,0.0
50410819,1,14,144.0,0.0
50407407,1,1,70.0,0.0
50400614,1,0,65.0,0.0
50397134,1,0,1200.0,0.0
50396427,1,12,128.0,256.0
50388251,1,0,145.0,0.0
50386076,1,24,105.0,0.0
50385630,1,1,477.0,358.0
50383289,1,18,225.0,0.0
50372319,1,70,160.0,342.0
50369736,1,1,24.0,0.0
50484250,1,0,100.0,160.0
50482164,1,51,145.0,0.0
50477855,1,2,225.0,0.0
50475515,1,0,140.0,0.0
50473263,1,0,1100.0,0.0
50472471,1,16,799.0,365.0
50467679,1,3,30.0,0.0
50466143,1,0,65.0,0.0
50463621,1,0,110.0,0.0
50462669,1,2,60.0,0.0
50462097,1,35,199.0,200.0
50459536,1,0,300.0,0.0
50455731,1,26,139.0,0.0
50455642,1,135,55.0,30.0
50451849,1,92,65.0,12.0
50449750,1,4,168.0,47.0
50545016,1,1,150.0,0.0
50541121,1,137,199.0,317.0
50540315,1,0,150.0,0.0
50539403,1,0,500.0,0.0
50537550,1,24,185.0,365.0
50533072,1,3,90.0,0.0
50526314,1,0,63.0,0.0
50523735,1,131,140.0,273.0
50522860,1,2,40.0,0.0
50520440,1,1,150.0,0.0
50520029,1,2,49.0,0.0
50506922,1,0,125.0,31.0
50497157,1,1,45.0,0.0
50490104,1,0,150.0,0.0
50485365,1,2,36.0,0.0
50484258,1,0,290.0,0.0
50593964,1,1,199.0,0.0
50593630,1,6,110.0,0.0
50591874,1,124,55.0,24.0
50591290,1,2,225.0,344.0
50591230,1,0,70.0,0.0
50588693,1,0,30.0,0.0
50588394,1,28,80.0,364.0
50584770,1,0,45.0,0.0
50583919,1,1,68.0,0.0
50578169,1,32,400.0,69.0
50577859,1,3,75.0,0.0
50556869,1,2,70.0,0.0
50556696,1,0,200.0,0.0
50549394,1,6,175.0,178.0
50549111,1,3,200.0,0.0
50546859,1,19,80.0,88.0
1273607,1,35,450.0,264.0
1273444,1,0,99.0,22.0
1273385,1,4,155.0,0.0
1272997,1,68,52.0,9.0
1272714,1,209,119.0,241.0
1272625,1,0,60.0,43.0
1269455,1,37,200.0,257.0
1268505,1,26,240.0,330.0
1267985,1,1,60.0,0.0
1267900,1,57,250.0,25.0
1267556,1,81,30.0,319.0
1265619,1,8,120.0,8.0
1265437,1,57,175.0,273.0
1264655,1,8,110.0,4.0
50601037,1,57,259.0,175.0
50597569,1,7,112.0,1.0
50686800,1,0,46.0,28.0
50682735,1,1,80.0,340.0
50681342,1,55,290.0,0.0
50680795,1,1,30.0,0.0
50680790,1,0,275.0,0.0
50663338,1,1,220.0,0.0
50661711,1,0,70.0,0.0
50656310,1,0,60.0,0.0
50640005,1,0,250.0,0.0
50615055,1,1,91.0,0.0
50612451,1,4,220.0,76.0
50605766,1,1,150.0,328.0
50605761,1,1,130.0,2.0
50601765,1,4,120.0,0.0
50601648,1,16,68.0,139.0
1273825,1,24,137.0,0.0
50750250,1,3,65.0,0.0
50749495,1,10,80.0,317.0
50742613,1,10,37.0,0.0
50740281,1,0,175.0,0.0
50737287,1,1,40.0,0.0
50735735,1,10,60.0,0.0
50729557,1,63,70.0,322.0
50727041,1,0,45.0,0.0
50724816,1,0,116.0,105.0
50698186,1,4,80.0,0.0
50695071,1,0,70.0,0.0
50690723,1,0,245.0,0.0
50690190,1,0,210.0,0.0
50687547,1,10,89.0,64.0
50687223,1,4,70.0,0.0
50686888,1,16,150.0,365.0
50857647,1,0,75.0,0.0
50846116,1,0,100.0,0.0
50839249,1,0,50.0,0.0
50831724,1,6,275.0,0.0
50828435,1,1,55.0,0.0
50822673,1,2,180.0,1.0
50814751,1,2,85.0,16.0
50812891,1,0,159.0,166.0
50778925,1,6,149.0,0.0
50772718,1,2,47.0,0.0
50772475,1,1,300.0,0.0
50769650,1,0,150.0,0.0
50765187,1,0,175.0,88.0
50762019,1,1,80.0,0.0
50761842,1,0,80.0,0.0
50755816,1,2,37.0,0.0
50928025,1,1,95.0,0.0
50925964,1,16,152.0,0.0
50921439,1,3,75.0,0.0
50916440,1,0,67.0,0.0
50915075,1,18,278.0,35.0
50914877,1,1,45.0,0.0
50914821,1,101,135.0,365.0
50909072,1,3,100.0,0.0
50909051,1,6,115.0,179.0
50904121,1,5,179.0,0.0
50903933,1,2,60.0,0.0
50894847,1,1,149.0,0.0
50868008,1,1,367.0,229.0
50865592,1,133,85.0,230.0
50862159,1,3,60.0,188.0
50860659,1,5,80.0,188.0
51002691,1,0,65.0,0.0
51001918,1,1,165.0,0.0
51001469,1,4,70.0,0.0
50997070,1,0,380.0,0.0
50996583,1,5,264.0,327.0
50995154,1,11,95.0,0.0
50994782,1,20,124.0,0.0
50988308,1,12,178.0,0.0
50981314,1,4,150.0,89.0
50976547,1,1,250.0,0.0
50951460,1,14,60.0,310.0
50949024,1,0,60.0,0.0
50945119,1,1,65.0,0.0
50943387,1,1,175.0,0.0
50941579,1,1,120.0,34.0
50939666,1,1,245.0,0.0
51088192,1,0,100.0,364.0
51087754,1,3,79.0,0.0
51068857,1,0,80.0,5.0
51065605,1,7,115.0,7.0
51037916,1,0,39.0,0.0
51035062,1,0,200.0,89.0
51032135,1,1,45.0,0.0
51027744,1,4,99.0,342.0
51027036,1,0,280.0,45.0
51024366,1,6,99.0,364.0
51022084,1,3,75.0,29.0
51021121,1,1,120.0,0.0
51020118,1,0,175.0,89.0
51009239,1,1,45.0,0.0
51007432,1,73,78.0,1.0
51006349,1,16,175.0,364.0
51176545,1,0,189.0,0.0
51171909,1,12,90.0,23.0
51169036,1,89,77.0,228.0
51162561,1,1,125.0,0.0
51159504,1,3,49.0,365.0
51152932,1,4,70.0,3.0
51137325,1,0,225.0,280.0
51137245,1,0,85.0,0.0
51112551,1,0,375.0,83.0
51108205,1,0,66.0,0.0
51105827,1,1,225.0,362.0
51099309,1,0,50.0,0.0
51095356,1,41,59.0,301.0
51093380,1,0,500.0,365.0
51091522,1,0,76.0,0.0
51088203,1,52,199.0,1.0
1264407,1,2,63.0,0.0
1263574,1,5,60.0,0.0
1263176,1,147,55.0,293.0
1262622,1,16,100.0,341.0
1262513,1,15,59.0,98.0
1262195,1,32,100.0,0.0
1261893,1,5,100.0,0.0
1261588,1,132,155.0,83.0
1260642,1,65,70.0,0.0
1260391,1,9,165.0,21.0
1258469,1,75,125.0,171.0
1258363,1,5,80.0,0.0
1258319,1,4,250.0,0.0
51200621,1,3,100.0,0.0
51186155,1,51,45.0,49.0
51179270,1,0,78.0,17.0
51327044,1,0,150.0,0.0
51309850,1,1,80.0,0.0
51300628,1,0,199.0,0.0
51289216,1,60,167.0,164.0
51282128,1,4,50.0,0.0
51278311,1,0,55.0,0.0
51276298,1,153,118.0,337.0
51268465,1,1,135.0,0.0
51262617,1,101,100.0,284.0
51260506,1,1,1250.0,173.0
51256572,1,2,75.0,0.0
51248093,1,0,250.0,0.0
51238762,1,4,39.0,0.0
51230222,1,0,97.0,0.0
51219881,1,2,100.0,0.0
51216049,1,2,49.0,0.0
51373228,1,0,350.0,0.0
51371360,1,2,75.0,0.0
51369575,1,7,67.0,0.0
51367478,1,0,88.0,0.0
51366012,1,3,189.0,29.0
51364990,1,5,195.0,7.0
51364562,1,4,105.0,0.0
51358854,1,0,154.0,0.0
51356852,1,0,300.0,0.0
51356178,1,3,89.0,0.0
51349952,1,1,70.0,0.0
51348096,1,0,65.0,0.0
51339741,1,43,145.0,197.0
51338091,1,1,130.0,280.0
51337085,1,1,59.0,0.0
51329030,1,11,30.0,0.0
51434373,1,69,179.0,104.0
51433399,1,1,80.0,0.0
51432814,1,0,80.0,0.0
51431600,1,1,50.0,0.0
51430742,1,36,51.0,364.0
51429969,1,3,100.0,0.0
51425591,1,0,70.0,0.0
51422606,1,17,96.0,0.0
51422338,1,0,50.0,0.0
51420334,1,0,59.0,0.0
51419167,1,5,120.0,55.0
51414586,1,4,225.0,78.0
51413809,1,29,59.0,247.0
51412807,1,40,95.0,0.0
51385941,1,21,250.0,80.0
51374331,1,175,57.0,38.0
51510730,1,6,195.0,0.0
51509098,1,1,125.0,11.0
51504193,1,12,115.0,77.0
51502398,1,77,175.0,54.0
51499758,1,0,90.0,0.0
51496578,1,0,250.0,0.0
51458776,1,42,55.0,118.0
51450214,1,0,148.0,0.0
51447852,1,10,62.0,0.0
51447330,1,0,112.0,0.0
51446803,1,67,50.0,216.0
51446345,1,164,189.0,206.0
51445545,1,117,179.0,235.0
51439873,1,0,75.0,0.0
51434683,1,6,110.0,0.0
51434460,1,0,60.0,0.0
51538706,1,1,108.0,0.0
51538274,1,18,150.0,182.0
51537620,1,2,80.0,0.0
51536620,1,1,110.0,0.0
51535263,1,8,60.0,0.0
51532290,1,3,82.0,0.0
51528392,1,130,140.0,30.0
51525788,1,1,120.0,0.0
51525183,1,0,95.0,358.0
51522009,1,0,80.0,0.0
51521183,1,5,85.0,86.0
51520983,1,4,75.0,0.0
51520084,1,0,60.0,0.0
51517754,1,0,42.0,0.0
51513795,1,1,175.0,0.0
51513260,1,1,35.0,0.0
51623576,1,1,159.0,0.0
51614806,1,1,35.0,0.0
51614766,1,5,70.0,364.0
51610412,1,2,45.0,0.0
51605949,1,0,43.0,0.0
51601657,1,50,425.0,106.0
51596064,1,23,70.0,0.0
51594665,1,0,55.0,0.0
51591390,1,30,75.0,8.0
51589519,1,0,180.0,338.0
51584665,1,3,50.0,0.0
51556615,1,66,155.0,307.0
51552511,1,2,150.0,0.0
51551032,1,1,50.0,0.0
51547958,1,0,78.0,0.0
51542781,1,6,98.0,0.0
51729061,1,17,150.0,0.0
51728257,1,1,140.0,0.0
51709634,1,25,31.0,5.0
51706510,1,9,37.0,0.0
51698646,1,1,40.0,2.0
51690846,1,0,75.0,0.0
51680319,1,0,69.0,0.0
51678353,1,2,85.0,0.0
51674579,1,0,45.0,0.0
51667335,1,11,395.0,247.0
51664119,1,1,130.0,0.0
51663418,1,1,40.0,0.0
51662642,1,0,90.0,0.0
51652888,1,2,37.0,0.0
51651427,1,8,95.0,0.0
51646459,1,26,135.0,365.0
51812548,1,3,110.0,5.0
51810229,1,0,150.0,197.0
51783601,1,1,120.0,0.0
51779729,1,14,140.0,234.0
51772392,1,3,587.0,365.0
51765884,1,0,65.0,0.0
51765609,1,1,100.0,3.0
51764491,1,4,65.0,0.0
51756175,1,1,115.0,0.0
51752700,1,48,93.0,3.0
51752603,1,1,80.0,0.0
51752582,1,4,55.0,0.0
51749922,1,0,140.0,0.0
51746762,1,0,75.0,2.0
51743699,1,1,100.0,0.0
51742426,1,63,190.0,257.0
1257760,1,0,399.0,12.0
1257611,1,4,110.0,0.0
1257309,1,8,100.0,0.0
1257048,1,54,150.0,59.0
1256874,1,49,75.0,313.0
1256264,1,0,450.0,167.0
1254489,1,41,142.0,151.0
1253739,1,11,70.0,211.0
1253313,1,28,90.0,0.0
1253125,1,6,275.0,5.0
1252820,1,72,60.0,7.0
1252743,1,9,45.0,0.0
1252275,1,13,70.0,0.0
1252131,1,36,199.0,242.0
1251762,1,34,185.0,0.0
1250061,1,82,260.0,12.0
51908924,1,2,85.0,19.0
51902072,1,1,185.0,0.0
51870709,1,4,120.0,0.0
51857384,1,51,210.0,11.0
51851212,1,4,60.0,0.0
51846382,1,57,220.0,77.0
51844270,1,1,250.0,0.0
51843917,1,9,110.0,35.0
51842673,1,0,725.0,0.0
51839283,1,1,75.0,0.0
51838759,1,122,99.0,77.0
51835429,1,0,90.0,0.0
51830532,1,55,239.0,161.0
51829088,1,0,139.0,0.0
51813748,1,77,185.0,25.0
51813565,1,18,135.0,0.0
52022983,1,0,150.0,0.0
52014015,1,0,225.0,0.0
52005895,1,5,110.0,86.0
52004369,1,9,275.0,0.0
51992385,1,5,72.0,361.0
51969502,1,1,53.0,0.0
51964207,1,7,140.0,3.0
51948055,1,5,500.0,88.0
51947144,1,8,150.0,0.0
51940393,1,74,199.0,231.0
51937277,1,14,243.0,93.0
51926018,1,0,250.0,83.0
51924404,1,2,56.0,0.0
51914156,1,31,130.0,0.0
51913277,1,13,45.0,37.0
51913270,1,0,200.0,0.0
52112891,1,3,80.0,0.0
52109239,1,0,40.0,0.0
52084781,1,22,150.0,292.0
52083976,1,0,140.0,0.0
52071286,1,6,249.0,225.0
52062343,1,4,57.0,340.0
52059111,1,1,50.0,0.0
52053537,1,0,200.0,0.0
52052321,1,6,46.0,0.0
52049429,1,112,70.0,11.0
52044518,1,58,65.0,47.0
52040778,1,0,50.0,5.0
52033043,1,22,89.0,0.0
52031734,1,1,41.0,0.0
52031473,1,44,105.0,35.0
52031360,1,137,46.0,286.0
52221728,1,2,50.0,0.0
52203920,1,119,150.0,300.0
52190465,1,1,100.0,0.0
52183960,1,141,120.0,215.0
52183380,1,2,110.0,0.0
52181900,1,0,100.0,0.0
52176200,1,138,89.0,34.0
52173396,1,7,65.0,0.0
52172297,1,9,65.0,343.0
52166457,1,6,70.0,0.0
52161562,1,14,125.0,0.0
52137386,1,0,203.0,88.0
52132241,1,53,54.0,8.0
52129673,1,17,50.0,0.0
52125790,1,5,120.0,0.0
52115380,1,0,125.0,39.0
52347236,1,8,70.0,96.0
52342677,1,0,175.0,0.0
52320213,1,77,275.0,0.0
52320041,1,17,250.0,190.0
52319188,1,0,500.0,43.0
52310314,1,13,89.0,2.0
52295482,1,14,375.0,75.0
52287004,1,65,135.0,59.0
52267190,1,0,25.0,0.0
52262589,1,2,450.0,0.0
52262348,1,10,185.0,0.0
52251632,1,1,114.0,0.0
52243765,1,0,50.0,0.0
52237758,1,1,155.0,0.0
52228249,1,0,80.0,0.0
52225868,1,0,32.0,0.0
1246073,1,27,119.0,154.0
1245722,1,30,200.0,364.0
1245695,1,8,200.0,365.0
1243192,1,0,241.0,249.0
1242765,1,58,349.0,341.0
1242374,1,82,96.0,289.0
1242357,1,1,175.0,0.0
1241818,1,1,124.0,12.0
1241548,1,0,110.0,18.0
1241543,1,3,130.0,180.0
1241420,1,94,130.0,27.0
1240958,1,0,125.0,0.0
1240933,1,10,100.0,353.0
52363997,1,2,150.0,0.0
52361698,1,1,40.0,226.0
52357574,1,2,85.0,0.0
52525871,1,0,125.0,0.0
52498520,1,20,67.0,365.0
52484523,1,4,100.0,0.0
52454608,1,0,100.0,0.0
52445657,1,16,55.0,0.0
52443525,1,23,140.0,0.0
52441724,1,19,125.0,281.0
52432205,1,4,140.0,0.0
52430092,1,59,220.0,185.0
52428829,1,0,60.0,0.0
52425281,1,0,150.0,0.0
52424735,1,10,80.0,26.0
52395622,1,16,160.0,0.0
52371107,1,0,40.0,33.0
1249685,1,21,101.0,0.0
1249116,1,2,135.0,0.0
52573647,1,9,85.0,87.0
52573016,1,2,148.0,0.0
52565041,1,0,46.0,60.0
52562602,1,0,190.0,16.0
52559052,1,0,150.0,0.0
52551507,1,0,99.0,0.0
52549310,1,6,70.0,0.0
52539349,1,212,60.0,297.0
52538564,1,1,135.0,13.0
52535342,1,0,175.0,0.0
52532097,1,5,45.0,0.0
52531721,1,26,55.0,156.0
52530136,1,5,125.0,0.0
52529356,1,2,150.0,0.0
52526463,1,1,110.0,0.0
52526057,1,45,169.0,150.0
52630170,1,2,50.0,0.0
52616278,1,14,165.0,330.0
52610301,1,5,43.0,0.0
52602302,1,5,149.0,0.0
52602009,1,119,84.0,20.0
52601644,1,2,60.0,0.0
52599987,1,2,100.0,0.0
52593822,1,0,115.0,0.0
52592877,1,3,113.0,0.0
52587835,1,0,42.0,24.0
52586141,1,40,110.0,50.0
52584817,1,5,150.0,4.0
52584471,1,0,135.0,0.0
52583380,1,8,88.0,0.0
52575889,1,9,115.0,0.0
52575295,1,3,295.0,46.0
52751563,1,32,96.0,2.0
52728780,1,0,200.0,0.0
52720583,1,3,115.0,6.0
52711374,1,12,90.0,0.0
52705961,1,85,69.0,308.0
52699613,1,0,79.0,0.0
52676179,1,2,144.0,0.0
52675311,1,13,200.0,89.0
52674088,1,0,150.0,0.0
52666941,1,11,157.0,0.0
52663715,1,97,255.0,230.0
52661714,1,0,300.0,0.0
52657843,1,6,130.0,0.0
52656626,1,11,120.0,0.0
52656488,1,0,200.0,0.0
52644225,1,3,77.0,0.0
52876917,1,0,50.0,0.0
52851248,1,1,250.0,0.0
52825108,1,1,66.0,49.0
52818583,1,21,75.0,114.0
52816291,1,5,90.0,1.0
52799398,1,35,99.0,0.0
52796837,1,8,160.0,43.0
52794726,1,0,50.0,0.0
52793525,1,9,100.0,0.0
52780335,1,14,65.0,0.0
52777892,1,10,10.0,0.0
52768036,1,44,85.0,19.0
52767716,1,3,95.0,0.0
52763343,1,0,250.0,0.0
52761277,1,1,80.0,87.0
52756677,1,0,35.0,0.0
53044777,1,0,290.0,270.0
52999390,1,3,650.0,0.0
52991771,1,27,135.0,57.0
52984497,1,2,33.0,87.0
52981364,1,167,65.0,209.0
52978874,1,0,250.0,363.0
52976247,1,0,100.0,0.0
52973925,1,0,66.0,0.0
52970439,1,6,110.0,309.0
52964447,1,7,70.0,29.0
52954055,1,13,51.0,89.0
52949531,1,0,170.0,0.0
52917571,1,1,120.0,7.0
52894477,1,3,48.0,136.0
52889401,1,9,290.0,41.0
52889093,1,8,70.0,0.0
53209258,1,0,105.0,0.0
53206623,1,19,180.0,361.0
53199312,1,61,145.0,302.0
53192488,1,1,56.0,0.0
53186123,1,19,65.0,0.0
53170355,1,2,1200.0,166.0
53169195,1,2,35.0,0.0
53163551,1,4,35.0,0.0
53153865,1,77,113.0,44.0
53149725,1,13,145.0,34.0
53105633,1,0,32.0,0.0
53105192,1,8,65.0,3.0
53103368,1,0,65.0,6.0
53099839,1,0,200.0,0.0
53058139,1,0,100.0,69.0
53051331,1,13,75.0,354.0
1239959,1,1,120.0,0.0
1239272,1,35,299.0,261.0
1238879,1,2,95.0,0.0
1238383,1,0,500.0,74.0
1237632,1,0,65.0,0.0
1237426,1,2,178.0,22.0
1237358,1,1,250.0,0.0
1236817,1,100,200.0,191.0
1236663,1,105,50.0,25.0
1236070,1,136,190.0,120.0
1235070,1,1,9999.0,0.0
1234405,1,40,300.0,0.0
1233402,1,3,180.0,0.0
1233267,1,20,75.0,0.0
1232988,1,19,150.0,9.0
53215338,1,1,80.0,0.0
53298578,1,0,99.0,265.0
53284346,1,2,49.0,0.0
53282710,1,2,98.0,0.0
53281880,1,167,180.0,261.0
53277135,1,20,164.0,0.0
53276746,1,22,150.0,261.0
53274087,1,151,90.0,22.0
53268392,1,0,100.0,0.0
53254710,1,4,85.0,76.0
53241793,1,51,160.0,25.0
53228755,1,3,135.0,0.0
53224546,1,0,65.0,0.0
53223410,1,2,200.0,0.0
53218990,1,0,110.0,0.0
53217509,1,0,45.0,0.0
53216788,1,27,80.0,302.0
53411078,1,1,75.0,158.0
53394322,1,0,58.0,0.0
53387593,1,0,45.0,0.0
53369750,1,119,30.0,3.0
53365451,1,2,50.0,0.0
53360631,1,0,90.0,83.0
53357457,1,6,59.0,0.0
53356372,1,0,1200.0,0.0
53330133,1,0,125.0,0.0
53327491,1,40,400.0,105.0
53321966,1,207,155.0,20.0
53319402,1,0,80.0,0.0
53316033,1,0,69.0,0.0
53309031,1,38,93.0,0.0
53301314,1,58,200.0,152.0
53298603,1,2,55.0,0.0
53495399,1,1,75.0,0.0
53492531,1,2,60.0,0.0
53481729,1,0,275.0,0.0
53481649,1,2,90.0,0.0
53477091,1,5,100.0,0.0
53471415,1,10,1002.0,365.0
53468381,1,202,125.0,276.0
53462017,1,1,135.0,30.0
53450065,1,0,30.0,0.0
53445174,1,1,35.0,0.0
53444504,1,5,200.0,0.0
53443367,1,8,175.0,0.0
53440969,1,43,80.0,189.0
53432601,1,2,80.0,11.0
53413881,1,4,55.0,0.0
53412784,1,0,600.0,0.0
53635805,1,1,38.0,0.0
53632978,1,8,200.0,0.0
53630880,1,6,100.0,0.0
53627900,1,149,50.0,276.0
53627366,1,75,319.0,112.0
53621734,1,1,170.0,365.0
53620244,1,1,180.0,334.0
53618094,1,0,250.0,0.0
53611405,1,3,117.0,285.0
53602261,1,0,375.0,364.0
53597648,1,2,40.0,0.0
53582731,1,14,100.0,1.0
53560822,1,49,95.0,14.0
53518745,1,2,300.0,54.0
53507512,1,0,226.0,0.0
53502678,1,0,85.0,179.0
53829616,1,1,395.0,0.0
53821069,1,8,94.0,0.0
53819985,1,15,45.0,0.0
53778891,1,20,50.0,334.0
53773419,1,33,70.0,365.0
53759518,1,0,110.0,0.0
53750726,1,5,200.0,13.0
53743935,1,7,65.0,2.0
53720018,1,0,299.0,0.0
53717769,1,121,88.0,170.0
53713798,1,33,230.0,26.0
53710434,1,2,85.0,49.0
53693534,1,0,100.0,0.0
53652520,1,0,60.0,0.0
53648985,1,1,300.0,58.0
53638710,1,1,49.0,23.0
54043278,1,0,65.0,0.0
54023713,1,25,100.0,4.0
54001762,1,2,99.0,0.0
53972872,1,6,50.0,0.0
53955282,1,118,115.0,157.0
53953736,1,7,435.0,22.0
53931758,1,3,100.0,73.0
53930780,1,1,45.0,0.0
53911974,1,1,35.0,0.0
53906227,1,25,84.0,257.0
53894093,1,0,100.0,0.0
53887230,1,1,120.0,231.0
53884572,1,2,45.0,342.0
53883793,1,2,180.0,4.0
53850552,1,4,50.0,0.0
53836757,1,20,85.0,12.0
54206554,1,1,100.0,0.0
54148881,1,1,100.0,0.0
54136018,1,8,35.0,48.0
54130816,1,2,150.0,0.0
54130768,1,0,95.0,158.0
54129736,1,32,88.0,0.0
54123180,1,5,49.0,332.0
54120025,1,1,300.0,358.0
54103333,1,2,300.0,5.0
54098346,1,3,150.0,0.0
54081802,1,0,60.0,0.0
54081046,1,18,55.0,82.0
54074445,1,3,65.0,0.0
54074349,1,0,46.0,0.0
54060270,1,2,100.0,0.0
54058956,1,0,40.0,0.0
54332560,1,0,97.0,25.0
54289696,1,81,27.0,84.0
54283436,1,6,60.0,0.0
54283244,1,75,125.0,316.0
54282449,1,38,75.0,195.0
54280519,1,0,125.0,0.0
54279433,1,1,34.0,0.0
54262760,1,0,70.0,0.0
54261444,1,0,150.0,0.0
54246858,1,79,110.0,257.0
54242258,1,1,48.0,0.0
54235059,1,0,195.0,0.0
54228655,1,11,195.0,200.0
54228386,1,81,125.0,29.0
54217990,1,12,105.0,0.0
54210823,1,0,99.0,157.0
1229568,1,100,174.0,145.0
1229358,1,10,195.0,270.0
1228668,1,4,38.0,0.0
1228328,1,8,250.0,29.0
1228080,1,1,100.0,0.0
1227833,1,0,250.0,0.0
1226950,1,0,75.0,0.0
1226850,1,0,70.0,0.0
1226375,1,29,110.0,15.0
1225787,1,26,125.0,264.0
54368503,1,0,120.0,0.0
54353888,1,26,59.0,0.0
54351163,1,65,140.0,242.0
54348871,1,88,250.0,329.0
54342301,1,11,300.0,9.0
54339185,1,0,45.0,0.0
54539364,1,134,135.0,241.0
54508926,1,102,167.0,294.0
54508119,1,16,38.0,362.0
54498900,1,4,170.0,0.0
54469570,1,2,75.0,0.0
54422839,1,4,48.0,0.0
54415933,1,0,300.0,88.0
54401544,1,1,133.0,0.0
54401446,1,0,125.0,0.0
54377368,1,5,350.0,326.0
54375099,1,1,75.0,0.0
54369863,1,1,70.0,0.0
1231888,1,1,70.0,0.0
1230739,1,0,35.0,0.0
1229653,1,2,90.0,0.0
1229609,1,2,125.0,0.0
54706499,1,0,250.0,16.0
54678020,1,8,150.0,67.0
54677014,1,72,79.0,160.0
54675040,1,0,50.0,0.0
54656266,1,38,90.0,25.0
54645176,1,1,220.0,0.0
54640485,1,44,55.0,37.0
54637605,1,10,110.0,16.0
54634154,1,0,75.0,29.0
54618020,1,1,80.0,62.0
54606969,1,3,60.0,250.0
54586794,1,1,250.0,0.0
54554971,1,33,150.0,0.0
54549189,1,1,80.0,0.0
54548626,1,68,90.0,299.0
54541149,1,1,75.0,0.0
54917558,1,154,75.0,15.0
54908827,1,0,80.0,0.0
54907254,1,1,139.0,0.0
54892756,1,1,75.0,0.0
54861276,1,12,152.0,0.0
54850437,1,22,185.0,22.0
54807420,1,3,80.0,83.0
54797779,1,3,40.0,0.0
54778990,1,0,50.0,0.0
54772069,1,0,55.0,365.0
54769760,1,1,50.0,11.0
54763152,1,68,99.0,57.0
54761069,1,10,80.0,332.0
54743212,1,4,160.0,0.0
54740781,1,2,35.0,0.0
54736855,1,16,140.0,143.0
55148803,1,40,146.0,200.0
55143966,1,2,62.0,21.0
55133987,1,0,130.0,0.0
55108207,1,0,450.0,31.0
55062858,1,207,200.0,245.0
55060863,1,1,60.0,0.0
55040763,1,6,50.0,29.0
55038786,1,0,50.0,98.0
55036405,1,0,199.0,0.0
55026020,1,0,50.0,0.0
55025690,1,7,68.0,0.0
55017405,1,0,2900.0,180.0
55004447,1,7,41.0,0.0
54986261,1,57,75.0,335.0
54970203,1,33,82.0,2.0
54966810,1,2,52.0,0.0
55229297,1,49,215.0,316.0
55209173,1,3,40.0,0.0
55208833,1,0,275.0,0.0
55207670,1,0,65.0,0.0
55203569,1,13,250.0,76.0
55202404,1,1,100.0,50.0
55201743,1,1,65.0,0.0
55199493,1,100,115.0,91.0
55198931,1,12,65.0,294.0
55197894,1,7,30.0,0.0
55197031,1,0,150.0,0.0
55190776,1,0,156.0,7.0
55179950,1,0,100.0,0.0
55170899,1,14,199.0,250.0
55165952,1,0,60.0,0.0
55149174,1,0,43.0,0.0
55377720,1,0,69.0,0.0
55363509,1,0,150.0,172.0
55339775,1,0,30.0,0.0
55335435,1,2,75.0,0.0
55334250,1,209,97.0,9.0
55325859,1,4,120.0,0.0
55324782,1,1,75.0,0.0
55308025,1,7,90.0,0.0
55300400,1,0,200.0,0.0
55299396,1,6,275.0,85.0
55292741,1,0,115.0,0.0
55270457,1,179,75.0,123.0
55261821,1,2,425.0,0.0
55260292,1,14,90.0,60.0
55257448,1,0,40.0,0.0
55240477,1,1,220.0,16.0
1223281,1,10,100.0,0.0
1223259,1,56,71.0,131.0
1221359,1,0,400.0,173.0
1221228,1,3,37.0,0.0
1220414,1,83,179.0,292.0
1218437,1,1,40.0,156.0
1217923,1,115,93.0,312.0
1217241,1,305,110.0,231.0
1216891,1,22,85.0,232.0
1215949,1,179,165.0,0.0
1215853,1,34,140.0,170.0
55430096,1,2,190.0,310.0
55425653,1,4,180.0,0.0
55397210,1,7,119.0,9.0
55395596,1,1,70.0,0.0
55389878,1,1,84.0,0.0
55601522,1,0,50.0,31.0
55586606,1,8,200.0,0.0
55560532,1,0,690.0,66.0
55558315,1,0,120.0,0.0
55547933,1,4,85.0,0.0
55532612,1,15,200.0,354.0
55504410,1,0,140.0,0.0
55503144,1,0,70.0,0.0
55471059,1,3,110.0,0.0
55468876,1,109,90.0,75.0
55457305,1,37,274.0,339.0
55452987,1,0,55.0,179.0
55450195,1,6,60.0,21.0
55433649,1,169,45.0,134.0
1223568,1,61,110.0,264.0
1223359,1,9,79.0,329.0
55785340,1,0,178.0,0.0
55785222,1,0,75.0,0.0
55778523,1,4,125.0,0.0
55737033,1,29,65.0,98.0
55725808,1,2,45.0,0.0
55718379,1,0,169.0,364.0
55713233,1,3,105.0,0.0
55711801,1,0,139.0,29.0
55709707,1,0,82.0,0.0
55703198,1,0,100.0,362.0
55693494,1,13,120.0,108.0
55688014,1,0,70.0,0.0
55618434,1,83,40.0,276.0
55617221,1,0,100.0,0.0
55608979,1,3,50.0,0.0
55601638,1,1,158.0,0.0
55970820,1,0,54.0,0.0
55966543,1,7,200.0,0.0
55952349,1,3,150.0,36.0
55939980,1,4,210.0,0.0
55924743,1,3,150.0,0.0
55908144,1,6,45.0,0.0
55853534,1,0,60.0,0.0
55836825,1,0,150.0,0.0
55829442,1,4,40.0,0.0
55823684,1,0,149.0,0.0
55817559,1,15,399.0,47.0
55814811,1,0,198.0,5.0
55814053,1,89,120.0,9.0
55808233,1,0,75.0,0.0
55807631,1,11,40.0,0.0
55804009,1,1,30.0,0.0
56078939,1,0,110.0,364.0
56067189,1,1,150.0,0.0
56066134,1,2,125.0,0.0
56066018,1,1,45.0,0.0
56065753,1,5,80.0,0.0
56061729,1,8,125.0,188.0
56060787,1,14,55.0,295.0
56060495,1,34,99.0,1.0
56051614,1,13,128.0,2.0
56044722,1,1,75.0,0.0
56043282,1,8,140.0,0.0
56040696,1,25,160.0,0.0
56025976,1,7,160.0,12.0
55997024,1,24,125.0,55.0
55982547,1,59,245.0,184.0
55976102,1,22,199.0,68.0
56214524,1,161,155.0,251.0
56202220,1,1,80.0,20.0
56198002,1,14,75.0,17.0
56193545,1,0,80.0,0.0
56177749,1,1,31.0,0.0
56156848,1,21,93.0,73.0
56142507,1,22,46.0,365.0
56124518,1,1,90.0,0.0
56120478,1,9,75.0,0.0
56119624,1,17,150.0,363.0
56113781,1,11,75.0,0.0
56112494,1,0,65.0,0.0
56098700,1,0,500.0,0.0
56089590,1,53,250.0,220.0
56082757,1,0,150.0,0.0
56081679,1,2,200.0,0.0
1213248,1,31,159.0,358.0
1212731,1,2,65.0,0.0
1211994,1,1,45.0,0.0
1211856,1,4,80.0,331.0
1211082,1,1,320.0,78.0
1210541,1,3,275.0,0.0
1208402,1,49,175.0,188.0
1208337,1,4,200.0,0.0
1207399,1,109,90.0,333.0
1206310,1,3,120.0,0.0
1203954,1,3,130.0,200.0
1203500,1,35,80.0,36.0
1202621,1,34,250.0,147.0
56279680,1,9,80.0,219.0
56276728,1,5,70.0,0.0
56256469,1,4,140.0,0.0
56470374,1,1,145.0,343.0
56412357,1,0,34.0,0.0
56411266,1,0,60.0,0.0
56410306,1,0,60.0,0.0
56394959,1,3,300.0,133.0
56391348,1,46,160.0,270.0
56376946,1,1,350.0,86.0
56372211,1,120,97.0,18.0
56352735,1,82,90.0,4.0
56349939,1,18,84.0,21.0
56342651,1,0,150.0,0.0
56342503,1,3,280.0,0.0
56341179,1,0,125.0,280.0
56312532,1,0,60.0,0.0
56306339,1,0,61.0,290.0
56286886,1,4,150.0,12.0
56665831,1,1,99.0,0.0
56648414,1,11,125.0,0.0
56636906,1,0,50.0,0.0
56631570,1,16,45.0,0.0
56623911,1,3,45.0,0.0
56616801,1,4,25.0,0.0
56616493,1,0,30.0,0.0
56607815,1,0,150.0,0.0
56602710,1,0,125.0,207.0
56589011,1,7,160.0,0.0
56551795,1,1,150.0,0.0
56550302,1,2,110.0,66.0
56546581,1,2,63.0,0.0
56537951,1,2,230.0,0.0
56514111,1,2,70.0,0.0
56498254,1,9,150.0,190.0
56778641,1,28,31.0,111.0
56775169,1,1,99.0,311.0
56758927,1,252,97.0,290.0
56757345,1,43,89.0,10.0
56754697,1,50,160.0,4.0
56750914,1,28,150.0,0.0
56740664,1,1,225.0,5.0
56735326,1,4,125.0,0.0
56732131,1,57,395.0,279.0
56731026,1,0,125.0,69.0
56730358,1,5,60.0,0.0
56728868,1,0,115.0,0.0
56714504,1,227,95.0,16.0
56710089,1,42,198.0,267.0
56704653,1,0,170.0,0.0
56666937,1,16,150.0,168.0
57046582,1,0,95.0,0.0
57044398,1,0,450.0,0.0
57034140,1,3,65.0,0.0
57024509,1,8,90.0,0.0
57015584,1,22,175.0,0.0
56998739,1,0,125.0,0.0
56995315,1,29,79.0,321.0
56985517,1,48,120.0,227.0
56984176,1,84,140.0,32.0
56917612,1,16,60.0,21.0
56905821,1,29,180.0,0.0
56889786,1,0,120.0,34.0
56887361,1,1,30.0,0.0
56840569,1,1,60.0,340.0
56836468,1,1,65.0,0.0
56784103,1,25,69.0,29.0
57146691,1,0,250.0,0.0
57135136,1,0,250.0,179.0
57125089,1,152,119.0,14.0
57123462,1,4,57.0,0.0
57122538,1,6,60.0,83.0
57109253,1,12,70.0,188.0
57107571,1,22,200.0,112.0
57097075,1,1,90.0,0.0
57094235,1,1,100.0,0.0
57090879,1,1,60.0,0.0
57069872,1,65,70.0,89.0
57069428,1,0,50.0,0.0
57060982,1,17,58.0,0.0
57059509,1,19,50.0,2.0
57055185,1,0,33.0,0.0
57050977,1,22,68.0,0.0
1200603,1,121,115.0,39.0
1200192,1,0,99.0,1.0
1199690,1,1,57.0,0.0
1197307,1,0,80.0,12.0
1196848,1,0,229.0,10.0
1196023,1,54,140.0,230.0
1195295,1,49,299.0,365.0
1194377,1,63,100.0,321.0
1194064,1,1,60.0,0.0
1193933,1,0,200.0,0.0
1192716,1,7,155.0,6.0
1192610,1,59,110.0,281.0
1192424,1,13,225.0,83.0
57160283,1,20,75.0,0.0
57158173,1,1,38.0,0.0
57148387,1,4,100.0,254.0
57283593,1,59,290.0,256.0
57275881,1,0,250.0,0.0
57272703,1,2,110.0,0.0
57269448,1,1,100.0,0.0
57265004,1,151,125.0,37.0
57257971,1,1,50.0,0.0
57254931,1,60,190.0,0.0
57247607,1,0,200.0,69.0
57242530,1,9,189.0,23.0
57201275,1,1,45.0,84.0
57195863,1,7,295.0,129.0
57195513,1,13,120.0,0.0
57192926,1,87,145.0,140.0
57189210,1,1,90.0,56.0
57169534,1,7,295.0,365.0
57162807,1,1,350.0,0.0
57340330,1,5,55.0,89.0
57339374,1,25,75.0,129.0
57336940,1,9,130.0,0.0
57322543,1,52,150.0,7.0
57322447,1,3,100.0,0.0
57307079,1,19,70.0,172.0
57305837,1,147,145.0,235.0
57302064,1,3,595.0,55.0
57294763,1,0,155.0,125.0
57294304,1,0,250.0,0.0
57292550,1,1,70.0,0.0
57291971,1,3,199.0,67.0
57291936,1,16,70.0,3.0
57289930,1,0,115.0,0.0
57287881,1,0,45.0,0.0
57287101,1,5,250.0,0.0
57484031,1,0,250.0,0.0
57470846,1,0,175.0,0.0
57460773,1,63,99.0,18.0
57460097,1,63,55.0,21.0
57457584,1,2,65.0,42.0
57456594,1,18,75.0,242.0
57452929,1,134,79.0,2.0
57437690,1,0,80.0,0.0
57435629,1,1,80.0,0.0
57434801,1,0,100.0,0.0
57430885,1,1,39.0,0.0
57412032,1,0,113.0,192.0
57400178,1,1,90.0,157.0
57399783,1,2,100.0,0.0
57398859,1,0,27.0,0.0
57357614,1,5,300.0,0.0
57655724,1,64,260.0,131.0
57651976,1,3,80.0,0.0
57648603,1,49,500.0,249.0
57646925,1,0,35.0,0.0
57630325,1,18,47.0,0.0
57628579,1,2,64.0,0.0
57627694,1,0,91.0,50.0
57576702,1,17,120.0,8.0
57552512,1,89,584.0,179.0
57549945,1,23,70.0,53.0
57531995,1,15,145.0,0.0
57517386,1,0,100.0,0.0
57516611,1,14,99.0,8.0
57509618,1,0,50.0,0.0
57502664,1,0,120.0,1.0
57501710,1,7,200.0,0.0
57773455,1,3,109.0,0.0
57769941,1,0,325.0,0.0
57765860,1,0,250.0,34.0
57765248,1,6,90.0,0.0
57762390,1,1,100.0,0.0
57761801,1,0,450.0,365.0
57755572,1,2,70.0,0.0
57755346,1,33,120.0,0.0
57746555,1,0,180.0,0.0
57724903,1,0,325.0,0.0
57699301,1,4,100.0,219.0
57697937,1,90,57.0,247.0
57696968,1,73,29.0,0.0
57694481,1,13,172.0,34.0
57675402,1,2,100.0,0.0
57657144,1,53,119.0,15.0
57919043,1,0,49.0,44.0
57910970,1,36,180.0,0.0
57900598,1,40,80.0,0.0
57890723,1,67,55.0,0.0
57888148,1,0,70.0,325.0
57885166,1,3,70.0,0.0
57882444,1,7,70.0,0.0
57862648,1,0,60.0,88.0
57843472,1,0,550.0,0.0
57827692,1,14,145.0,0.0
57821225,1,1,85.0,0.0
57818788,1,3,100.0,0.0
57793192,1,0,59.0,0.0
57791424,1,2,180.0,0.0
57786447,1,1,250.0,0.0
57783233,1,2,50.0,0.0
58070616,1,5,40.0,0.0
58069820,1,45,75.0,9.0
58061728,1,17,99.0,0.0
58052561,1,8,100.0,8.0
58027700,1,12,65.0,179.0
58024325,1,1,700.0,125.0
58023108,1,2,102.0,0.0
57995737,1,2,75.0,0.0
57973441,1,1,90.0,32.0
57964033,1,7,200.0,158.0
57959988,1,0,40.0,0.0
57954964,1,7,50.0,155.0
57954654,1,147,85.0,304.0
57944900,1,66,250.0,89.0
57944278,1,0,200.0,0.0
57920236,1,1,180.0,98.0
58220119,1,1,300.0,76.0
58208399,1,11,200.0,0.0
58179165,1,6,225.0,89.0
58164974,1,37,150.0,0.0
58131408,1,0,180.0,170.0
58118452,1,59,53.0,188.0
58114733,1,3,140.0,0.0
58113598,1,0,200.0,0.0
58110428,1,10,150.0,0.0
58108232,1,0,109.0,0.0
58104904,1,0,55.0,0.0
58098561,1,8,125.0,0.0
58097815,1,73,145.0,219.0
58077160,1,1,140.0,0.0
58076069,1,54,350.0,274.0
58071546,1,3,599.0,0.0
1192413,1,0,99.0,0.0
1191562,1,130,115.0,276.0
1191142,1,82,135.0,273.0
1190853,1,247,95.0,60.0
1190628,1,0,160.0,278.0
1190088,1,52,130.0,303.0
1189622,1,15,40.0,0.0
1189195,1,4,195.0,0.0
1188096,1,0,233.0,365.0
1187935,1,120,288.0,229.0
1185024,1,3,100.0,0.0
1184442,1,1,270.0,210.0
1182294,1,3,110.0,15.0
1182180,1,26,35.0,160.0
1181486,1,1,84.0,0.0
58222366,1,0,125.0,364.0
58391499,1,4,200.0,0.0
58390804,1,64,153.0,277.0
58390724,1,19,140.0,165.0
58389790,1,0,85.0,1.0
58388047,1,11,40.0,177.0
58380725,1,90,95.0,73.0
58377909,1,2,30.0,0.0
58368740,1,1,70.0,0.0
58353872,1,4,55.0,0.0
58344344,1,33,51.0,19.0
58274544,1,1,85.0,0.0
58266933,1,2,25.0,66.0
58254001,1,17,80.0,129.0
58253835,1,0,70.0,0.0
58237901,1,29,100.0,281.0
58231083,1,2,50.0,0.0
58730304,1,6,140.0,0.0
58680528,1,39,125.0,32.0
58639009,1,11,157.0,0.0
58633574,1,7,75.0,11.0
58631330,1,0,75.0,0.0
58625222,1,0,199.0,0.0
58528354,1,42,85.0,147.0
58523861,1,0,70.0,0.0
58521727,1,0,130.0,17.0
58514808,1,201,171.0,293.0
58503744,1,4,65.0,0.0
58484199,1,1,98.0,158.0
58477936,1,48,75.0,169.0
58467654,1,3,90.0,0.0
58437137,1,10,199.0,0.0
58405281,1,1,75.0,0.0
58956100,1,0,80.0,61.0
58949132,1,1,150.0,0.0
58943675,1,4,140.0,0.0
58931360,1,6,250.0,0.0
58929651,1,0,800.0,0.0
58905707,1,14,225.0,0.0
58884411,1,0,25.0,0.0
58877492,1,0,190.0,0.0
58857346,1,19,95.0,85.0
58857198,1,54,100.0,0.0
58847382,1,1,125.0,0.0
58779931,1,7,250.0,0.0
58773420,1,4,80.0,0.0
58762277,1,0,69.0,57.0
58753715,1,5,70.0,0.0
58735878,1,1,40.0,0.0
59089761,1,0,55.0,87.0
59075666,1,11,50.0,0.0
59074471,1,16,76.0,0.0
59073470,1,4,375.0,208.0
59070885,1,5,39.0,0.0
59066199,1,5,125.0,88.0
59059294,1,7,65.0,0.0
59045042,1,7,55.0,0.0
59032240,1,4,165.0,13.0
59026607,1,7,72.0,0.0
59018284,1,5,28.0,0.0
59011845,1,0,600.0,83.0
59007500,1,4,85.0,0.0
58994794,1,3,72.0,311.0
58964906,1,1,50.0,0.0
58956219,1,8,60.0,80.0
59282130,1,22,250.0,165.0
59281169,1,29,300.0,39.0
59268420,1,1,100.0,365.0
59240650,1,5,75.0,0.0
59215650,1,0,75.0,0.0
59204717,1,3,87.0,0.0
59188298,1,0,75.0,144.0
59181407,1,0,129.0,306.0
59163247,1,92,233.0,219.0
59117179,1,48,110.0,342.0
59111337,1,3,42.0,0.0
59105771,1,5,140.0,8.0
59101644,1,29,135.0,82.0
59095370,1,1,250.0,0.0
59093909,1,3,45.0,0.0
59089906,1,21,139.0,344.0
1181122,1,11,174.0,0.0
1180631,1,0,200.0,66.0
1180190,1,17,450.0,365.0
1180050,1,2,200.0,0.0
1179779,1,0,119.0,58.0
1177947,1,76,75.0,278.0
1177400,1,3,175.0,0.0
1177128,1,9,125.0,0.0
1176165,1,4,145.0,0.0
1175504,1,2,120.0,0.0
1174963,1,12,158.0,0.0
1173652,1,74,80.0,210.0
1173599,1,3,125.0,0.0
59345189,1,55,43.0,0.0
59338077,1,2,45.0,0.0
59333822,1,0,75.0,356.0
59477827,1,0,195.0,0.0
59473349,1,37,70.0,263.0
59470806,1,10,135.0,26.0
59463190,1,12,350.0,89.0
59459840,1,4,95.0,88.0
59411033,1,2,85.0,7.0
59407939,1,5,89.0,364.0
59394680,1,0,130.0,0.0
59392910,1,4,108.0,113.0
59392167,1,0,55.0,69.0
59385671,1,0,54.0,0.0
59377513,1,3,85.0,32.0
59375053,1,2,80.0,0.0
59359620,1,0,125.0,0.0
59346339,1,3,127.0,0.0
1181366,1,0,210.0,0.0
59583716,1,1,90.0,8.0
59575555,1,2,75.0,0.0
59559158,1,30,375.0,38.0
59553953,1,0,149.0,39.0
59552219,1,2,160.0,0.0
59521234,1,0,120.0,14.0
59518759,1,2,90.0,0.0
59514172,1,35,120.0,356.0
59513442,1,0,88.0,33.0
59509831,1,3,150.0,35.0
59505164,1,74,59.0,85.0
59503891,1,1,100.0,0.0
59499901,1,1,200.0,0.0
59493714,1,0,109.0,0.0
59489089,1,6,200.0,0.0
59488330,1,21,40.0,185.0
59765638,1,16,125.0,123.0
59764159,1,1,55.0,0.0
59756933,1,1,60.0,0.0
59749141,1,61,165.0,59.0
59749036,1,93,245.0,201.0
59746634,1,0,65.0,0.0
59742433,1,2,80.0,66.0
59654765,1,3,30.0,0.0
59642348,1,9,95.0,106.0
59627203,1,2,125.0,0.0
59625377,1,24,225.0,42.0
59616570,1,0,55.0,189.0
59614258,1,47,147.0,0.0
59609062,1,0,60.0,0.0
59595517,1,106,83.0,201.0
59591371,1,48,89.0,15.0
59909443,1,5,75.0,145.0
59906749,1,6,119.0,0.0
59905183,1,2,249.0,177.0
59900881,1,37,100.0,0.0
59886126,1,63,95.0,101.0
59884496,1,8,270.0,0.0
59880594,1,18,98.0,209.0
59875550,1,1,50.0,0.0
59860568,1,0,75.0,0.0
59849677,1,77,100.0,235.0
59839625,1,48,105.0,13.0
59799262,1,2,150.0,0.0
59795431,1,70,60.0,283.0
59794802,1,0,150.0,51.0
59788392,1,0,80.0,0.0
59782332,1,4,120.0,0.0
60022283,1,16,116.0,0.0
60002757,1,3,85.0,0.0
59996301,1,88,120.0,303.0
59980195,1,0,225.0,0.0
59979344,1,0,57.0,0.0
59966705,1,30,71.0,306.0
59962617,1,1,155.0,0.0
59959974,1,41,180.0,120.0
59958998,1,0,80.0,0.0
59954257,1,7,250.0,0.0
59938558,1,4,120.0,0.0
59932595,1,0,45.0,0.0
59922151,1,205,160.0,6.0
59917137,1,1,65.0,0.0
59916586,1,1,45.0,0.0
59913399,1,8,60.0,3.0
60153355,1,8,120.0,189.0
60152095,1,18,132.0,123.0
60146124,1,13,38.0,26.0
60145132,1,1,40.0,88.0
60136891,1,0,590.0,38.0
60133196,1,0,80.0,0.0
60126799,1,0,70.0,0.0
60126047,1,11,40.0,318.0
60117043,1,0,125.0,58.0
60113180,1,1,225.0,221.0
60112093,1,12,200.0,0.0
60102990,1,32,199.0,343.0
60085031,1,9,125.0,0.0
60077920,1,74,175.0,141.0
60077790,1,0,100.0,0.0
60077252,1,67,165.0,74.0
1171707,1,4,60.0,0.0
1171704,1,16,200.0,136.0
1167801,1,79,160.0,133.0
1166833,1,5,45.0,0.0
1164642,1,24,150.0,363.0
1164568,1,3,180.0,0.0
1163720,1,2,40.0,0.0
1163709,1,12,800.0,220.0
1163318,1,195,270.0,270.0
1163315,1,298,104.0,42.0
1159268,1,0,200.0,0.0
1158429,1,2,100.0,59.0
60239797,1,0,100.0,0.0
60235514,1,4,51.0,71.0
60230747,1,2,30.0,0.0
60160069,1,42,190.0,303.0
60404912,1,1,50.0,7.0
60403058,1,2,60.0,0.0
60401178,1,9,619.0,54.0
60380241,1,117,200.0,34.0
60373268,1,30,140.0,122.0
60366482,1,36,110.0,40.0
60365315,1,0,45.0,0.0
60344033,1,0,35.0,0.0
60294559,1,2,75.0,0.0
60293337,1,89,120.0,149.0
60278793,1,96,169.0,39.0
60278094,1,21,100.0,0.0
60275401,1,12,89.0,288.0
60266817,1,91,690.0,169.0
60258049,1,5,42.0,0.0
60246968,1,6,478.0,5.0
60535622,1,0,2100.0,363.0
60525649,1,9,120.0,2.0
60523852,1,2,150.0,0.0
60516459,1,60,280.0,317.0
60511673,1,0,399.0,64.0
60502606,1,0,250.0,0.0
60501531,1,7,79.0,365.0
60500336,1,1,100.0,0.0
60500199,1,71,205.0,331.0
60495305,1,14,100.0,0.0
60494212,1,1,50.0,0.0
60456157,1,0,85.0,365.0
60446325,1,30,54.0,333.0
60441049,1,0,71.0,259.0
60437472,1,32,122.0,84.0
60409176,1,28,600.0,338.0
60736303,1,1,60.0,0.0
60668386,1,3,197.0,2.0
60665255,1,60,175.0,317.0
60658041,1,2,125.0,0.0
60639864,1,16,79.0,0.0
60632753,1,4,80.0,0.0
60628529,1,111,265.0,155.0
60626720,1,2,43.0,0.0
60617592,1,1,50.0,0.0
60615372,1,31,135.0,0.0
60596749,1,5,375.0,0.0
60591318,1,0,185.0,0.0
60557711,1,3,300.0,358.0
60542135,1,60,165.0,278.0
60541281,1,2,95.0,84.0
60539147,1,4,98.0,0.0
60915621,1,88,70.0,55.0
60904698,1,3,75.0,0.0
60839109,1,42,83.0,348.0
60835915,1,14,149.0,30.0
60826656,1,0,500.0,365.0
60821050,1,1,75.0,0.0
60817772,1,1,200.0,0.0
60812510,1,12,49.0,0.0
60811527,1,0,220.0,61.0
60802539,1,0,133.0,0.0
60786164,1,2,76.0,0.0
60758194,1,1,160.0,191.0
60756664,1,33,35.0,337.0
60754157,1,3,225.0,23.0
60753668,1,42,130.0,0.0
60737457,1,23,225.0,109.0
1157099,1,11,75.0,0.0
1156763,1,37,250.0,174.0
1155164,1,4,40.0,2.0
1155050,1,80,299.0,199.0
1155020,1,0,199.0,99.0
1154790,1,0,289.0,0.0
1154016,1,13,135.0,159.0
1153993,1,32,199.0,28.0
1153591,1,24,225.0,189.0
1151987,1,0,160.0,0.0
1151840,1,1,220.0,0.0
1151818,1,26,250.0,0.0
1149419,1,18,149.0,265.0
1147345,1,25,226.0,80.0
60928518,1,25,185.0,17.0
60922011,1,21,120.0,0.0
61086446,1,1,300.0,0.0
61084210,1,10,360.0,206.0
61017447,1,35,100.0,0.0
61009334,1,7,210.0,0.0
61003876,1,3,150.0,0.0
60996330,1,3,175.0,0.0
60995455,1,4,69.0,0.0
60990988,1,198,90.0,39.0
60983246,1,0,103.0,18.0
60975812,1,0,70.0,0.0
60968776,1,27,113.0,37.0
60962117,1,2,45.0,0.0
60946174,1,9,350.0,90.0
60939718,1,1,43.0,0.0
60928872,1,3,150.0,0.0
1157541,1,1,166.0,365.0
61252195,1,0,95.0,0.0
61229318,1,1,40.0,0.0
61187947,1,0,100.0,0.0
61175161,1,1,40.0,0.0
61170181,1,0,75.0,0.0
61169465,1,1,50.0,0.0
61162003,1,1,250.0,13.0
61140228,1,2,75.0,0.0
61127125,1,5,170.0,66.0
61116037,1,30,550.0,72.0
61107296,1,3,65.0,0.0
61105987,1,7,90.0,5.0
61100797,1,23,180.0,2.0
61099962,1,0,50.0,0.0
61090067,1,33,180.0,35.0
61088024,1,0,75.0,0.0
61532697,1,0,359.0,0.0
61524907,1,6,120.0,0.0
61524764,1,20,199.0,49.0
61420312,1,25,75.0,271.0
61394859,1,0,50.0,0.0
61393656,1,65,73.0,3.0
61330869,1,6,95.0,0.0
61308650,1,51,29.0,16.0
61303786,1,1,60.0,0.0
61297139,1,14,135.0,355.0
61295963,1,1,300.0,188.0
61292168,1,86,150.0,226.0
61278683,1,6,120.0,16.0
61278632,1,3,50.0,7.0
61265293,1,27,55.0,48.0
61256671,1,4,290.0,75.0
61689461,1,2,55.0,0.0
61688262,1,12,60.0,341.0
61685550,1,3,120.0,0.0
61684829,1,2,250.0,0.0
61684714,1,0,26.0,0.0
61678511,1,100,55.0,11.0
61675294,1,15,61.0,0.0
61673952,1,108,105.0,320.0
61601937,1,7,40.0,0.0
61601216,1,11,80.0,0.0
61586251,1,3,165.0,12.0
61585786,1,103,65.0,11.0
61585315,1,3,75.0,0.0
61560050,1,2,55.0,0.0
61553719,1,39,85.0,190.0
61545139,1,3,100.0,250.0
1144452,1,8,12.0,37.0
1144415,1,142,146.0,166.0
1143620,1,1,229.0,0.0
1143503,1,1,145.0,0.0
1143151,1,23,165.0,0.0
1142553,1,5,189.0,0.0
1141610,1,0,250.0,0.0
1139574,1,33,100.0,84.0
1139222,1,18,220.0,0.0
1137079,1,76,60.0,234.0
1136842,1,3,225.0,44.0
1135032,1,1,55.0,5.0
61800014,1,144,140.0,98.0
61786922,1,4,62.0,5.0
61784887,1,0,250.0,46.0
61719199,1,4,275.0,0.0
61962183,1,0,30.0,0.0
61950433,1,0,75.0,0.0
61945871,1,15,85.0,330.0
61940591,1,14,120.0,147.0
61938683,1,0,350.0,0.0
61925777,1,5,75.0,0.0
61924400,1,5,379.0,219.0
61886746,1,0,200.0,0.0
61882349,1,2,93.0,0.0
61863502,1,1,119.0,0.0
61862775,1,2,154.0,0.0
61851697,1,0,165.0,273.0
61851470,1,0,52.0,0.0
61849126,1,15,350.0,5.0
1146744,1,22,116.0,335.0
1144721,1,17,275.0,364.0
62058232,1,3,90.0,0.0
62048197,1,2,85.0,0.0
62031986,1,246,333.0,323.0
62028227,1,3,149.0,189.0
62026191,1,67,79.0,78.0
62015880,1,4,119.0,0.0
62014546,1,141,165.0,262.0
62014501,1,9,133.0,21.0
62014210,1,0,700.0,24.0
62001039,1,4,120.0,0.0
61993016,1,0,150.0,11.0
61990664,1,2,190.0,300.0
61989330,1,2,51.0,0.0
61981690,1,18,189.0,21.0
61980894,1,7,54.0,90.0
61972032,1,169,186.0,0.0
62249912,1,39,115.0,3.0
62241191,1,0,85.0,6.0
62234273,1,35,100.0,283.0
62225580,1,0,225.0,0.0
62192916,1,20,120.0,34.0
62187386,1,9,45.0,10.0
62183764,1,0,115.0,0.0
62176119,1,15,250.0,57.0
62154352,1,0,150.0,40.0
62149112,1,3,65.0,0.0
62130666,1,110,225.0,124.0
62127615,1,2,48.0,0.0
62126843,1,1,60.0,0.0
62103724,1,51,399.0,336.0
62100691,1,11,140.0,8.0
62068432,1,2,80.0,31.0
62345719,1,5,44.0,0.0
62335395,1,0,360.0,0.0
62330502,1,6,50.0,0.0
62320186,1,46,190.0,323.0
62317991,1,34,350.0,344.0
62316222,1,51,595.0,347.0
62316080,1,181,84.0,282.0
62307584,1,3,67.0,179.0
62305875,1,1,107.0,53.0
62298504,1,2,45.0,0.0
62289627,1,1,100.0,23.0
62287125,1,0,110.0,0.0
62285182,1,17,117.0,0.0
62271274,1,1,220.0,10.0
62258958,1,27,80.0,95.0
62256292,1,91,125.0,78.0
62608664,1,34,274.0,315.0
62604251,1,0,45.0,0.0
62589092,1,26,53.0,1.0
62588398,1,54,70.0,40.0
62563056,1,0,305.0,124.0
62560525,1,2,134.0,26.0
62542300,1,141,140.0,268.0
62530335,1,0,110.0,0.0
62475681,1,0,90.0,365.0
62466366,1,12,625.0,130.0
62466309,1,1,50.0,34.0
62436749,1,0,295.0,270.0
62413233,1,9,135.0,0.0
62409721,1,0,75.0,0.0
62398329,1,0,90.0,0.0
62359474,1,104,125.0,5.0
62745867,1,3,146.0,353.0
62716661,1,0,69.0,0.0
62710779,1,1,89.0,0.0
62706408,1,0,80.0,0.0
62701284,1,43,155.0,239.0
62685348,1,0,400.0,0.0
62685070,1,0,10.0,0.0
62680545,1,2,175.0,4.0
62664257,1,0,450.0,365.0
62660832,1,42,150.0,117.0
62644193,1,0,70.0,157.0
62641421,1,8,125.0,0.0
62641345,1,83,199.0,37.0
62639334,1,7,60.0,0.0
62635426,1,2,50.0,0.0
62634797,1,102,95.0,138.0
62869020,1,2,120.0,0.0
62857588,1,1,35.0,0.0
62852022,1,9,200.0,0.0
62850827,1,3,165.0,365.0
62850707,1,154,200.0,51.0
62836981,1,9,299.0,354.0
62829649,1,136,275.0,170.0
62828813,1,47,69.0,217.0
62805890,1,15,99.0,167.0
62792657,1,6,350.0,0.0
62792050,1,6,65.0,0.0
62785237,1,95,138.0,71.0
62784258,1,0,50.0,21.0
62777136,1,0,119.0,0.0
62776991,1,3,60.0,0.0
62763569,1,0,99.0,14.0
1134635,1,1,150.0,0.0
1134155,1,0,150.0,33.0
1133299,1,24,168.0,30.0
1132207,1,7,250.0,35.0
1132004,1,2,125.0,0.0
1131394,1,4,240.0,0.0
1131081,1,13,200.0,0.0
1130454,1,16,380.0,0.0
1129218,1,19,80.0,285.0
1126015,1,3,150.0,7.0
1124797,1,82,110.0,15.0
1121193,1,7,100.0,241.0
1121064,1,18,499.0,356.0
1120651,1,10,118.0,0.0
1120455,1,0,150.0,0.0
62888101,1,32,69.0,86.0
63116168,1,1,105.0,38.0
63098538,1,0,175.0,0.0
63097249,1,19,165.0,0.0
63097027,1,4,150.0,0.0
63056614,1,40,65.0,123.0
63026371,1,0,55.0,0.0
63010844,1,0,46.0,0.0
63006814,1,67,139.0,75.0
63002307,1,0,65.0,0.0
62978797,1,4,86.0,365.0
62974212,1,10,135.0,88.0
62971703,1,78,154.0,17.0
62968595,1,0,130.0,0.0
62954830,1,9,90.0,144.0
62939516,1,5,65.0,0.0
62915940,1,9,35.0,0.0
63294576,1,3,195.0,0.0
63291733,1,43,81.0,309.0
63289810,1,70,295.0,292.0
63269523,1,1,140.0,0.0
63266842,1,57,138.0,1.0
63260432,1,15,179.0,0.0
63260355,1,2,80.0,0.0
63256824,1,2,80.0,0.0
63238467,1,79,180.0,211.0
63236560,1,3,110.0,321.0
63235915,1,1,61.0,0.0
63227509,1,0,60.0,41.0
63199008,1,1,39.0,0.0
63189852,1,3,50.0,0.0
63160119,1,13,75.0,74.0
63157598,1,6,175.0,157.0
63474828,1,2,185.0,337.0
63419128,1,2,120.0,0.0
63411066,1,11,70.0,0.0
63409074,1,7,60.0,126.0
63408461,1,102,100.0,213.0
63407204,1,42,650.0,335.0
63393629,1,15,700.0,302.0
63393553,1,2,577.0,273.0
63389796,1,5,150.0,79.0
63365572,1,143,154.0,269.0
63361875,1,6,75.0,0.0
63356650,1,0,60.0,38.0
63343926,1,65,94.0,6.0
63338955,1,4,200.0,0.0
63336737,1,3,50.0,0.0
63300613,1,13,125.0,126.0
63720469,1,0,30.0,0.0
63702305,1,72,500.0,330.0
63671528,1,1,40.0,0.0
63659318,1,17,125.0,70.0
63640163,1,22,107.0,339.0
63623329,1,5,60.0,0.0
63600861,1,50,90.0,7.0
63554174,1,4,115.0,133.0
63544192,1,2,60.0,0.0
63541445,1,6,180.0,119.0
63513465,1,0,70.0,314.0
63510347,1,0,173.0,0.0
63506844,1,121,119.0,280.0
63499716,1,130,175.0,53.0
63494345,1,88,170.0,65.0
63492343,1,0,1050.0,365.0
63935825,1,4,78.0,0.0
63935474,1,4,35.0,0.0
63929490,1,18,100.0,45.0
63928471,1,6,40.0,0.0
63914230,1,1,76.0,0.0
63903815,1,0,220.0,0.0
63875726,1,0,215.0,51.0
63834432,1,1,58.0,0.0
63834320,1,8,65.0,19.0
63801339,1,8,32.0,0.0
63800453,1,6,85.0,0.0
63790926,1,4,50.0,349.0
63772058,1,0,100.0,0.0
63771415,1,35,175.0,0.0
63755360,1,72,133.0,0.0
63746890,1,92,100.0,4.0
1119739,1,11,125.0,0.0
1119058,1,17,100.0,0.0
1118139,1,0,300.0,0.0
1116256,1,1,78.0,6.0
1115741,1,6,130.0,8.0
1112829,1,1,40.0,0.0
1110299,1,3,120.0,40.0
1110208,1,9,100.0,0.0
1110017,1,2,149.0,0.0
1109658,1,2,80.0,158.0
1109143,1,1,100.0,6.0
1106804,1,2,250.0,358.0
63952962,1,5,81.0,0.0
63943922,1,4,35.0,0.0
63941116,1,3,199.0,324.0
63940105,1,59,800.0,263.0
64076428,1,7,110.0,38.0
64062688,1,4,44.0,0.0
64060155,1,0,80.0,0.0
64052858,1,54,999.0,58.0
64042146,1,2,33.0,0.0
64040975,1,1,90.0,16.0
64027912,1,0,106.0,0.0
64024615,1,4,235.0,171.0
63986235,1,3,75.0,0.0
63966927,1,5,50.0,188.0
63965653,1,2,75.0,0.0
63959641,1,16,100.0,134.0
63956486,1,2,40.0,0.0
63954950,1,4,180.0,0.0
63953718,1,3,69.0,0.0
1120027,1,11,200.0,11.0
64194344,1,0,55.0,0.0
64185868,1,1,50.0,32.0
64182621,1,0,99.0,0.0
64177548,1,65,135.0,25.0
64172780,1,7,50.0,40.0
64170911,1,79,150.0,267.0
64170751,1,5,49.0,0.0
64161144,1,9,100.0,0.0
64156488,1,3,90.0,0.0
64116761,1,0,100.0,0.0
64109887,1,0,38.0,0.0
64106093,1,11,150.0,217.0
64098159,1,0,300.0,36.0
64097192,1,28,150.0,0.0
64097020,1,38,50.0,0.0
64091336,1,12,120.0,0.0
64434732,1,2,115.0,89.0
64433748,1,19,65.0,208.0
64426364,1,6,48.0,0.0
64425305,1,3,75.0,129.0
64411228,1,25,64.0,0.0
64401976,1,76,90.0,248.0
64355945,1,32,70.0,89.0
64351850,1,10,168.0,0.0
64350843,1,7,105.0,29.0
64336536,1,0,95.0,0.0
64327344,1,38,115.0,0.0
64318524,1,1,65.0,0.0
64222121,1,0,450.0,160.0
64213111,1,0,50.0,0.0
64206316,1,28,49.0,0.0
64205687,1,126,69.0,163.0
64578817,1,15,125.0,0.0
64576222,1,0,175.0,0.0
64571012,1,1,50.0,0.0
64568425,1,0,80.0,0.0
64561100,1,98,72.0,204.0
64542737,1,10,175.0,292.0
64540550,1,10,31.0,0.0
64534798,1,2,90.0,0.0
64528384,1,0,150.0,0.0
64487276,1,4,359.0,193.0
64476314,1,9,101.0,0.0
64454893,1,11,999.0,164.0
64453478,1,78,225.0,80.0
64444742,1,21,60.0,364.0
64442357,1,2,200.0,0.0
64440476,1,7,55.0,0.0
64777265,1,1,75.0,363.0
64765550,1,4,140.0,0.0
64748382,1,61,70.0,190.0
64689615,1,0,250.0,4.0
64678583,1,0,500.0,358.0
64676041,1,88,149.0,326.0
64675514,1,1,65.0,0.0
64674589,1,8,140.0,7.0
64673584,1,5,200.0,1.0
64663067,1,17,250.0,71.0
64660747,1,2,300.0,108.0
64652921,1,0,91.0,0.0
64632152,1,19,1000.0,349.0
64626614,1,36,200.0,321.0
64610450,1,10,63.0,0.0
64583317,1,3,43.0,5.0
1106592,1,0,600.0,0.0
1104814,1,5,150.0,0.0
1104548,1,28,225.0,0.0
1103465,1,35,145.0,31.0
1103289,1,4,94.0,11.0
1103252,1,104,130.0,146.0
1100659,1,107,49.0,340.0
1100212,1,1,150.0,26.0
1099716,1,108,85.0,0.0
1099464,1,1,133.0,50.0
64825520,1,8,200.0,177.0
64821734,1,16,150.0,35.0
64791940,1,9,35.0,0.0
64790109,1,1,50.0,72.0
64783050,1,4,55.0,1.0
64780571,1,2,60.0,0.0
64964534,1,141,160.0,90.0
64963967,1,0,44.0,0.0
64960623,1,0,85.0,0.0
64960421,1,6,120.0,8.0
64948443,1,106,82.0,39.0
64934891,1,0,70.0,0.0
64932133,1,0,40.0,0.0
64930464,1,181,126.0,182.0
64921358,1,1,65.0,0.0
64916208,1,55,206.0,0.0
64892392,1,5,95.0,5.0
64887490,1,86,80.0,115.0
64846981,1,6,90.0,358.0
64839278,1,29,120.0,0.0
64837680,1,1,60.0,0.0
64837317,1,128,225.0,218.0
65119217,1,1,200.0,363.0
65112370,1,1,90.0,0.0
65098342,1,4,225.0,1.0
65096495,1,35,225.0,364.0
65093286,1,12,49.0,0.0
65092392,1,72,65.0,179.0
65068375,1,1,37.0,0.0
65062170,1,1,80.0,0.0
65061161,1,2,77.0,0.0
65059624,1,118,50.0,4.0
65057965,1,10,85.0,306.0
65046976,1,1,88.0,0.0
64976141,1,142,125.0,185.0
64971854,1,8,160.0,0.0
64969440,1,2,75.0,160.0
64967307,1,0,78.0,0.0
65344210,1,0,34.0,0.0
65339610,1,0,200.0,83.0
65304194,1,117,85.0,18.0
65302026,1,0,35.0,0.0
65294078,1,12,279.0,0.0
65292898,1,0,75.0,0.0
65284316,1,3,120.0,0.0
65258155,1,9,30.0,0.0
65252597,1,1,45.0,0.0
65232368,1,49,99.0,247.0
65227208,1,52,495.0,285.0
65217454,1,16,60.0,4.0
65183994,1,20,77.0,52.0
65178149,1,6,650.0,0.0
65147357,1,15,80.0,0.0
65143341,1,186,139.0,230.0
65527002,1,60,90.0,188.0
65498336,1,41,199.0,228.0
65493699,1,3,143.0,0.0
65482154,1,4,299.0,318.0
65476654,1,27,84.0,0.0
65459567,1,0,26.0,0.0
65421561,1,24,300.0,162.0
65415391,1,0,100.0,0.0
65411833,1,0,50.0,0.0
65402364,1,0,200.0,0.0
65390606,1,1,150.0,0.0
65388010,1,0,560.0,337.0
65361160,1,29,175.0,55.0
65356318,1,37,125.0,0.0
65354277,1,5,45.0,0.0
65346107,1,1,170.0,4.0
65667120,1,123,265.0,285.0
65659872,1,0,60.0,0.0
65653322,1,2,97.0,0.0
65652567,1,156,125.0,263.0
65639106,1,2,155.0,0.0
65633521,1,9,100.0,0.0
65631015,1,2,75.0,33.0
65625445,1,15,350.0,365.0
65621401,1,7,49.0,341.0
65613634,1,13,400.0,278.0
65609488,1,1,650.0,0.0
65598016,1,136,60.0,346.0
65595344,1,3,65.0,0.0
65590212,1,16,150.0,0.0
65574027,1,0,370.0,15.0
65562107,1,13,1200.0,347.0
65801035,1,2,180.0,254.0
65797727,1,0,300.0,0.0
65786525,1,0,65.0,0.0
65786143,1,11,90.0,83.0
65776450,1,0,150.0,0.0
65770853,1,1,55.0,11.0
65767720,1,0,42.0,16.0
65760387,1,43,99.0,0.0
65757870,1,0,200.0,0.0
65744549,1,18,254.0,0.0
65727695,1,2,120.0,0.0
65692858,1,17,150.0,188.0
65690091,1,0,185.0,0.0
65674570,1,6,189.0,0.0
65672074,1,1,135.0,21.0
65670239,1,44,215.0,279.0
65903420,1,43,139.0,68.0
65887955,1,0,69.0,73.0
65884381,1,7,75.0,0.0
65884218,1,5,275.0,12.0
65875353,1,0,40.0,0.0
65846751,1,2,25.0,0.0
65832104,1,4,85.0,282.0
65830935,1,0,1000.0,0.0
65826607,1,2,90.0,0.0
65825355,1,0,99.0,0.0
65824474,1,2,118.0,0.0
65820457,1,0,25.0,0.0
65814872,1,0,250.0,90.0
65811347,1,2,220.0,365.0
65806798,1,0,100.0,365.0
65802264,1,14,50.0,0.0
66111674,1,15,75.0,0.0
66096509,1,14,300.0,179.0
66089191,1,2,50.0,0.0
66064924,1,50,99.0,180.0
66060459,1,5,120.0,0.0
66058896,1,0,40.0,31.0
66051630,1,80,325.0,92.0
66051549,1,1,105.0,0.0
66041795,1,2,55.0,0.0
65979198,1,3,109.0,0.0
65971028,1,2,125.0,0.0
65968828,1,87,87.0,260.0
65960619,1,0,160.0,14.0
65942440,1,0,50.0,0.0
65933105,1,4,254.0,0.0
65929049,1,2,799.0,343.0
1098809,1,41,200.0,1.0
1097753,1,34,125.0,178.0
1096084,1,9,100.0,0.0
1094833,1,0,110.0,0.0
1094258,1,1,90.0,118.0
1094178,1,179,230.0,44.0
1093167,1,3,150.0,95.0
1092203,1,12,150.0,0.0
1091875,1,126,95.0,39.0
1091832,1,15,120.0,61.0
1090764,1,27,99.0,189.0
1090021,1,0,100.0,51.0
1040374,1,4,250.0,0.0
1039519,1,5,165.0,0.0
66132548,1,8,36.0,192.0
66114992,1,0,55.0,0.0
66404497,1,0,250.0,12.0
66386802,1,21,78.0,30.0
66375835,1,0,125.0,89.0
66294381,1,0,45.0,0.0
66271966,1,4,97.0,0.0
66266373,1,8,150.0,15.0
66260832,1,0,50.0,0.0
66240032,1,0,6000.0,0.0
66240027,1,2,40.0,0.0
66234873,1,62,50.0,12.0
66230837,1,27,850.0,344.0
66215286,1,0,75.0,0.0
66196101,1,6,95.0,0.0
66191982,1,3,50.0,0.0
66182162,1,3,165.0,0.0
66173032,1,0,160.0,0.0
66604973,1,0,150.0,0.0
66602200,1,131,100.0,126.0
66574216,1,122,65.0,86.0
66566329,1,29,199.0,174.0
66556483,1,0,80.0,0.0
66519807,1,0,60.0,0.0
66513544,1,3,49.0,291.0
66501870,1,132,139.0,154.0
66495651,1,0,100.0,302.0
66486652,1,0,242.0,17.0
66484647,1,110,165.0,222.0
66473223,1,1,110.0,0.0
66472428,1,1,165.0,0.0
66469868,1,46,65.0,72.0
66462141,1,3,47.0,0.0
66440767,1,22,39.0,360.0
66807235,1,0,60.0,90.0
66798529,1,0,70.0,365.0
66797339,1,1,250.0,0.0
66787512,1,7,45.0,0.0
66786569,1,5,62.0,0.0
66757117,1,1,150.0,0.0
66754355,1,1,45.0,0.0
66744930,1,18,122.0,61.0
66744439,1,0,200.0,0.0
66740918,1,0,125.0,83.0
66734347,1,2,150.0,0.0
66711742,1,8,235.0,21.0
66711185,1,1,63.0,0.0
66649328,1,0,45.0,0.0
66640174,1,49,525.0,314.0
66614646,1,1,80.0,0.0
1036179,1,4,225.0,11.0
1033829,1,5,150.0,0.0
1033792,1,2,80.0,0.0
1031148,1,258,50.0,287.0
1030526,1,0,95.0,0.0
1030249,1,10,185.0,125.0
1029090,1,10,181.0,0.0
1027417,1,5,350.0,22.0
1027283,1,33,50.0,20.0
66904643,1,14,180.0,90.0
66865625,1,12,60.0,0.0
66835858,1,30,60.0,42.0
66830803,1,4,51.0,0.0
66823224,1,111,80.0,42.0
66810906,1,32,235.0,322.0
66808561,1,6,60.0,0.0
67048974,1,33,48.0,47.0
67046604,1,0,60.0,53.0
67045498,1,38,215.0,77.0
67043358,1,0,70.0,0.0
66981456,1,35,99.0,59.0
66977773,1,0,197.0,0.0
66961768,1,9,30.0,0.0
66961444,1,74,50.0,310.0
66960766,1,75,57.0,242.0
66941336,1,6,50.0,2.0
66919869,1,12,325.0,6.0
66915031,1,55,65.0,5.0
66913051,1,4,160.0,49.0
1038645,1,5,140.0,0.0
1036697,1,21,89.0,30.0
1036617,1,27,180.0,312.0
67223829,1,13,155.0,285.0
67213712,1,118,400.0,265.0
67211684,1,14,190.0,0.0
67191518,1,8,250.0,156.0
67186748,1,4,250.0,365.0
67176930,1,2,450.0,99.0
67132329,1,19,145.0,42.0
67130668,1,46,45.0,174.0
67127998,1,3,69.0,0.0
67126282,1,4,80.0,0.0
67105547,1,32,62.0,0.0
67097911,1,7,300.0,0.0
67073298,1,131,140.0,111.0
67072838,1,48,160.0,327.0
67063688,1,68,150.0,319.0
67054959,1,4,100.0,56.0
67359538,1,28,180.0,0.0
67345821,1,29,33.0,19.0
67341852,1,1,100.0,0.0
67336825,1,2,105.0,0.0
67332509,1,3,99.0,0.0
67311188,1,1,150.0,0.0
67302443,1,0,50.0,314.0
67280917,1,14,100.0,36.0
67274316,1,30,175.0,73.0
67271745,1,1,55.0,0.0
67268840,1,47,150.0,76.0
67265708,1,0,110.0,89.0
67252331,1,16,179.0,1.0
67249971,1,0,900.0,355.0
67226812,1,89,95.0,0.0
67223979,1,164,199.0,340.0
67516962,1,2,125.0,9.0
67493763,1,4,82.0,0.0
67480949,1,28,105.0,113.0
67471774,1,0,150.0,0.0
67469354,1,78,66.0,55.0
67449621,1,2,146.0,24.0
67439911,1,3,110.0,6.0
67433858,1,0,130.0,38.0
67396790,1,9,54.0,0.0
67395042,1,46,70.0,66.0
67391192,1,9,50.0,4.0
67384934,1,4,75.0,5.0
67375976,1,0,180.0,0.0
67375050,1,0,50.0,0.0
67373899,1,25,100.0,108.0
67373452,1,6,50.0,128.0
67758079,1,1,100.0,0.0
67754093,1,0,135.0,0.0
67753773,1,6,40.0,0.0
67739226,1,0,50.0,0.0
67727548,1,9,150.0,1.0
67677095,1,1,40.0,0.0
67674810,1,4,175.0,0.0
67670026,1,0,85.0,17.0
67665882,1,0,130.0,0.0
67661003,1,26,55.0,75.0
67658340,1,17,70.0,27.0
67641348,1,17,56.0,0.0
67640934,1,34,60.0,0.0
67619393,1,30,37.0,48.0
67610438,1,5,82.0,19.0
67609111,1,0,80.0,0.0
67974923,1,15,110.0,19.0
67961258,1,14,67.0,0.0
67958710,1,0,100.0,0.0
67931669,1,0,45.0,0.0
67925153,1,8,45.0,0.0
67923313,1,5,90.0,18.0
67915061,1,20,80.0,28.0
67913256,1,5,75.0,55.0
67895564,1,3,100.0,0.0
67884746,1,172,105.0,83.0
67869496,1,0,250.0,0.0
67859646,1,39,75.0,24.0
67803853,1,26,50.0,0.0
67801150,1,2,89.0,33.0
67785571,1,3,140.0,0.0
67781861,1,4,50.0,35.0
1026622,1,1,116.0,0.0
1025745,1,30,595.0,332.0
1024355,1,14,185.0,0.0
1024251,1,21,170.0,9.0
1023985,1,2,80.0,0.0
1022166,1,6,65.0,35.0
1022070,1,6,250.0,0.0
1021834,1,0,100.0,0.0
1021134,1,1,60.0,0.0
1021060,1,133,145.0,277.0
1020828,1,1,150.0,0.0
1020357,1,20,60.0,6.0
1020326,1,1,150.0,0.0
1019963,1,17,223.0,310.0
1019170,1,81,175.0,0.0
67986867,1,4,235.0,0.0
68139079,1,0,50.0,0.0
68138404,1,50,60.0,240.0
68128762,1,0,170.0,220.0
68123997,1,43,60.0,90.0
68119814,1,0,90.0,23.0
68112758,1,7,237.0,0.0
68094755,1,98,98.0,278.0
68082818,1,1,50.0,0.0
68074387,1,6,125.0,0.0
68070597,1,0,80.0,0.0
68039772,1,1,55.0,15.0
68017798,1,0,44.0,0.0
68014876,1,36,399.0,201.0
68013836,1,3,35.0,0.0
68011294,1,4,70.0,61.0
67992400,1,1,50.0,0.0
68309691,1,229,99.0,7.0
68302204,1,4,100.0,0.0
68296703,1,3,78.0,17.0
68287582,1,16,120.0,0.0
68276808,1,10,50.0,0.0
68275154,1,2,200.0,0.0
68274298,1,15,226.0,0.0
68271069,1,5,800.0,68.0
68267774,1,1,47.0,90.0
68252461,1,108,165.0,298.0
68240110,1,4,800.0,357.0
68234238,1,2,100.0,0.0
68233913,1,107,100.0,77.0
68198631,1,4,860.0,23.0
68170006,1,2,54.0,0.0
68145886,1,75,209.0,8.0
68538563,1,8,41.0,0.0
68472942,1,3,175.0,364.0
68467026,1,1,70.0,282.0
68454791,1,6,55.0,79.0
68432448,1,24,50.0,20.0
68422715,1,5,94.0,1.0
68404305,1,47,65.0,300.0
68398714,1,1,175.0,83.0
68397685,1,12,39.0,0.0
68388626,1,4,120.0,0.0
68358695,1,0,285.0,0.0
68350188,1,10,99.0,0.0
68327820,1,13,97.0,23.0
68322243,1,3,154.0,0.0
68321431,1,6,30.0,0.0
68315940,1,0,302.0,179.0
68729762,1,2,150.0,0.0
68729548,1,0,100.0,0.0
68724048,1,3,35.0,0.0
68719139,1,4,40.0,0.0
68717996,1,11,87.0,46.0
68714722,1,4,166.0,0.0
68684053,1,1,40.0,0.0
68600221,1,2,54.0,0.0
68585649,1,0,30.0,0.0
68561893,1,0,225.0,151.0
68556398,1,0,65.0,0.0
68554866,1,27,125.0,41.0
68551886,1,0,25.0,0.0
68550512,1,39,135.0,21.0
68547639,1,0,100.0,0.0
68544687,1,3,199.0,0.0
68927337,1,1,50.0,179.0
68915153,1,6,60.0,0.0
68909853,1,53,80.0,364.0
68878222,1,0,215.0,0.0
68869481,1,3,180.0,5.0
68862521,1,0,150.0,88.0
68852295,1,0,50.0,0.0
68832366,1,4,100.0,191.0
68822704,1,1,60.0,0.0
68771036,1,63,100.0,33.0
68769040,1,1,980.0,90.0
68760676,1,1,44.0,0.0
68746033,1,2,80.0,0.0
68740200,1,8,34.0,58.0
68735532,1,30,136.0,0.0
68733807,1,6,80.0,0.0
69095594,1,3,139.0,74.0
69093720,1,18,92.0,341.0
69063239,1,3,125.0,0.0
69054780,1,3,55.0,0.0
69050011,1,16,300.0,0.0
69034515,1,0,80.0,0.0
69029231,1,89,95.0,259.0
69021484,1,120,139.0,52.0
69006953,1,0,280.0,0.0
69001602,1,6,48.0,0.0
68992648,1,47,53.0,0.0
68959402,1,8,70.0,141.0
68945394,1,1,30.0,0.0
68930822,1,13,150.0,61.0
68930733,1,0,60.0,0.0
68929870,1,0,69.0,0.0
1017772,1,1,55.0,56.0
1017473,1,31,195.0,263.0
1017231,1,8,125.0,1.0
1016005,1,17,90.0,158.0
1015883,1,7,125.0,156.0
1015345,1,4,400.0,3.0
1014639,1,4,157.0,0.0
1014484,1,3,189.0,0.0
1013329,1,15,142.0,118.0
1013131,1,297,179.0,205.0
1012895,1,19,55.0,311.0
1012691,1,87,120.0,263.0
1012628,1,0,150.0,0.0
1011426,1,55,41.0,286.0
69108572,1,0,150.0,0.0
69108319,1,0,115.0,0.0
69267322,1,1,60.0,0.0
69258420,1,18,135.0,363.0
69255438,1,1,180.0,0.0
69254072,1,0,85.0,0.0
69236458,1,4,60.0,346.0
69232570,1,98,45.0,16.0
69226908,1,15,40.0,90.0
69211977,1,0,36.0,0.0
69210611,1,1,50.0,0.0
69205600,1,0,43.0,0.0
69205338,1,64,219.0,257.0
69203926,1,0,150.0,0.0
69131939,1,25,200.0,352.0
69131589,1,6,140.0,0.0
69124785,1,2,50.0,0.0
69117812,1,105,60.0,347.0
69433039,1,27,85.0,125.0
69427350,1,2,70.0,0.0
69426967,1,1,250.0,0.0
69398683,1,7,175.0,0.0
69391155,1,0,140.0,0.0
69384130,1,1,143.0,0.0
69376422,1,1,40.0,0.0
69366248,1,0,35.0,0.0
69356879,1,0,295.0,300.0
69355658,1,23,90.0,0.0
69339916,1,3,70.0,71.0
69286284,1,57,160.0,31.0
69280122,1,5,60.0,0.0
69276225,1,1,115.0,0.0
69274944,1,32,190.0,53.0
69269694,1,3,70.0,0.0
69563112,1,1,80.0,0.0
69548489,1,92,75.0,265.0
69546772,1,192,89.0,303.0
69545387,1,3,95.0,159.0
69541888,1,1,250.0,0.0
69516382,1,4,200.0,50.0
69507287,1,151,40.0,338.0
69494967,1,18,75.0,52.0
69476664,1,24,136.0,130.0
69469129,1,8,165.0,258.0
69457013,1,0,49.0,0.0
69446151,1,1,90.0,0.0
69446035,1,0,100.0,365.0
69442306,1,1,90.0,0.0
69435907,1,149,50.0,92.0
69433846,1,0,180.0,0.0
1010338,1,39,158.0,0.0
1010242,1,123,145.0,287.0
1008066,1,14,250.0,28.0
1007558,1,330,150.0,111.0
1006421,1,2,120.0,177.0
1005966,1,7,300.0,168.0
1005489,1,2,70.0,89.0
1003394,1,12,110.0,0.0
1002840,1,63,145.0,242.0
1001819,1,11,850.0,45.0
69632344,1,44,100.0,350.0
69613456,1,113,265.0,297.0
69598657,1,115,75.0,37.0
69591507,1,0,85.0,0.0
69578078,1,31,299.0,84.0
69572951,1,0,100.0,0.0
69825290,1,1,150.0,0.0
69794747,1,96,175.0,209.0
69784014,1,10,105.0,0.0
69782291,1,13,120.0,0.0
69776478,1,0,50.0,0.0
69713712,1,1,70.0,342.0
69702850,1,0,195.0,0.0
69695606,1,33,692.0,256.0
69683180,1,0,200.0,3.0
69677082,1,3,35.0,0.0
69668616,1,0,175.0,0.0
69652097,1,5,175.0,0.0
1010940,1,6,240.0,0.0
1010743,1,2,165.0,2.0
1010435,1,4,125.0,1.0
1010344,1,6,200.0,0.0
70026919,1,1,66.0,281.0
70026602,1,18,150.0,0.0
69997531,1,21,82.0,175.0
69992824,1,3,250.0,51.0
69989416,1,54,30.0,64.0
69944410,1,1,100.0,0.0
69891628,1,29,305.0,58.0
69891208,1,5,55.0,0.0
69890625,1,15,89.0,179.0
69885871,1,2,120.0,171.0
69878814,1,5,120.0,1.0
69866875,1,1,100.0,0.0
69866168,1,109,60.0,98.0
69860334,1,1,40.0,0.0
69841552,1,40,150.0,4.0
69831679,1,6,170.0,235.0
70154608,1,17,185.0,15.0
70143818,1,4,80.0,280.0
70120241,1,0,225.0,358.0
70091196,1,53,199.0,99.0
70082670,1,2,92.0,0.0
70082582,1,0,120.0,27.0
70079814,1,4,200.0,0.0
70068899,1,1,165.0,0.0
70065270,1,1,90.0,0.0
70065232,1,1,99.0,0.0
70060476,1,28,98.0,343.0
70055156,1,77,200.0,268.0
70043681,1,50,142.0,278.0
70039705,1,5,100.0,0.0
70035028,1,39,48.0,231.0
70030943,1,2,60.0,0.0
70260514,1,4,45.0,0.0
70251988,1,27,100.0,17.0
70244331,1,198,100.0,269.0
70237937,1,1,80.0,0.0
70236577,1,11,58.0,345.0
70235809,1,0,95.0,0.0
70235067,1,4,34.0,0.0
70230403,1,1,57.0,0.0
70208173,1,6,1000.0,365.0
70198067,1,0,80.0,0.0
70184008,1,2,80.0,189.0
70181692,1,1,399.0,0.0
70178459,1,6,150.0,0.0
70164336,1,9,109.0,0.0
70162513,1,3,52.0,0.0
70155821,1,1,350.0,12.0
70406797,1,0,47.0,31.0
70403406,1,8,75.0,0.0
70397297,1,7,85.0,0.0
70396243,1,104,95.0,81.0
70393914,1,2,58.0,126.0
70382366,1,0,145.0,0.0
70358943,1,0,40.0,0.0
70343342,1,0,99.0,12.0
70342170,1,0,900.0,358.0
70338191,1,50,45.0,3.0
70334862,1,1,86.0,0.0
70333355,1,0,400.0,0.0
70331348,1,2,49.0,0.0
70321716,1,0,150.0,0.0
70307900,1,17,275.0,196.0
70307702,1,36,199.0,293.0
70601471,1,131,148.0,277.0
70594777,1,4,150.0,0.0
70583598,1,1,200.0,0.0
70562577,1,10,125.0,64.0
70543663,1,89,95.0,0.0
70538107,1,0,45.0,16.0
70537782,1,132,105.0,318.0
70528858,1,7,50.0,124.0
70506007,1,16,100.0,38.0
70490424,1,2,900.0,360.0
70431576,1,7,64.0,6.0
70429659,1,78,140.0,321.0
70419222,1,2,180.0,0.0
70418696,1,98,185.0,103.0
70412965,1,9,200.0,140.0
70409953,1,106,480.0,263.0
70724645,1,0,79.0,0.0
70724038,1,16,80.0,0.0
70715527,1,2,191.0,10.0
70713032,1,2,375.0,22.0
70686576,1,1,110.0,0.0
70682660,1,0,143.0,343.0
70671555,1,0,86.0,346.0
70653354,1,0,235.0,349.0
70651602,1,4,50.0,0.0
70646170,1,6,200.0,0.0
70640922,1,6,115.0,0.0
70640302,1,3,50.0,0.0
70638431,1,2,300.0,0.0
70637655,1,1,75.0,0.0
70636634,1,1,220.0,0.0
70619358,1,0,45.0,0.0
70997341,1,26,59.0,0.0
70963475,1,1,110.0,87.0
70932642,1,4,78.0,0.0
70922580,1,0,70.0,0.0
70919459,1,0,60.0,0.0
70915198,1,3,100.0,179.0
70844761,1,7,200.0,1.0
70839024,1,0,500.0,0.0
70828773,1,1,179.0,0.0
70827984,1,63,123.0,67.0
70822653,1,2,55.0,241.0
70804640,1,64,1067.0,32.0
70800114,1,10,64.0,0.0
70773274,1,0,140.0,252.0
70769144,1,1,30.0,0.0
70739054,1,87,170.0,32.0
997947,1,26,85.0,16.0
997334,1,2,300.0,77.0
997124,1,1,35.0,0.0
993817,1,1,250.0,0.0
991380,1,18,230.0,0.0
988788,1,1,79.0,0.0
988350,1,105,190.0,328.0
988088,1,23,154.0,4.0
988069,1,0,249.0,0.0
987621,1,2,80.0,0.0
986623,1,93,129.0,0.0
985926,1,0,75.0,0.0
71093679,1,7,180.0,0.0
71093067,1,8,88.0,0.0
71082276,1,4,295.0,302.0
71012165,1,0,100.0,0.0
71203979,1,0,76.0,0.0
71188543,1,2,46.0,0.0
71176935,1,20,33.0,86.0
71164216,1,13,70.0,361.0
71157443,1,2,90.0,29.0
71152156,1,1,77.0,0.0
71147912,1,3,49.0,0.0
71146310,1,62,99.0,81.0
71142174,1,0,100.0,6.0
71140140,1,1,225.0,0.0
71138930,1,22,98.0,0.0
71126864,1,0,100.0,310.0
1000477,1,8,190.0,0.0
1000278,1,86,190.0,236.0
1000014,1,13,125.0,0.0
999689,1,5,35.0,97.0
71375344,1,9,125.0,245.0
71370032,1,0,80.0,0.0
71360671,1,0,90.0,117.0
71321195,1,0,225.0,0.0
71315006,1,0,2000.0,0.0
71314515,1,15,80.0,64.0
71312760,1,79,78.0,300.0
71308956,1,1,125.0,0.0
71299428,1,3,159.0,0.0
71292398,1,2,50.0,0.0
71241932,1,0,2500.0,90.0
71241926,1,99,125.0,203.0
71224013,1,22,70.0,331.0
71219887,1,10,120.0,4.0
71211336,1,0,299.0,0.0
71211231,1,2,34.0,0.0
71564201,1,58,61.0,0.0
71560458,1,33,151.0,309.0
71552588,1,0,130.0,365.0
71540662,1,3,80.0,0.0
71515912,1,2,145.0,0.0
71499658,1,0,50.0,0.0
71499258,1,2,115.0,4.0
71496163,1,1,91.0,0.0
71490429,1,3,56.0,0.0
71482332,1,31,126.0,0.0
71473447,1,0,225.0,20.0
71473335,1,1,75.0,0.0
71404080,1,1,80.0,187.0
71402091,1,7,90.0,0.0
71382423,1,104,329.0,205.0
71379648,1,7,62.0,0.0
71746226,1,1,65.0,0.0
71742050,1,0,35.0,3.0
71739526,1,0,250.0,0.0
71733378,1,21,175.0,85.0
71730214,1,5,80.0,0.0
71717596,1,50,100.0,40.0
71698853,1,1,100.0,0.0
71679540,1,131,89.0,165.0
71668793,1,7,149.0,299.0
71665510,1,4,200.0,318.0
71663192,1,15,80.0,288.0
71653051,1,2,99.0,63.0
71635863,1,25,65.0,7.0
71630660,1,0,150.0,273.0
71619228,1,0,200.0,178.0
71577601,1,2,250.0,335.0
71968525,1,1,50.0,177.0
71948176,1,0,1000.0,0.0
71878492,1,3,70.0,66.0
71867363,1,7,235.0,0.0
71865037,1,0,49.0,0.0
71864947,1,11,100.0,22.0
71857900,1,0,150.0,0.0
71850281,1,22,50.0,1.0
71849302,1,69,64.0,81.0
71841088,1,0,145.0,0.0
71840935,1,5,55.0,0.0
71838636,1,22,300.0,87.0
71825402,1,4,279.0,0.0
71811779,1,0,250.0,0.0
71754921,1,0,100.0,0.0
71749435,1,37,80.0,28.0
72184742,1,7,35.0,20.0
72168153,1,4,70.0,8.0
72166833,1,0,51.0,13.0
72142281,1,29,200.0,176.0
72101538,1,0,300.0,0.0
72082556,1,0,75.0,42.0
72031522,1,9,60.0,22.0
72029809,1,1,89.0,0.0
72019599,1,70,125.0,132.0
72015600,1,3,60.0,0.0
72015429,1,0,59.0,357.0
72008788,1,107,75.0,279.0
72006801,1,2,120.0,5.0
72001588,1,29,80.0,80.0
71987360,1,4,45.0,0.0
71978141,1,8,190.0,79.0
72390391,1,0,10000.0,83.0
72375507,1,5,78.0,82.0
72366612,1,4,173.0,87.0
72359036,1,5,125.0,0.0
72326431,1,11,100.0,102.0
72315258,1,0,28.0,0.0
72313021,1,50,295.0,77.0
72299995,1,7,65.0,0.0
72296750,1,0,239.0,365.0
72291606,1,25,75.0,155.0
72287701,1,121,175.0,7.0
72280483,1,100,125.0,34.0
72234136,1,11,100.0,124.0
72218656,1,57,199.0,93.0
72205446,1,10,1000.0,310.0
72196680,1,0,50.0,0.0
72542338,1,21,125.0,311.0
72539408,1,0,125.0,0.0
72517332,1,25,399.0,356.0
72513663,1,27,119.0,27.0
72513175,1,8,140.0,89.0
72507521,1,0,190.0,0.0
72496078,1,4,400.0,31.0
72491205,1,0,95.0,0.0
72483475,1,2,50.0,0.0
72470941,1,6,125.0,2.0
72466752,1,16,60.0,42.0
72423116,1,17,100.0,31.0
72410854,1,0,100.0,0.0
72398084,1,0,110.0,0.0
72395034,1,0,125.0,0.0
72392039,1,9,55.0,319.0
72746827,1,8,82.0,172.0
72744910,1,6,65.0,20.0
72715655,1,97,250.0,145.0
72701423,1,5,90.0,0.0
72686340,1,0,136.0,148.0
72684665,1,136,150.0,248.0
72677655,1,11,126.0,0.0
72674364,1,1,240.0,75.0
72660976,1,6,180.0,38.0
72614493,1,10,355.0,75.0
72607058,1,9,85.0,0.0
72596571,1,103,400.0,344.0
72596124,1,202,80.0,143.0
72593389,1,1,60.0,0.0
72581005,1,6,110.0,0.0
72568223,1,12,159.0,0.0
983477,1,9,175.0,0.0
983223,1,1,200.0,0.0
983006,1,2,38.0,0.0
980118,1,7,125.0,0.0
979144,1,102,225.0,33.0
978580,1,0,75.0,0.0
978546,1,12,250.0,0.0
978029,1,0,245.0,0.0
977716,1,2,125.0,0.0
975819,1,0,500.0,0.0
975656,1,11,100.0,0.0
975030,1,36,90.0,253.0
974868,1,28,360.0,128.0
973817,1,0,105.0,0.0
973438,1,273,100.0,254.0
973036,1,45,100.0,251.0
72923241,1,68,109.0,213.0
72918560,1,0,294.0,0.0
72897900,1,7,45.0,0.0
72887012,1,2,90.0,23.0
72882190,1,2,300.0,178.0
72881006,1,2,50.0,0.0
72874879,1,0,700.0,0.0
72874338,1,3,40.0,0.0
72872297,1,67,75.0,11.0
72855892,1,19,115.0,74.0
72839296,1,16,99.0,0.0
72808547,1,22,120.0,0.0
72779585,1,7,105.0,32.0
72770139,1,1,60.0,0.0
72765906,1,112,170.0,262.0
72760017,1,3,200.0,0.0
73128753,1,3,105.0,8.0
73126926,1,205,67.0,140.0
73079322,1,1,45.0,5.0
73069526,1,52,250.0,0.0
73056987,1,0,200.0,114.0
73056979,1,7,55.0,0.0
73046105,1,4,105.0,0.0
73029190,1,0,250.0,174.0
73028890,1,1,50.0,0.0
72977337,1,0,250.0,4.0
72967204,1,49,165.0,64.0
72944476,1,15,100.0,0.0
72938614,1,0,125.0,0.0
72936542,1,1,130.0,0.0
72931015,1,1,206.0,0.0
72923342,1,7,110.0,0.0
73270488,1,39,50.0,15.0
73269245,1,1,55.0,0.0
73262360,1,1,290.0,52.0
73233066,1,0,165.0,0.0
73227676,1,0,158.0,0.0
73227284,1,6,60.0,333.0
73222575,1,6,95.0,12.0
73214623,1,1,100.0,365.0
73212148,1,11,105.0,20.0
73211393,1,0,350.0,364.0
73195328,1,2,69.0,30.0
73190364,1,0,195.0,0.0
73186534,1,53,48.0,242.0
73183897,1,14,70.0,51.0
73179534,1,8,70.0,0.0
73175609,1,32,159.0,0.0
73498715,1,9,74.0,61.0
73459264,1,7,105.0,0.0
73456844,1,8,179.0,102.0
73453515,1,5,150.0,0.0
73447493,1,37,60.0,90.0
73445711,1,37,101.0,170.0
73445541,1,0,75.0,365.0
73406935,1,72,170.0,255.0
73400193,1,141,150.0,299.0
73397630,1,1,160.0,102.0
73377818,1,0,35.0,89.0
73377711,1,1,60.0,0.0
73373504,1,134,180.0,70.0
73369106,1,5,319.0,47.0
73358102,1,76,109.0,4.0
73324719,1,0,126.0,58.0
73632360,1,0,50.0,0.0
73630116,1,15,180.0,122.0
73624239,1,11,120.0,62.0
73618889,1,14,65.0,44.0
73610315,1,14,53.0,0.0
73597988,1,1,135.0,0.0
73592174,1,4,40.0,84.0
73583445,1,136,119.0,17.0
73570025,1,52,110.0,44.0
73561955,1,0,65.0,0.0
73561233,1,0,86.0,0.0
73550526,1,7,195.0,0.0
73550323,1,1,40.0,0.0
73538984,1,12,155.0,0.0
73524680,1,18,60.0,0.0
73505108,1,63,130.0,34.0
970831,1,80,195.0,14.0
970540,1,0,92.0,0.0
970375,1,43,130.0,7.0
970003,1,1,200.0,0.0
969279,1,98,69.0,20.0
967133,1,0,75.0,38.0
966461,1,108,199.0,162.0
965946,1,1,200.0,31.0
965061,1,7,130.0,278.0
964882,1,1,140.0,0.0
962936,1,24,600.0,336.0
962249,1,1,70.0,128.0
961342,1,24,65.0,317.0
73643863,1,0,95.0,0.0
73643860,1,5,65.0,48.0
73638523,1,33,68.0,282.0
73831041,1,0,95.0,0.0
73826443,1,4,120.0,0.0
73820234,1,35,100.0,112.0
73792588,1,7,55.0,0.0
73785055,1,0,150.0,28.0
73764539,1,3,99.0,0.0
73756811,1,51,65.0,0.0
73734452,1,3,97.0,0.0
73732590,1,12,150.0,6.0
73717067,1,6,100.0,27.0
73678055,1,5,188.0,101.0
73676875,1,0,80.0,321.0
73670220,1,4,208.0,9.0
73663228,1,37,70.0,291.0
73655921,1,0,55.0,177.0
971418,1,73,75.0,273.0
73964015,1,0,150.0,8.0
73954921,1,1,38.0,0.0
73953648,1,0,295.0,0.0
73924316,1,1,165.0,0.0
73881521,1,0,60.0,310.0
73869612,1,0,90.0,5.0
73866735,1,1,65.0,110.0
73864266,1,78,40.0,260.0
73857837,1,30,43.0,6.0
73857756,1,0,65.0,0.0
73856870,1,0,75.0,88.0
73856823,1,4,200.0,0.0
73850433,1,7,169.0,242.0
73848909,1,2,100.0,0.0
73843068,1,53,120.0,15.0
73839962,1,1,246.0,365.0
74180901,1,89,150.0,139.0
74162901,1,1,30.0,1.0
74155984,1,1,170.0,0.0
74145986,1,44,89.0,73.0
74130179,1,24,275.0,82.0
74116175,1,7,300.0,40.0
74104595,1,0,40.0,42.0
74050784,1,0,100.0,149.0
74044417,1,1,160.0,365.0
74033595,1,1,75.0,0.0
74033494,1,31,125.0,64.0
74031703,1,1,100.0,134.0
74031395,1,0,350.0,0.0
74020712,1,8,115.0,0.0
74011703,1,6,200.0,0.0
73986440,1,1,150.0,53.0
74339725,1,7,55.0,0.0
74323368,1,39,90.0,29.0
74310552,1,3,150.0,0.0
74304509,1,16,65.0,0.0
74291583,1,6,49.0,11.0
74290720,1,6,65.0,145.0
74282739,1,177,70.0,230.0
74255931,1,1,75.0,0.0
74250362,1,4,325.0,197.0
74238783,1,6,65.0,0.0
74231989,1,1,36.0,0.0
74227432,1,56,79.0,74.0
74215453,1,0,100.0,41.0
74211590,1,1,50.0,0.0
74205904,1,3,75.0,0.0
74196752,1,5,100.0,0.0
74643411,1,12,120.0,261.0
74595855,1,3,200.0,0.0
74573695,1,38,200.0,205.0
74569188,1,3,60.0,0.0
74534871,1,0,100.0,0.0
74529394,1,2,80.0,0.0
74517682,1,1,75.0,0.0
74514078,1,5,65.0,33.0
74489237,1,0,68.0,0.0
74471200,1,10,81.0,35.0
74442807,1,1,2000.0,0.0
74410137,1,10,46.0,0.0
74397192,1,136,79.0,47.0
74374901,1,44,250.0,48.0
74373729,1,3,2600.0,362.0
74351458,1,54,115.0,105.0
74868631,1,3,70.0,66.0
74841734,1,2,200.0,11.0
74823629,1,6,125.0,0.0
74819532,1,0,250.0,170.0
74815132,1,5,115.0,0.0
74805133,1,0,70.0,0.0
74795588,1,0,50.0,0.0
74789787,1,2,100.0,0.0
74782658,1,117,40.0,300.0
74773867,1,1,150.0,8.0
74727409,1,68,45.0,156.0
74712074,1,4,70.0,0.0
74707352,1,8,60.0,364.0
74697676,1,40,50.0,321.0
74678395,1,14,130.0,305.0
74653179,1,6,150.0,1.0
75003580,1,0,60.0,22.0
75001749,1,0,100.0,0.0
74994238,1,10,76.0,30.0
74981965,1,2,200.0,0.0
74974718,1,41,200.0,333.0
74937144,1,73,226.0,56.0
74919443,1,13,250.0,0.0
74911937,1,18,110.0,46.0
74906838,1,90,70.0,24.0
74903132,1,2,41.0,0.0
74896042,1,3,45.0,0.0
74895323,1,3,42.0,53.0
74885349,1,43,129.0,80.0
74879324,1,50,79.0,36.0
74874485,1,2,70.0,0.0
74873565,1,8,175.0,0.0
960248,1,21,220.0,24.0
960013,1,31,250.0,13.0
956383,1,0,105.0,0.0
956379,1,84,180.0,204.0
956324,1,0,4500.0,365.0
956269,1,19,195.0,34.0
954113,1,19,139.0,93.0
953913,1,1,250.0,0.0
953843,1,26,130.0,182.0
953565,1,15,265.0,0.0
953375,1,18,135.0,0.0
953279,1,83,139.0,255.0
952909,1,0,183.0,0.0
75020731,1,35,45.0,18.0
75014265,1,3,89.0,0.0
75011143,1,9,125.0,191.0
75205085,1,11,250.0,0.0
75199843,1,3,60.0,90.0
75173477,1,7,200.0,6.0
75126216,1,2,75.0,0.0
75110137,1,0,1333.0,365.0
75098888,1,41,450.0,0.0
75092148,1,4,300.0,0.0
75085688,1,11,150.0,2.0
75065047,1,9,106.0,364.0
75061595,1,27,78.0,0.0
75059797,1,3,40.0,66.0
75035789,1,0,40.0,156.0
75030399,1,19,500.0,345.0
960861,1,12,50.0,0.0
960850,1,2,110.0,0.0
960836,1,122,149.0,20.0
75398380,1,0,120.0,0.0
75395247,1,3,160.0,309.0
75385686,1,2,37.0,0.0
75359775,1,8,100.0,0.0
75349777,1,3,70.0,0.0
75310656,1,4,203.0,0.0
75310263,1,1,165.0,0.0
75287595,1,13,69.0,1.0
75281770,1,1,77.0,0.0
75279920,1,89,275.0,96.0
75267282,1,1,210.0,284.0
75253309,1,0,140.0,0.0
75246219,1,3,172.0,0.0
75224562,1,1,250.0,0.0
75224005,1,1,130.0,11.0
75218527,1,72,114.0,140.0
951571,1,5,120.0,191.0
950826,1,17,170.0,0.0
950657,1,58,70.0,0.0
950232,1,0,117.0,0.0
950041,1,5,70.0,21.0
949070,1,1,200.0,5.0
948164,1,4,80.0,0.0
948095,1,2,265.0,0.0
946672,1,6,49.0,0.0
946323,1,6,125.0,0.0
946182,1,19,76.0,89.0
75461641,1,0,90.0,0.0
75452286,1,15,125.0,0.0
75442218,1,6,45.0,0.0
75405696,1,2,450.0,48.0
75404627,1,14,195.0,158.0
75572617,1,5,165.0,0.0
75569180,1,2,130.0,0.0
75567007,1,2,153.0,0.0
75566080,1,2,175.0,71.0
75561563,1,25,150.0,0.0
75501075,1,0,150.0,0.0
75485224,1,15,55.0,0.0
75484381,1,0,225.0,249.0
75480489,1,23,70.0,365.0
75479380,1,6,125.0,0.0
75478154,1,92,229.0,236.0
75469247,1,39,105.0,38.0
75463219,1,26,99.0,284.0
952381,1,6,133.0,307.0
951917,1,4,196.0,365.0
951909,1,1,79.0,22.0
75770804,1,0,35.0,0.0
75760509,1,3,80.0,16.0
75749777,1,1,49.0,0.0
75748625,1,2,45.0,0.0
75739500,1,23,100.0,0.0
75730551,1,193,120.0,254.0
75710434,1,81,150.0,63.0
75671801,1,12,75.0,90.0
75664810,1,4,100.0,0.0
75658258,1,1,34.0,0.0
75657939,1,53,175.0,84.0
75633225,1,0,150.0,363.0
75590434,1,11,135.0,5.0
75578529,1,0,49.0,0.0
75577166,1,86,125.0,271.0
75575414,1,0,245.0,0.0
75968218,1,3,160.0,0.0
75947654,1,92,95.0,39.0
75937385,1,3,99.0,3.0
75919970,1,1,125.0,0.0
75918061,1,47,140.0,5.0
75916476,1,2,40.0,0.0
75915628,1,3,140.0,0.0
75872359,1,1,150.0,0.0
75853911,1,3,100.0,0.0
75828613,1,2,40.0,0.0
75819473,1,4,57.0,0.0
75812000,1,4,50.0,0.0
75810157,1,3,99.0,0.0
75793151,1,24,121.0,14.0
75777937,1,3,50.0,0.0
75773748,1,0,120.0,0.0
76123508,1,9,100.0,85.0
76114530,1,0,575.0,83.0
76114242,1,0,235.0,0.0
76114171,1,2,40.0,0.0
76103506,1,4,80.0,0.0
76040827,1,8,67.0,0.0
76037379,1,2,120.0,0.0
76021267,1,10,60.0,126.0
76008109,1,1,129.0,0.0
76004481,1,1,60.0,0.0
75999185,1,6,45.0,337.0
75998293,1,1,160.0,64.0
75982141,1,8,60.0,0.0
75976584,1,0,50.0,0.0
75973505,1,3,40.0,276.0
75972444,1,2,200.0,32.0
76323622,1,2,250.0,0.0
76316036,1,3,250.0,0.0
76314424,1,12,125.0,3.0
76303329,1,1,40.0,0.0
76273640,1,1,95.0,97.0
76244490,1,0,35.0,0.0
76237449,1,0,52.0,365.0
76232256,1,13,99.0,221.0
76227113,1,57,245.0,54.0
76215404,1,137,125.0,2.0
76212913,1,17,350.0,129.0
76193714,1,0,150.0,0.0
76184970,1,88,408.0,267.0
76182346,1,0,225.0,0.0
76173252,1,14,150.0,0.0
76168072,1,4,235.0,129.0
76443791,1,12,140.0,0.0
76428733,1,1,150.0,0.0
76426686,1,0,50.0,0.0
76422506,1,0,60.0,0.0
76415404,1,1,64.0,0.0
76409499,1,1,45.0,0.0
76407060,1,1,295.0,11.0
76397212,1,2,88.0,0.0
76394560,1,12,60.0,9.0
76388052,1,0,85.0,3.0
76383917,1,3,145.0,0.0
76360760,1,0,169.0,60.0
76353208,1,1,130.0,0.0
76353083,1,9,115.0,50.0
76350146,1,17,150.0,0.0
76327788,1,14,155.0,29.0
76601346,1,98,179.0,151.0
76596461,1,5,85.0,89.0
76590834,1,0,65.0,0.0
76583399,1,1,195.0,119.0
76578903,1,13,35.0,0.0
76572037,1,0,199.0,43.0
76566529,1,0,60.0,0.0
76537707,1,1,67.0,0.0
76534284,1,21,62.0,0.0
76519640,1,29,75.0,2.0
76487242,1,0,154.0,0.0
76484622,1,2,215.0,148.0
76477851,1,2,250.0,358.0
76477003,1,24,125.0,0.0
76453466,1,112,45.0,244.0
76450538,1,0,80.0,0.0
76838000,1,5,75.0,0.0
76835453,1,2,70.0,0.0
76829914,1,2,90.0,83.0
76809352,1,4,240.0,0.0
76785138,1,61,256.0,166.0
76783729,1,0,289.0,105.0
76767234,1,0,100.0,40.0
76739836,1,10,160.0,0.0
76737749,1,0,45.0,0.0
76729714,1,3,70.0,0.0
76728828,1,2,250.0,0.0
76667674,1,109,186.0,77.0
76664098,1,0,30.0,0.0
76628403,1,3,160.0,61.0
76626328,1,86,275.0,137.0
76610380,1,12,150.0,0.0
945499,1,0,150.0,0.0
945407,1,8,120.0,0.0
945144,1,0,88.0,6.0
945063,1,0,475.0,12.0
943367,1,4,55.0,17.0
943095,1,2,90.0,0.0
942933,1,1,115.0,0.0
940724,1,225,50.0,343.0
938086,1,12,51.0,0.0
938056,1,160,75.0,65.0
936830,1,35,89.0,180.0
936630,1,238,154.0,246.0
936258,1,8,175.0,0.0
76849055,1,3,50.0,0.0
76840954,1,17,125.0,56.0
76840423,1,136,180.0,136.0
77076962,1,6,50.0,0.0
77021411,1,0,300.0,0.0
77011788,1,111,255.0,268.0
77010815,1,22,50.0,342.0
77005581,1,133,90.0,41.0
76998256,1,13,78.0,0.0
76981930,1,4,180.0,262.0
76975771,1,24,61.0,281.0
76971491,1,3,180.0,259.0
76940389,1,1,85.0,0.0
76931387,1,16,130.0,0.0
76901881,1,32,100.0,0.0
76862848,1,4,270.0,365.0
76854135,1,52,160.0,9.0
76849762,1,1,60.0,0.0
945880,1,1,127.0,0.0
77243829,1,0,375.0,0.0
77220567,1,1,85.0,67.0
77196523,1,0,80.0,15.0
77181668,1,0,120.0,5.0
77179176,1,0,69.0,0.0
77174503,1,3,250.0,328.0
77162743,1,6,250.0,0.0
77145207,1,0,65.0,0.0
77135414,1,11,92.0,7.0
77134747,1,3,115.0,82.0
77125873,1,24,130.0,10.0
77108752,1,0,250.0,0.0
77106920,1,12,345.0,37.0
77103886,1,10,105.0,191.0
77084335,1,2,80.0,0.0
77080918,1,5,265.0,164.0
77526864,1,5,88.0,158.0
77523610,1,0,372.0,0.0
77514775,1,15,80.0,0.0
77501050,1,21,55.0,0.0
77498973,1,41,122.0,8.0
77477955,1,0,72.0,128.0
77393311,1,7,50.0,174.0
77375497,1,2,100.0,0.0
77369325,1,0,200.0,0.0
77365697,1,6,110.0,0.0
77355562,1,65,90.0,338.0
77334582,1,0,89.0,0.0
77325010,1,1,75.0,0.0
77303930,1,1,125.0,0.0
77300379,1,37,110.0,74.0
77280363,1,0,40.0,0.0
77813945,1,5,75.0,33.0
77812281,1,32,185.0,26.0
77812140,1,2,120.0,0.0
77811516,1,14,59.0,0.0
77792023,1,4,40.0,0.0
77765017,1,124,65.0,199.0
77751221,1,16,90.0,0.0
77722758,1,4,200.0,0.0
77716287,1,11,65.0,365.0
77698412,1,1,40.0,0.0
77665938,1,92,105.0,316.0
77657991,1,1,104.0,0.0
77603717,1,14,100.0,0.0
77570619,1,16,95.0,140.0
77559258,1,0,245.0,89.0
77534743,1,4,42.0,0.0
78107584,1,34,250.0,0.0
78104160,1,3,40.0,0.0
78080379,1,0,75.0,250.0
78078053,1,2,75.0,138.0
78016461,1,0,89.0,175.0
78007526,1,43,130.0,145.0
77990284,1,1,89.0,0.0
77983246,1,21,100.0,16.0
77944774,1,12,85.0,5.0
77938412,1,1,45.0,0.0
77925223,1,41,90.0,0.0
77915011,1,1,100.0,0.0
77904836,1,1,500.0,0.0
77829151,1,2,239.0,0.0
77825548,1,1,100.0,0.0
77824133,1,0,35.0,0.0
78258843,1,3,40.0,62.0
78258683,1,0,150.0,0.0
78254013,1,19,75.0,0.0
78218328,1,0,50.0,0.0
78201197,1,4,250.0,44.0
78185278,1,1,65.0,29.0
78183456,1,39,65.0,76.0
78176513,1,50,200.0,268.0
78165909,1,0,36.0,0.0
78164397,1,99,85.0,19.0
78154356,1,94,89.0,252.0
78150907,1,157,38.0,67.0
78140736,1,0,1050.0,48.0
78119367,1,0,82.0,0.0
78110875,1,6,175.0,168.0
78109201,1,0,150.0,162.0
78378674,1,1,40.0,0.0
78343124,1,1,55.0,0.0
78339088,1,26,75.0,115.0
78331155,1,24,350.0,137.0
78326799,1,2,80.0,0.0
78312516,1,2,299.0,4.0
78299086,1,0,95.0,0.0
78292517,1,5,150.0,0.0
78290016,1,3,179.0,128.0
78289814,1,27,105.0,328.0
78286572,1,3,65.0,0.0
78285810,1,0,259.0,0.0
78285648,1,0,70.0,0.0
78279322,1,1,35.0,0.0
78276061,1,39,55.0,247.0
78272395,1,8,70.0,0.0
78507411,1,4,145.0,0.0
78501032,1,0,134.0,0.0
78499938,1,0,175.0,0.0
78497102,1,6,99.0,0.0
78482422,1,11,160.0,0.0
78466689,1,11,59.0,29.0
78464432,1,15,189.0,15.0
78461025,1,21,120.0,0.0
78433586,1,9,95.0,212.0
78432713,1,1,42.0,21.0
78430614,1,174,185.0,65.0
78424147,1,2,210.0,354.0
78421449,1,0,200.0,0.0
78414842,1,9,200.0,0.0
78408136,1,182,85.0,62.0
78379915,1,1,40.0,282.0
78832142,1,60,218.0,305.0
78826514,1,48,160.0,40.0
78824908,1,2,224.0,353.0
78823148,1,1,150.0,0.0
78817833,1,0,110.0,0.0
78807434,1,6,110.0,34.0
78733280,1,0,89.0,333.0
78732090,1,0,101.0,0.0
78727422,1,1,50.0,0.0
78722739,1,8,89.0,5.0
78711394,1,0,33.0,0.0
78705600,1,0,300.0,31.0
78672740,1,25,72.0,333.0
78619120,1,78,100.0,201.0
78534291,1,3,230.0,0.0
78529013,1,0,55.0,0.0
933378,1,0,90.0,0.0
933263,1,267,95.0,18.0
932245,1,22,80.0,87.0
932021,1,2,49.0,0.0
931790,1,0,75.0,0.0
931058,1,1,399.0,41.0
930201,1,9,81.0,110.0
929983,1,7,170.0,6.0
928165,1,12,52.0,0.0
926743,1,4,100.0,321.0
923465,1,54,69.0,320.0
923412,1,0,50.0,0.0
922922,1,33,215.0,156.0
78870551,1,0,80.0,0.0
78866824,1,16,100.0,0.0
78832817,1,1,113.0,0.0
79060345,1,31,200.0,291.0
79020870,1,0,179.0,0.0
78999831,1,0,200.0,0.0
78971832,1,0,73.0,0.0
78964994,1,104,135.0,76.0
78936234,1,6,265.0,364.0
78934668,1,25,200.0,0.0
78931932,1,5,125.0,0.0
78930817,1,9,120.0,0.0
78929276,1,106,199.0,250.0
78913808,1,63,125.0,165.0
78912246,1,3,199.0,0.0
78896912,1,0,150.0,2.0
78895626,1,0,35.0,0.0
78870889,1,0,65.0,0.0
934811,1,8,70.0,0.0
79269209,1,0,63.0,250.0
79268929,1,4,130.0,0.0
79258584,1,115,104.0,182.0
79246014,1,3,110.0,26.0
79231531,1,1,200.0,0.0
79194704,1,1,99.0,0.0
79188102,1,9,145.0,90.0
79176358,1,0,200.0,0.0
79168536,1,2,90.0,0.0
79167228,1,11,105.0,0.0
79141968,1,13,150.0,207.0
79134040,1,11,100.0,55.0
79114007,1,47,325.0,0.0
79089979,1,43,800.0,55.0
79086338,1,1,70.0,0.0
79078275,1,0,90.0,0.0
79488969,1,72,189.0,27.0
79479983,1,1,150.0,0.0
79472397,1,7,220.0,22.0
79459633,1,8,90.0,0.0
79373292,1,2,35.0,0.0
79369918,1,24,249.0,17.0
79355506,1,1,98.0,23.0
79345554,1,0,160.0,0.0
79341807,1,35,200.0,4.0
79340962,1,2,90.0,0.0
79340220,1,43,85.0,299.0
79338533,1,1,300.0,0.0
79322329,1,45,115.0,75.0
79321760,1,69,300.0,110.0
79293619,1,0,75.0,0.0
79289737,1,205,180.0,90.0
79579355,1,50,205.0,324.0
79576043,1,0,40.0,0.0
79575143,1,1,400.0,0.0
79572183,1,0,180.0,264.0
79567015,1,1,60.0,90.0
79563670,1,7,100.0,52.0
79547468,1,2,125.0,0.0
79546891,1,8,59.0,0.0
79534925,1,10,65.0,0.0
79527116,1,41,110.0,244.0
79520100,1,29,50.0,0.0
79510521,1,2,155.0,0.0
79505257,1,21,100.0,88.0
79501489,1,2,177.0,0.0
79492070,1,7,125.0,0.0
79489045,1,1,60.0,53.0
79738917,1,0,69.0,0.0
79738498,1,12,100.0,0.0
79729447,1,1,125.0,365.0
79725282,1,3,79.0,0.0
79724562,1,1,118.0,0.0
79723533,1,3,52.0,68.0
79713170,1,0,250.0,0.0
79697038,1,4,200.0,88.0
79696862,1,7,57.0,311.0
79680629,1,3,350.0,0.0
79675471,1,0,99.0,0.0
79657553,1,6,44.0,1.0
79653673,1,0,125.0,24.0
79648088,1,78,50.0,218.0
79641851,1,20,100.0,363.0
79598330,1,20,30.0,27.0
80023687,1,1,300.0,83.0
80003178,1,3,163.0,155.0
79951689,1,0,199.0,0.0
79946214,1,16,109.0,66.0
79929686,1,0,350.0,0.0
79912031,1,0,350.0,0.0
79896285,1,0,50.0,0.0
79886089,1,4,150.0,0.0
79882333,1,2,39.0,0.0
79840032,1,9,185.0,0.0
79834985,1,0,95.0,0.0
79824377,1,0,75.0,0.0
79752355,1,9,65.0,0.0
79751933,1,1,30.0,0.0
79744263,1,0,200.0,0.0
79743216,1,2,100.0,0.0
921897,1,1,70.0,172.0
921857,1,3,50.0,31.0
921829,1,17,60.0,340.0
921500,1,99,55.0,260.0
921431,1,51,113.0,41.0
921299,1,3,110.0,12.0
921269,1,27,60.0,0.0
920542,1,42,160.0,355.0
920237,1,42,80.0,71.0
920222,1,18,200.0,188.0
919218,1,34,86.0,359.0
918866,1,39,169.0,44.0
918668,1,0,200.0,88.0
80040018,1,1,76.0,0.0
80028220,1,4,80.0,0.0
80026984,1,3,195.0,239.0
80315972,1,1,210.0,0.0
80275136,1,0,120.0,0.0
80242144,1,6,199.0,62.0
80242044,1,15,196.0,0.0
80227295,1,1,40.0,0.0
80164857,1,1,160.0,243.0
80114315,1,10,65.0,68.0
80111968,1,1,49.0,0.0
80107649,1,10,99.0,0.0
80102605,1,4,150.0,5.0
80099199,1,32,160.0,39.0
80068221,1,3,130.0,0.0
80061565,1,118,71.0,34.0
80054574,1,1,33.0,0.0
922462,1,0,65.0,98.0
922056,1,0,52.0,85.0
80509710,1,24,63.0,7.0
80501262,1,9,175.0,0.0
80500739,1,19,115.0,345.0
80491022,1,0,100.0,0.0
80470317,1,82,120.0,310.0
80465615,1,2,52.0,0.0
80463005,1,48,120.0,53.0
80443454,1,10,74.0,160.0
80437226,1,0,115.0,0.0
80381355,1,6,195.0,0.0
80375387,1,3,81.0,179.0
80354349,1,2,75.0,188.0
80344984,1,28,245.0,272.0
80333311,1,104,80.0,97.0
80331757,1,13,50.0,71.0
80320245,1,4,92.0,0.0
80686298,1,2,99.0,0.0
80672906,1,0,100.0,0.0
80651652,1,0,100.0,0.0
80612882,1,1,350.0,5.0
80603182,1,2,40.0,0.0
80603103,1,0,105.0,0.0
80597953,1,1,125.0,0.0
80593865,1,4,111.0,12.0
80593607,1,3,105.0,0.0
80573606,1,3,275.0,12.0
80571474,1,0,60.0,0.0
80560845,1,4,100.0,0.0
80543188,1,14,75.0,210.0
80534927,1,3,125.0,0.0
80533986,1,13,113.0,1.0
80512824,1,5,46.0,0.0
80837608,1,26,249.0,0.0
80819921,1,0,70.0,0.0
80794677,1,4,48.0,0.0
80793056,1,2,62.0,0.0
80782387,1,11,300.0,0.0
80780369,1,2,35.0,0.0
80778982,1,0,50.0,0.0
80777352,1,131,48.0,333.0
80772013,1,6,200.0,23.0
80771146,1,0,65.0,0.0
80770467,1,1,40.0,0.0
80770105,1,0,244.0,345.0
80769114,1,34,98.0,55.0
80731010,1,54,90.0,64.0
80721470,1,1,75.0,0.0
80701659,1,1,80.0,0.0
81065498,1,75,110.0,56.0
81022597,1,0,100.0,0.0
81009456,1,2,133.0,0.0
80990325,1,85,175.0,0.0
80974010,1,14,22.0,42.0
80968378,1,5,525.0,327.0
80957172,1,0,129.0,365.0
80942071,1,1,89.0,365.0
80926401,1,6,40.0,0.0
80904983,1,57,75.0,314.0
80901802,1,0,90.0,179.0
80901099,1,0,40.0,0.0
80897490,1,1,50.0,0.0
80894027,1,12,125.0,274.0
80886117,1,20,150.0,82.0
80885460,1,6,100.0,0.0
918543,1,0,160.0,0.0
916804,1,83,79.0,26.0
916377,1,1,42.0,0.0
916092,1,0,110.0,0.0
915973,1,57,248.0,344.0
915640,1,90,99.0,56.0
914972,1,7,125.0,0.0
913940,1,0,30.0,73.0
912993,1,0,172.0,0.0
912921,1,13,47.0,174.0
912657,1,3,80.0,104.0
912541,1,1,255.0,365.0
912400,1,102,89.0,255.0
81093086,1,4,50.0,0.0
81087558,1,3,75.0,0.0
81080113,1,0,90.0,0.0
81345246,1,0,85.0,89.0
81329032,1,0,50.0,0.0
81311292,1,0,100.0,0.0
81295676,1,0,55.0,43.0
81290973,1,2,700.0,88.0
81190209,1,0,110.0,0.0
81161047,1,0,57.0,0.0
81160897,1,16,50.0,343.0
81146832,1,15,34.0,0.0
81146418,1,13,80.0,87.0
81141009,1,10,160.0,0.0
81140056,1,9,198.0,0.0
81134987,1,14,210.0,327.0
81133553,1,0,90.0,156.0
81128193,1,0,515.0,0.0
81109720,1,0,35.0,0.0
81711191,1,1,80.0,3.0
81706032,1,3,95.0,0.0
81673810,1,0,170.0,0.0
81671685,1,4,200.0,365.0
81636631,1,0,100.0,89.0
81553530,1,2,200.0,0.0
81531783,1,39,130.0,29.0
81510823,1,99,30.0,67.0
81503286,1,5,75.0,0.0
81466660,1,1,45.0,0.0
81460578,1,5,141.0,0.0
81453500,1,2,39.0,53.0
81430151,1,41,55.0,278.0
81379480,1,0,80.0,0.0
81351940,1,4,166.0,75.0
81347848,1,0,49.0,90.0
81891866,1,0,750.0,365.0
81888716,1,117,109.0,51.0
81876750,1,18,96.0,364.0
81867025,1,0,100.0,0.0
81865543,1,38,65.0,149.0
81859848,1,5,150.0,0.0
81764323,1,7,110.0,175.0
81763793,1,0,65.0,173.0
81763260,1,48,200.0,53.0
81762491,1,13,59.0,332.0
81754218,1,34,89.0,84.0
81752328,1,25,130.0,0.0
81747071,1,34,165.0,0.0
81745867,1,2,70.0,0.0
81730337,1,0,150.0,0.0
81712146,1,9,50.0,0.0
82168970,1,0,50.0,0.0
82154865,1,0,95.0,67.0
82148918,1,55,50.0,0.0
82147411,1,43,65.0,0.0
82096395,1,20,150.0,178.0
82054811,1,0,500.0,0.0
81996236,1,0,105.0,89.0
81970141,1,15,119.0,12.0
81969914,1,0,200.0,0.0
81959199,1,23,80.0,28.0
81957771,1,0,120.0,177.0
81957246,1,1,175.0,17.0
81953225,1,63,52.0,0.0
81939249,1,0,120.0,0.0
81928702,1,23,125.0,166.0
81908583,1,89,80.0,47.0
82398569,1,85,62.0,33.0
82380968,1,3,85.0,193.0
82359141,1,1,75.0,189.0
82349344,1,79,76.0,349.0
82339249,1,3,85.0,88.0
82326716,1,5,90.0,6.0
82319393,1,1,350.0,0.0
82307155,1,110,450.0,287.0
82302838,1,6,89.0,0.0
82192372,1,0,80.0,0.0
82190014,1,1,149.0,170.0
82189528,1,1,52.0,0.0
82189264,1,0,215.0,365.0
82187372,1,0,250.0,78.0
82182158,1,1,131.0,1.0
82179512,1,162,87.0,332.0
82646321,1,77,130.0,9.0
82623035,1,138,155.0,232.0
82576590,1,0,41.0,66.0
82539853,1,0,140.0,0.0
82537581,1,2,249.0,364.0
82524498,1,9,85.0,7.0
82512085,1,1,35.0,0.0
82505349,1,0,100.0,0.0
82491369,1,125,275.0,146.0
82490186,1,14,75.0,48.0
82469513,1,0,85.0,0.0
82460872,1,0,425.0,0.0
82444858,1,0,150.0,0.0
82412007,1,3,120.0,0.0
82402385,1,133,150.0,14.0
82400601,1,9,100.0,0.0
912101,1,0,180.0,0.0
911596,1,110,215.0,332.0
910884,1,1,49.0,0.0
910719,1,0,110.0,0.0
910677,1,12,150.0,34.0
910592,1,10,102.0,4.0
909710,1,17,49.0,0.0
909234,1,63,165.0,0.0
909146,1,67,170.0,129.0
908514,1,25,165.0,0.0
907037,1,5,325.0,0.0
906200,1,1,350.0,233.0
905563,1,0,75.0,0.0
905122,1,5,130.0,196.0
82665319,1,4,150.0,0.0
82650642,1,0,116.0,131.0
82874717,1,0,40.0,0.0
82857184,1,16,75.0,157.0
82834850,1,2,48.0,0.0
82805482,1,6,45.0,94.0
82742663,1,1,150.0,160.0
82740724,1,159,129.0,193.0
82740389,1,5,90.0,0.0
82736848,1,2,150.0,0.0
82735692,1,20,100.0,273.0
82719112,1,1,250.0,0.0
82717014,1,1,90.0,173.0
82715129,1,87,67.0,60.0
82706379,1,47,195.0,55.0
82683774,1,17,45.0,14.0
82674375,1,0,140.0,331.0
912324,1,5,500.0,18.0
83131313,1,2,175.0,16.0
83114146,1,8,60.0,26.0
83101296,1,0,60.0,0.0
83093714,1,1,300.0,0.0
83091890,1,46,190.0,239.0
83082749,1,11,125.0,0.0
83076690,1,6,220.0,0.0
83072717,1,0,190.0,0.0
83061189,1,8,150.0,158.0
83040886,1,0,100.0,43.0
83004119,1,0,120.0,0.0
82951378,1,3,45.0,0.0
82940021,1,9,145.0,6.0
82933489,1,9,230.0,0.0
82920107,1,1,149.0,364.0
82891189,1,2,50.0,0.0
83351115,1,0,50.0,0.0
83343316,1,2,150.0,45.0
83342221,1,1,200.0,0.0
83284183,1,1,55.0,0.0
83278784,1,41,160.0,273.0
83246395,1,0,150.0,0.0
83231755,1,4,55.0,0.0
83203036,1,0,130.0,215.0
83185960,1,49,180.0,1.0
83185467,1,0,60.0,0.0
83183600,1,5,90.0,0.0
83176398,1,0,50.0,0.0
83170219,1,1,60.0,0.0
83156877,1,0,145.0,0.0
83141620,1,1,180.0,0.0
83141510,1,0,100.0,0.0
83593559,1,0,150.0,0.0
83590674,1,9,219.0,0.0
83586204,1,19,40.0,18.0
83554966,1,1,129.0,147.0
83550011,1,8,89.0,0.0
83549989,1,2,215.0,0.0
83543734,1,70,499.0,0.0
83542652,1,8,59.0,73.0
83526094,1,12,150.0,0.0
83490060,1,1,99.0,318.0
83476674,1,1,150.0,87.0
83462709,1,36,359.0,175.0
83426350,1,0,49.0,0.0
83422323,1,14,50.0,0.0
83415090,1,35,50.0,36.0
83403037,1,0,115.0,0.0
83787104,1,3,65.0,89.0
83768519,1,1,80.0,5.0
83757347,1,76,210.0,311.0
83756656,1,21,29.0,0.0
83732495,1,4,21.0,0.0
83699356,1,0,150.0,0.0
83680039,1,0,86.0,6.0
83671631,1,1,60.0,248.0
83651013,1,62,99.0,0.0
83650675,1,10,75.0,361.0
83632643,1,0,120.0,0.0
83616984,1,60,85.0,284.0
83615522,1,4,45.0,10.0
83611652,1,4,200.0,20.0
83611052,1,2,85.0,0.0
83610543,1,169,185.0,26.0
904833,1,2,250.0,0.0
904138,1,1,150.0,0.0
903686,1,8,100.0,249.0
903086,1,0,99.0,0.0
902703,1,30,150.0,284.0
902054,1,89,325.0,153.0
900154,1,4,99.0,0.0
900055,1,0,125.0,0.0
898980,1,5,77.0,0.0
898412,1,6,85.0,125.0
897871,1,1,90.0,0.0
897121,1,135,85.0,8.0
896918,1,67,135.0,348.0
895109,1,57,258.0,320.0
83811169,1,41,49.0,355.0
83798461,1,4,70.0,0.0
83974928,1,3,34.0,70.0
83967416,1,1,60.0,0.0
83967077,1,4,231.0,0.0
83934468,1,0,400.0,25.0
83933642,1,1,130.0,188.0
83930029,1,0,62.0,0.0
83929557,1,7,75.0,17.0
83929409,1,5,350.0,0.0
83926842,1,33,130.0,354.0
83921231,1,49,235.0,283.0
83909332,1,15,225.0,0.0
83907534,1,5,175.0,32.0
83899060,1,20,100.0,328.0
83856521,1,3,275.0,0.0
83824521,1,41,150.0,175.0
83819376,1,4,843.0,358.0
84155085,1,1,50.0,0.0
84147508,1,1,190.0,0.0
84146048,1,4,85.0,0.0
84143174,1,13,200.0,0.0
84126420,1,44,399.0,112.0
84118689,1,11,130.0,26.0
84084279,1,26,60.0,330.0
84077949,1,2,250.0,1.0
84071996,1,3,40.0,171.0
84063956,1,32,78.0,30.0
84011138,1,7,55.0,188.0
84003200,1,88,189.0,255.0
83996144,1,0,85.0,0.0
83978541,1,23,235.0,134.0
83978022,1,0,180.0,0.0
83977725,1,114,175.0,154.0
84527789,1,17,79.0,1.0
84523696,1,3,90.0,0.0
84515464,1,64,150.0,264.0
84497333,1,2,10.0,0.0
84495247,1,78,169.0,84.0
84491220,1,13,65.0,310.0
84463909,1,15,70.0,95.0
84459821,1,32,55.0,333.0
84453766,1,1,80.0,0.0
84441066,1,22,170.0,143.0
84403365,1,1,65.0,0.0
84333525,1,0,75.0,49.0
84303682,1,144,240.0,217.0
84279142,1,0,150.0,0.0
84260385,1,0,70.0,179.0
84163854,1,0,162.0,12.0
84796432,1,17,59.0,109.0
84766486,1,0,79.0,0.0
84765662,1,15,450.0,290.0
84754283,1,2,100.0,0.0
84749340,1,0,245.0,287.0
84738777,1,1,30.0,0.0
84737060,1,63,119.0,18.0
84732743,1,3,100.0,3.0
84720132,1,4,300.0,5.0
84683441,1,12,100.0,2.0
84679277,1,2,60.0,0.0
84642468,1,0,80.0,192.0
84632856,1,4,325.0,0.0
84584067,1,43,280.0,335.0
84558839,1,73,130.0,330.0
84548731,1,6,50.0,6.0
894712,1,2,119.0,0.0
894516,1,23,120.0,16.0
893148,1,107,120.0,144.0
893136,1,4,98.0,0.0
891403,1,19,339.0,365.0
890425,1,3,40.0,0.0
890215,1,12,165.0,343.0
889106,1,80,75.0,0.0
888939,1,8,200.0,0.0
887115,1,1,90.0,0.0
886705,1,4,249.0,0.0
886646,1,5,250.0,0.0
886109,1,25,180.0,200.0
883283,1,0,350.0,0.0
84825183,1,3,95.0,5.0
84803093,1,16,150.0,178.0
85113502,1,0,55.0,8.0
85108863,1,12,45.0,78.0
85082002,1,2,60.0,0.0
85062355,1,78,60.0,78.0
85021301,1,2,125.0,0.0
85016972,1,6,160.0,0.0
85013173,1,100,249.0,237.0
85006429,1,64,69.0,322.0
85002860,1,0,110.0,0.0
84985477,1,209,75.0,14.0
84979306,1,6,225.0,358.0
84941679,1,2,80.0,88.0
84932767,1,24,150.0,27.0
84902242,1,47,80.0,308.0
84862540,1,6,95.0,0.0
84841205,1,104,55.0,53.0
85315237,1,1,50.0,0.0
85313871,1,4,130.0,0.0
85294325,1,19,80.0,0.0
85288337,1,0,70.0,0.0
85281944,1,0,110.0,0.0
85261578,1,0,195.0,6.0
85235313,1,0,174.0,365.0
85221704,1,1,89.0,18.0
85218001,1,8,105.0,0.0
85216513,1,2,50.0,179.0
85202728,1,11,239.0,135.0
85196753,1,0,56.0,0.0
85191443,1,30,90.0,0.0
85186349,1,18,40.0,165.0
85172611,1,2,48.0,0.0
85162903,1,1,130.0,0.0
85518733,1,0,135.0,0.0
85518583,1,0,151.0,25.0
85507826,1,0,45.0,0.0
85506502,1,3,188.0,0.0
85499618,1,5,110.0,56.0
85495151,1,6,60.0,38.0
85488730,1,4,60.0,61.0
85470054,1,256,72.0,124.0
85431106,1,21,60.0,0.0
85375269,1,155,71.0,173.0
85370670,1,27,67.0,160.0
85368273,1,1,70.0,0.0
85350993,1,3,47.0,88.0
85337174,1,26,90.0,84.0
85318599,1,12,160.0,0.0
85316652,1,36,95.0,0.0
85734571,1,0,120.0,0.0
85726670,1,2,150.0,0.0
85722766,1,5,90.0,157.0
85712984,1,1,90.0,76.0
85692123,1,1,99.0,0.0
85684530,1,0,40.0,0.0
85678544,1,4,60.0,0.0
85669769,1,85,53.0,54.0
85667130,1,80,90.0,350.0
85664849,1,6,60.0,327.0
85572162,1,42,150.0,3.0
85546351,1,36,63.0,59.0
85541181,1,0,300.0,81.0
85539820,1,3,250.0,263.0
85526404,1,37,55.0,0.0
85521952,1,1,200.0,234.0
86078176,1,0,120.0,0.0
86078173,1,2,85.0,25.0
86005213,1,2,150.0,70.0
85992351,1,0,65.0,0.0
85986280,1,25,109.0,0.0
85974062,1,78,130.0,0.0
85946234,1,1,65.0,80.0
85945543,1,0,200.0,0.0
85942706,1,48,72.0,95.0
85923274,1,15,214.0,17.0
85914840,1,16,75.0,0.0
85898729,1,12,100.0,0.0
85886048,1,0,395.0,365.0
85854200,1,75,200.0,59.0
85852354,1,26,85.0,0.0
85773188,1,10,86.0,20.0
86365675,1,0,150.0,348.0
86351586,1,2,95.0,89.0
86322604,1,9,56.0,4.0
86274028,1,1,100.0,0.0
86241021,1,4,60.0,0.0
86210707,1,2,110.0,0.0
86209218,1,152,65.0,335.0
86196529,1,4,101.0,75.0
86190506,1,8,65.0,71.0
86182721,1,11,210.0,242.0
86181642,1,5,150.0,24.0
86171061,1,5,300.0,0.0
86134456,1,2,45.0,0.0
86115767,1,124,60.0,86.0
86108833,1,116,20.0,5.0
86090561,1,84,110.0,301.0
86576234,1,0,100.0,0.0
86575720,1,6,128.0,0.0
86575539,1,1,67.0,1.0
86569571,1,0,52.0,0.0
86560459,1,8,115.0,0.0
86538929,1,6,349.0,0.0
86534046,1,4,130.0,0.0
86527607,1,0,80.0,0.0
86513733,1,0,425.0,363.0
86510175,1,7,55.0,0.0
86509759,1,30,77.0,90.0
86415678,1,42,150.0,83.0
86414330,1,19,100.0,31.0
86408170,1,1,120.0,0.0
86397793,1,77,49.0,264.0
86368554,1,1,100.0,0.0
87024253,1,7,115.0,0.0
87020760,1,4,100.0,26.0
87007791,1,0,380.0,73.0
86973566,1,2,65.0,89.0
86950026,1,84,84.0,211.0
86892032,1,57,60.0,336.0
86813128,1,0,65.0,10.0
86786744,1,93,200.0,346.0
86786513,1,150,294.0,105.0
86724810,1,1,200.0,344.0
86681077,1,113,270.0,11.0
86629070,1,5,45.0,220.0
86622957,1,45,60.0,42.0
86604612,1,3,75.0,0.0
86602555,1,24,250.0,42.0
86592511,1,19,135.0,35.0
87393824,1,16,65.0,0.0
87371335,1,39,51.0,276.0
87348589,1,3,130.0,0.0
87315657,1,6,125.0,0.0
87312106,1,22,189.0,0.0
87296223,1,8,190.0,81.0
87259106,1,24,102.0,0.0
87242862,1,154,120.0,266.0
87236554,1,39,103.0,0.0
87181550,1,36,55.0,26.0
87174871,1,6,30.0,9.0
87167456,1,2,75.0,0.0
87156911,1,15,100.0,326.0
87152012,1,117,80.0,0.0
87065585,1,32,115.0,265.0
87041889,1,75,76.0,35.0
87680800,1,0,50.0,0.0
87612379,1,35,140.0,190.0
87601091,1,85,75.0,159.0
87585422,1,8,975.0,164.0
87573942,1,1,150.0,93.0
87568094,1,0,75.0,87.0
87565263,1,170,200.0,82.0
87562955,1,1,35.0,0.0
87553853,1,2,200.0,178.0
87537411,1,13,100.0,1.0
87521021,1,41,50.0,250.0
87518679,1,1,280.0,0.0
87505316,1,5,90.0,1.0
87487508,1,2,185.0,0.0
87474067,1,16,60.0,0.0
87399457,1,4,220.0,0.0
881301,1,3,145.0,0.0
881222,1,0,70.0,0.0
881214,1,14,45.0,0.0
880797,1,3,154.0,19.0
880323,1,1,36.0,0.0
879277,1,4,70.0,135.0
878938,1,10,98.0,327.0
878546,1,8,100.0,0.0
878445,1,2,100.0,341.0
877697,1,0,175.0,0.0
877452,1,0,95.0,0.0
876116,1,5,100.0,0.0
876054,1,227,70.0,37.0
875830,1,5,169.0,280.0
875439,1,25,185.0,55.0
874471,1,179,130.0,273.0
88073013,1,47,85.0,18.0
88034180,1,1,65.0,0.0
88022215,1,0,120.0,0.0
87979621,1,52,99.0,192.0
87967262,1,9,200.0,89.0
87951927,1,5,75.0,0.0
87897420,1,1,65.0,13.0
87889145,1,68,59.0,240.0
87859431,1,2,100.0,1.0
87848042,1,17,180.0,5.0
87835557,1,154,99.0,283.0
87833104,1,3,85.0,12.0
87830046,1,41,250.0,235.0
87827436,1,0,90.0,362.0
87795401,1,105,60.0,131.0
87782960,1,14,84.0,13.0
88384901,1,0,145.0,0.0
88367005,1,1,36.0,0.0
88361314,1,75,99.0,216.0
88352863,1,6,65.0,0.0
88351271,1,14,45.0,0.0
88334116,1,2,250.0,273.0
88329273,1,180,250.0,229.0
88326259,1,62,225.0,234.0
88322109,1,0,350.0,47.0
88314380,1,0,300.0,179.0
88314328,1,3,54.0,0.0
88221919,1,5,40.0,0.0
88207924,1,4,50.0,0.0
88161763,1,29,150.0,11.0
88152200,1,11,159.0,0.0
88111418,1,12,70.0,323.0
88713943,1,12,175.0,107.0
88681982,1,37,165.0,86.0
88626648,1,11,130.0,0.0
88602231,1,0,111.0,21.0
88593699,1,15,80.0,189.0
88585692,1,19,149.0,363.0
88550022,1,123,85.0,64.0
88547794,1,7,55.0,365.0
88497114,1,15,160.0,71.0
88484548,1,1,70.0,0.0
88450280,1,111,130.0,252.0
88437224,1,0,40.0,0.0
88400958,1,78,58.0,0.0
88399191,1,16,180.0,0.0
88398053,1,5,99.0,0.0
88394152,1,20,120.0,157.0
88945872,1,83,100.0,31.0
88904682,1,2,180.0,2.0
88900561,1,17,60.0,0.0
88895712,1,11,150.0,0.0
88884610,1,15,198.0,4.0
88861099,1,55,88.0,208.0
88852894,1,0,250.0,178.0
88827816,1,0,99.0,365.0
88814777,1,10,145.0,163.0
88801066,1,4,647.0,166.0
88787567,1,4,60.0,0.0
88780960,1,1,31.0,0.0
88777320,1,2,241.0,139.0
88774551,1,1,80.0,0.0
88739067,1,4,37.0,0.0
88734376,1,31,187.0,35.0
872121,1,111,199.0,12.0
871727,1,5,100.0,359.0
869880,1,64,95.0,316.0
869758,1,0,249.0,0.0
868197,1,38,39.0,192.0
867516,1,0,200.0,34.0
867249,1,124,285.0,131.0
865264,1,107,110.0,276.0
865148,1,26,85.0,165.0
864766,1,6,150.0,0.0
864737,1,2,365.0,127.0
88982022,1,15,130.0,0.0
88981564,1,35,175.0,325.0
88972153,1,0,425.0,344.0
88972126,1,3,120.0,0.0
88960729,1,169,199.0,302.0
89221067,1,0,35.0,0.0
89211125,1,87,100.0,322.0
89197711,1,2,79.0,0.0
89196907,1,26,795.0,340.0
89181972,1,14,50.0,206.0
89165708,1,0,80.0,358.0
89161588,1,0,390.0,365.0
89120831,1,42,100.0,23.0
89106916,1,8,170.0,288.0
89071431,1,112,55.0,271.0
89068125,1,1,250.0,0.0
89035025,1,4,65.0,3.0
89022528,1,58,110.0,26.0
89013063,1,12,199.0,12.0
88988332,1,0,1750.0,179.0
872654,1,3,139.0,0.0
89394733,1,0,250.0,244.0
89391604,1,0,35.0,0.0
89386217,1,318,75.0,51.0
89363555,1,5,100.0,0.0
89361094,1,74,289.0,243.0
89351775,1,69,73.0,233.0
89349779,1,5,182.0,19.0
89339003,1,1,70.0,53.0
89337192,1,43,95.0,59.0
89332421,1,4,187.0,0.0
89320309,1,2,30.0,0.0
89316119,1,0,300.0,0.0
89309763,1,0,175.0,79.0
89264510,1,1,50.0,365.0
89245578,1,32,125.0,19.0
89241337,1,0,45.0,0.0
89715420,1,11,85.0,1.0
89691323,1,3,95.0,20.0
89680730,1,16,45.0,139.0
89680675,1,53,185.0,269.0
89629761,1,0,89.0,37.0
89609176,1,7,74.0,90.0
89608382,1,4,224.0,7.0
89599593,1,2,99.0,176.0
89589630,1,86,50.0,198.0
89579683,1,39,135.0,311.0
89541786,1,4,139.0,330.0
89532341,1,19,85.0,89.0
89526812,1,52,65.0,78.0
89523770,1,73,300.0,228.0
89509928,1,9,120.0,0.0
89407287,1,0,1000.0,0.0
89896526,1,1,115.0,4.0
89893236,1,81,90.0,35.0
89886720,1,4,125.0,9.0
89873907,1,0,51.0,317.0
89862690,1,1,75.0,65.0
89861903,1,5,55.0,0.0
89855730,1,4,105.0,0.0
89852528,1,38,45.0,0.0
89842859,1,1,68.0,0.0
89830146,1,0,50.0,29.0
89767580,1,59,250.0,58.0
89759874,1,154,72.0,215.0
89742769,1,54,300.0,48.0
89728139,1,15,89.0,179.0
89724008,1,0,750.0,87.0
89715765,1,0,66.0,0.0
864370,1,62,185.0,0.0
862657,1,11,250.0,22.0
858359,1,5,90.0,0.0
857599,1,1,320.0,93.0
855437,1,7,75.0,111.0
855266,1,1,250.0,0.0
855089,1,0,60.0,0.0
854458,1,11,180.0,0.0
854208,1,35,200.0,51.0
853118,1,25,64.0,18.0
90034872,1,4,75.0,36.0
90025899,1,146,105.0,62.0
89954209,1,82,107.0,284.0
89919417,1,1,70.0,46.0
89905737,1,1,30.0,0.0
89897015,1,0,75.0,0.0
90230216,1,2,102.0,0.0
90227099,1,3,90.0,0.0
90215210,1,37,45.0,84.0
90206857,1,6,180.0,7.0
90169214,1,5,188.0,344.0
90153911,1,2,65.0,0.0
90131587,1,3,109.0,0.0
90130659,1,0,80.0,0.0
90125781,1,1,70.0,0.0
90112329,1,1,279.0,23.0
90096680,1,2,102.0,0.0
90095700,1,0,375.0,283.0
90064069,1,103,60.0,19.0
90058061,1,2,45.0,0.0
90052526,1,5,140.0,18.0
90034926,1,0,43.0,0.0
90477848,1,37,125.0,310.0
90453529,1,24,275.0,127.0
90439931,1,3,74.0,41.0
90401194,1,20,180.0,79.0
90334552,1,0,220.0,0.0
90333053,1,6,160.0,15.0
90332306,1,4,59.0,5.0
90315649,1,3,135.0,0.0
90289877,1,98,36.0,31.0
90285941,1,1,70.0,0.0
90279905,1,9,120.0,0.0
90270616,1,5,279.0,0.0
90258665,1,5,289.0,365.0
90256030,1,1,999.0,0.0
90249125,1,11,85.0,0.0
90237608,1,2,50.0,0.0
90807417,1,14,99.0,50.0
90771408,1,30,70.0,297.0
90765758,1,106,58.0,3.0
90751766,1,8,90.0,179.0
90748448,1,2,85.0,0.0
90731801,1,3,70.0,0.0
90695775,1,6,120.0,152.0
90689056,1,1,55.0,0.0
90687626,1,1,120.0,68.0
90665647,1,35,120.0,337.0
90646927,1,11,100.0,20.0
90629446,1,0,120.0,0.0
90541057,1,32,85.0,0.0
90534522,1,6,240.0,0.0
90531953,1,16,60.0,0.0
90531014,1,10,100.0,66.0
90981550,1,76,125.0,72.0
90956690,1,2,200.0,0.0
90937044,1,16,50.0,0.0
90929344,1,0,200.0,2.0
90893179,1,51,55.0,65.0
90870599,1,0,225.0,79.0
90864500,1,1,800.0,364.0
90857546,1,12,108.0,112.0
90848714,1,20,172.0,7.0
90846964,1,7,99.0,0.0
90839719,1,82,153.0,0.0
90834217,1,53,125.0,215.0
90829719,1,112,125.0,221.0
90824676,1,3,60.0,0.0
90818631,1,6,99.0,5.0
90817506,1,3,50.0,8.0
91184602,1,26,95.0,160.0
91183632,1,0,75.0,43.0
91182678,1,10,42.0,10.0
91176276,1,3,250.0,10.0
91147323,1,159,60.0,153.0
91131716,1,2,40.0,0.0
91111113,1,1,125.0,77.0
91101209,1,1,150.0,154.0
91099303,1,3,59.0,0.0
91092037,1,3,120.0,0.0
91040009,1,31,44.0,172.0
91034542,1,42,10.0,2.0
91018434,1,0,25.0,0.0
91015018,1,29,112.0,84.0
91002349,1,0,65.0,0.0
90996947,1,4,70.0,321.0
91393358,1,15,115.0,44.0
91392933,1,29,249.0,41.0
91390716,1,3,80.0,0.0
91385196,1,0,50.0,363.0
91381742,1,42,60.0,355.0
91364768,1,42,100.0,62.0
91361325,1,103,118.0,17.0
91359302,1,35,35.0,0.0
91358346,1,0,600.0,0.0
91332497,1,3,130.0,0.0
91320722,1,3,47.0,37.0
91292951,1,0,30.0,15.0
91280958,1,1,49.0,0.0
91263364,1,0,135.0,66.0
91261577,1,4,29.0,0.0
91194780,1,79,56.0,56.0
851736,1,4,250.0,8.0
850526,1,6,45.0,0.0
850498,1,0,149.0,62.0
849492,1,90,189.0,303.0
849356,1,22,162.0,156.0
849248,1,2,260.0,3.0
848960,1,18,429.0,0.0
847230,1,7,165.0,0.0
846521,1,18,250.0,9.0
846309,1,23,179.0,25.0
846050,1,0,250.0,0.0
844442,1,0,115.0,0.0
844422,1,0,109.0,0.0
844253,1,1,350.0,292.0
91425821,1,1,124.0,0.0
91393670,1,3,200.0,0.0
91747804,1,33,80.0,39.0
91744449,1,3,85.0,0.0
91718195,1,3,31.0,0.0
91678787,1,83,60.0,300.0
91657065,1,38,105.0,0.0
91645690,1,33,163.0,255.0
91571876,1,13,255.0,239.0
91554527,1,23,50.0,188.0
91526716,1,50,79.0,28.0
91522394,1,133,145.0,178.0
91511951,1,3,250.0,0.0
91510178,1,0,65.0,0.0
91498269,1,31,100.0,82.0
91466201,1,25,200.0,89.0
91445933,1,163,40.0,102.0
91437526,1,6,499.0,176.0
92193254,1,96,97.0,134.0
92190906,1,6,110.0,339.0
92183983,1,17,120.0,0.0
92110601,1,7,50.0,0.0
92067070,1,5,500.0,361.0
91997718,1,109,70.0,364.0
91926697,1,2,350.0,330.0
91909024,1,2,80.0,0.0
91874222,1,4,53.0,0.0
91854658,1,0,500.0,5.0
91851098,1,5,110.0,0.0
91845557,1,0,75.0,0.0
91813899,1,0,115.0,58.0
91804427,1,25,41.0,6.0
91783661,1,12,149.0,151.0
91757655,1,0,450.0,339.0
92509169,1,18,148.0,1.0
92481239,1,4,160.0,2.0
92474771,1,26,65.0,0.0
92467975,1,0,399.0,241.0
92463274,1,15,126.0,2.0
92441472,1,1,37.0,0.0
92325527,1,124,100.0,58.0
92324633,1,7,100.0,32.0
92321381,1,0,145.0,29.0
92307204,1,2,65.0,81.0
92294213,1,12,225.0,0.0
92277042,1,6,50.0,56.0
92238446,1,0,400.0,365.0
92204575,1,1,63.0,0.0
92202937,1,2,100.0,87.0
92195100,1,114,35.0,0.0
844096,1,10,130.0,0.0
842125,1,31,97.0,193.0
841179,1,122,140.0,251.0
840987,1,0,150.0,0.0
840590,1,3,199.0,19.0
840092,1,46,119.0,81.0
839657,1,35,70.0,306.0
839021,1,7,176.0,8.0
838848,1,154,128.0,301.0
838704,1,132,178.0,211.0
838325,1,6,98.0,135.0
92524622,1,35,100.0,0.0
92523072,1,14,150.0,97.0
92520154,1,319,180.0,57.0
92510990,1,5,100.0,42.0
92509632,1,83,80.0,0.0
92733485,1,5,50.0,0.0
92708653,1,34,130.0,147.0
92696117,1,47,200.0,0.0
92690603,1,49,85.0,2.0
92674591,1,18,99.0,50.0
92650708,1,59,88.0,34.0
92649019,1,48,68.0,0.0
92634775,1,3,96.0,0.0
92612757,1,1,200.0,219.0
92611851,1,17,160.0,5.0
92602590,1,27,95.0,0.0
92596736,1,2,53.0,358.0
92588965,1,17,45.0,248.0
92561578,1,7,65.0,309.0
92546730,1,13,55.0,0.0
844227,1,9,74.0,18.0
93031650,1,0,300.0,0.0
93025114,1,0,35.0,0.0
93020402,1,67,129.0,0.0
93011199,1,24,50.0,0.0
92987625,1,0,225.0,0.0
92986768,1,5,94.0,0.0
92963604,1,6,100.0,45.0
92947863,1,0,42.0,0.0
92936093,1,4,65.0,109.0
92899052,1,0,120.0,21.0
92872782,1,115,140.0,298.0
92856787,1,75,250.0,283.0
92835031,1,50,225.0,71.0
92828204,1,36,1200.0,354.0
92772140,1,22,200.0,155.0
92769975,1,2,199.0,8.0
93350397,1,157,259.0,155.0
93339410,1,8,105.0,222.0
93339266,1,0,150.0,0.0
93339222,1,50,125.0,80.0
93335548,1,111,50.0,65.0
93317715,1,1,65.0,0.0
93316008,1,2,50.0,280.0
93315723,1,27,50.0,71.0
93294060,1,39,95.0,26.0
93220722,1,1,75.0,72.0
93211521,1,1,120.0,0.0
93202618,1,7,45.0,0.0
93153006,1,21,88.0,54.0
93090420,1,0,100.0,66.0
93044932,1,80,90.0,73.0
93044732,1,3,65.0,0.0
93561011,1,3,60.0,223.0
93560404,1,31,100.0,195.0
93551842,1,1,80.0,2.0
93533725,1,0,350.0,38.0
93520536,1,9,60.0,20.0
93516714,1,0,120.0,365.0
93469679,1,40,90.0,9.0
93441980,1,38,80.0,308.0
93412728,1,0,100.0,0.0
93393807,1,46,177.0,31.0
93376283,1,4,168.0,0.0
93373413,1,22,198.0,8.0
93368072,1,174,70.0,109.0
93359389,1,18,80.0,39.0
93356179,1,3,121.0,0.0
93355703,1,10,585.0,225.0
94027304,1,5,90.0,0.0
93948524,1,3,125.0,226.0
93859477,1,23,210.0,0.0
93839620,1,133,129.0,61.0
93822547,1,3,185.0,0.0
93763302,1,4,137.0,273.0
93752700,1,1,745.0,28.0
93751838,1,4,40.0,0.0
93743081,1,204,60.0,163.0
93742479,1,10,250.0,0.0
93734865,1,42,85.0,355.0
93723961,1,0,99.0,94.0
93717558,1,17,175.0,27.0
93699493,1,41,250.0,30.0
93690639,1,0,90.0,0.0
93598122,1,7,100.0,31.0
836353,1,22,122.0,15.0
835534,1,16,120.0,2.0
835110,1,131,115.0,241.0
835019,1,7,55.0,286.0
834806,1,3,100.0,0.0
834483,1,15,350.0,0.0
834185,1,17,175.0,0.0
834052,1,5,259.0,122.0
833926,1,11,150.0,0.0
832695,1,6,50.0,0.0
832244,1,26,139.0,205.0
831572,1,12,170.0,0.0
829717,1,26,120.0,14.0
94039418,1,1,25.0,0.0
94038074,1,5,111.0,0.0
94034963,1,0,151.0,0.0
94363111,1,51,110.0,46.0
94265445,1,161,100.0,327.0
94243268,1,0,64.0,83.0
94232838,1,0,70.0,365.0
94206273,1,112,99.0,0.0
94196548,1,5,219.0,0.0
94118056,1,10,130.0,188.0
94111558,1,5,449.0,222.0
94101463,1,15,300.0,357.0
94100727,1,36,87.0,0.0
94092661,1,3,249.0,127.0
94088674,1,2,38.0,0.0
94087334,1,20,120.0,81.0
94087109,1,9,299.0,19.0
94049573,1,16,75.0,199.0
94044308,1,57,41.0,0.0
94553067,1,10,43.0,88.0
94546995,1,15,75.0,4.0
94543911,1,2,115.0,0.0
94543144,1,72,152.0,146.0
94531229,1,6,171.0,48.0
94522062,1,6,67.0,9.0
94513501,1,33,100.0,166.0
94510125,1,0,75.0,73.0
94509134,1,12,190.0,9.0
94467583,1,31,85.0,142.0
94422691,1,1,67.0,0.0
94408885,1,31,210.0,0.0
94395484,1,6,140.0,0.0
94390487,1,11,85.0,170.0
94382194,1,43,150.0,179.0
94380772,1,3,60.0,50.0
94981926,1,27,135.0,365.0
94975490,1,19,85.0,0.0
94974597,1,123,99.0,246.0
94945743,1,3,120.0,0.0
94877519,1,40,180.0,65.0
94864882,1,1,60.0,0.0
94860592,1,5,62.0,0.0
94832914,1,1,139.0,0.0
94820583,1,2,80.0,0.0
94782931,1,7,105.0,6.0
94777797,1,0,60.0,88.0
94707512,1,212,75.0,164.0
94676949,1,97,100.0,30.0
94669886,1,11,115.0,0.0
94648262,1,59,110.0,51.0
94646666,1,7,70.0,0.0
95117581,1,6,150.0,0.0
95114505,1,3,150.0,0.0
95108020,1,37,190.0,28.0
95102570,1,10,239.0,188.0
95101238,1,41,65.0,353.0
95057247,1,0,125.0,0.0
95054582,1,0,70.0,156.0
95051172,1,0,169.0,0.0
95045653,1,1,85.0,0.0
95038818,1,42,70.0,163.0
95033682,1,0,95.0,189.0
95015886,1,0,275.0,16.0
95014144,1,0,70.0,0.0
95010593,1,104,300.0,19.0
95007110,1,0,60.0,343.0
95000637,1,1,295.0,0.0
95485067,1,43,150.0,267.0
95475481,1,2,55.0,0.0
95471685,1,0,280.0,0.0
95467310,1,57,165.0,157.0
95444031,1,0,60.0,0.0
95436015,1,12,450.0,165.0
95419310,1,105,140.0,0.0
95416322,1,18,100.0,0.0
95415432,1,0,280.0,43.0
95381568,1,3,85.0,6.0
95341869,1,47,60.0,77.0
95306427,1,26,100.0,0.0
95286194,1,53,57.0,33.0
95205457,1,6,249.0,0.0
95205288,1,32,110.0,167.0
95175637,1,2,200.0,0.0
828682,1,2,200.0,0.0
828519,1,13,149.0,123.0
827235,1,3,109.0,0.0
826567,1,1,120.0,0.0
826553,1,6,80.0,56.0
826493,1,0,58.0,0.0
826459,1,241,91.0,287.0
826192,1,168,49.0,248.0
825856,1,2,76.0,0.0
825252,1,45,125.0,0.0
825022,1,34,226.0,302.0
824689,1,22,112.0,313.0
823392,1,11,73.0,21.0
822839,1,47,70.0,54.0
822034,1,0,210.0,54.0
95552798,1,19,250.0,7.0
95796044,1,6,68.0,87.0
95785961,1,85,80.0,28.0
95777134,1,57,120.0,48.0
95740953,1,3,55.0,0.0
95734400,1,4,122.0,0.0
95727501,1,5,115.0,66.0
95688223,1,6,250.0,92.0
95635119,1,7,42.0,131.0
95623284,1,1,40.0,179.0
95623010,1,145,185.0,215.0
95608415,1,2,225.0,0.0
95604631,1,0,79.0,110.0
95599073,1,79,200.0,28.0
95597107,1,3,130.0,13.0
95575605,1,0,250.0,0.0
829652,1,105,400.0,304.0
96080998,1,0,139.0,0.0
96079975,1,0,140.0,158.0
96076215,1,58,105.0,0.0
96064985,1,9,89.0,18.0
96049478,1,4,550.0,14.0
96024343,1,103,299.0,335.0
95999344,1,5,250.0,360.0
95994558,1,0,200.0,0.0
95949907,1,6,48.0,158.0
95939781,1,1,249.0,0.0
95936966,1,9,59.0,95.0
95921812,1,3,95.0,0.0
95921282,1,29,165.0,362.0
95915902,1,5,100.0,0.0
95913669,1,1,46.0,0.0
95901692,1,36,150.0,29.0
96335626,1,69,43.0,283.0
96328752,1,4,125.0,70.0
96317547,1,0,120.0,0.0
96311058,1,11,180.0,280.0
96303866,1,8,44.0,3.0
96301426,1,2,50.0,0.0
96241686,1,0,125.0,0.0
96240355,1,9,75.0,0.0
96235534,1,94,130.0,116.0
96222872,1,11,299.0,194.0
96219565,1,2,115.0,360.0
96202421,1,0,350.0,0.0
96186778,1,72,75.0,56.0
96148809,1,100,150.0,0.0
96101938,1,19,88.0,0.0
96089493,1,1,60.0,0.0
820011,1,59,140.0,268.0
819759,1,5,65.0,64.0
819674,1,0,450.0,4.0
819636,1,5,102.0,0.0
819257,1,0,200.0,0.0
818753,1,0,295.0,5.0
818585,1,1,76.0,41.0
818508,1,15,100.0,0.0
817948,1,1,30.0,0.0
816014,1,0,55.0,193.0
816008,1,8,100.0,0.0
815741,1,8,249.0,0.0
96363026,1,11,600.0,64.0
96361528,1,6,160.0,168.0
96347734,1,47,275.0,275.0
96347002,1,0,150.0,364.0
96686669,1,16,125.0,0.0
96677104,1,0,189.0,0.0
96669597,1,8,150.0,238.0
96647029,1,3,84.0,6.0
96608840,1,1,90.0,329.0
96595601,1,21,135.0,0.0
96591454,1,71,175.0,162.0
96589640,1,0,128.0,178.0
96560825,1,0,250.0,0.0
96438921,1,0,96.0,0.0
96437032,1,0,37.0,0.0
96430287,1,0,200.0,87.0
96413175,1,4,150.0,0.0
96368935,1,3,89.0,0.0
820649,1,0,190.0,0.0
820046,1,13,60.0,0.0
96986507,1,12,270.0,365.0
96978953,1,27,125.0,136.0
96978924,1,5,85.0,124.0
96975337,1,1,69.0,359.0
96892684,1,113,65.0,266.0
96867847,1,10,175.0,0.0
96864161,1,38,129.0,192.0
96856335,1,49,125.0,347.0
96841679,1,96,85.0,340.0
96829433,1,14,55.0,0.0
96773131,1,8,300.0,192.0
96742320,1,2,98.0,0.0
96735874,1,23,120.0,37.0
96735804,1,32,110.0,272.0
96718265,1,0,45.0,7.0
96710414,1,8,120.0,328.0
812866,1,0,450.0,0.0
812814,1,15,79.0,0.0
812331,1,1,150.0,7.0
810560,1,3,190.0,0.0
810311,1,3,100.0,89.0
810266,1,1,125.0,0.0
810050,1,1,60.0,157.0
809716,1,0,350.0,365.0
808206,1,1,50.0,0.0
808189,1,41,111.0,4.0
807404,1,0,310.0,0.0
97032243,1,0,40.0,0.0
97015202,1,61,150.0,8.0
97012192,1,6,100.0,0.0
97001292,1,43,10.0,252.0
96996010,1,23,205.0,363.0
97323051,1,3,66.0,0.0
97322120,1,0,80.0,158.0
97300191,1,9,110.0,8.0
97266110,1,2,180.0,365.0
97186572,1,59,300.0,73.0
97172649,1,0,200.0,263.0
97170205,1,9,65.0,0.0
97166562,1,88,82.0,14.0
97148702,1,104,185.0,262.0
97131241,1,27,115.0,94.0
97122846,1,109,75.0,232.0
97118521,1,5,50.0,0.0
97086824,1,434,49.0,102.0
815619,1,1,118.0,68.0
815436,1,33,135.0,9.0
813647,1,13,85.0,5.0
97681343,1,0,62.0,54.0
97658205,1,5,35.0,0.0
97657342,1,98,146.0,79.0
97640457,1,0,90.0,171.0
97633452,1,0,150.0,91.0
97631810,1,218,50.0,153.0
97546900,1,33,75.0,20.0
97538710,1,82,88.0,67.0
97521826,1,1,120.0,179.0
97510172,1,4,30.0,0.0
97454026,1,60,60.0,60.0
97441717,1,1,65.0,0.0
97395286,1,6,160.0,6.0
97378432,1,1,75.0,180.0
97336460,1,0,100.0,0.0
97328229,1,3,46.0,179.0
97964040,1,3,150.0,0.0
97961443,1,0,129.0,0.0
97907084,1,0,28.0,0.0
97862729,1,1,100.0,0.0
97856969,1,1,98.0,0.0
97843035,1,0,300.0,364.0
97842006,1,51,225.0,9.0
97833986,1,93,77.0,115.0
97825348,1,20,150.0,76.0
97822063,1,2,47.0,56.0
97808036,1,16,600.0,96.0
97796457,1,17,2500.0,0.0
97794621,1,76,70.0,76.0
97779735,1,15,70.0,292.0
97763801,1,5,149.0,66.0
97682736,1,1,250.0,0.0
98485181,1,16,79.0,173.0
98455047,1,0,258.0,362.0
98442821,1,1,205.0,349.0
98416305,1,71,140.0,291.0
98341498,1,77,150.0,258.0
98308046,1,110,150.0,152.0
98279802,1,0,45.0,0.0
98267290,1,0,130.0,185.0
98235552,1,0,60.0,0.0
98157128,1,38,100.0,107.0
98093770,1,13,44.0,0.0
98056984,1,2,150.0,0.0
98053423,1,31,99.0,123.0
98040412,1,0,300.0,0.0
98039499,1,6,249.0,116.0
98038838,1,18,70.0,0.0
806818,1,121,150.0,287.0
806214,1,117,37.0,232.0
806112,1,87,75.0,0.0
805843,1,5,175.0,0.0
804812,1,48,150.0,330.0
803468,1,6,109.0,0.0
802971,1,3,120.0,1.0
801883,1,188,110.0,158.0
801538,1,0,150.0,341.0
801176,1,2,205.0,0.0
800982,1,147,190.0,27.0
98714463,1,94,110.0,26.0
98705818,1,6,550.0,249.0
98673234,1,7,185.0,107.0
98662265,1,1,85.0,43.0
98522037,1,5,100.0,0.0
99144947,1,0,80.0,79.0
99139601,1,170,100.0,83.0
99137905,1,1,60.0,269.0
99133678,1,0,25.0,0.0
99097436,1,145,100.0,9.0
98978751,1,4,70.0,153.0
98956556,1,19,150.0,1.0
98868828,1,0,65.0,89.0
98862249,1,0,150.0,89.0
98861076,1,136,90.0,204.0
98853519,1,12,174.0,0.0
98841235,1,2,114.0,104.0
98828133,1,129,160.0,220.0
98816024,1,24,95.0,5.0
98810918,1,56,95.0,50.0
807340,1,135,75.0,174.0
99434002,1,88,149.0,76.0
99380211,1,1,70.0,132.0
99346174,1,0,50.0,0.0
99346083,1,0,125.0,365.0
99274925,1,24,40.0,89.0
99270668,1,0,57.0,0.0
99268393,1,42,175.0,238.0
99256824,1,0,250.0,0.0
99246264,1,3,479.0,120.0
99245631,1,3,90.0,0.0
99242527,1,90,255.0,194.0
99237414,1,21,79.0,46.0
99235017,1,74,138.0,83.0
99205045,1,2,60.0,363.0
99149791,1,2,160.0,10.0
99145869,1,6,120.0,164.0
99895085,1,11,88.0,85.0
99884541,1,0,50.0,0.0
99865195,1,59,335.0,263.0
99804239,1,100,51.0,296.0
99763169,1,3,220.0,36.0
99695025,1,1,121.0,0.0
99665419,1,9,75.0,0.0
99658452,1,1,139.0,0.0
99652823,1,0,50.0,0.0
99651727,1,26,120.0,260.0
99642772,1,0,210.0,0.0
99634835,1,68,160.0,19.0
99602138,1,36,150.0,5.0
99552750,1,83,190.0,104.0
99542612,1,0,50.0,0.0
99539943,1,4,189.0,365.0
800223,1,25,200.0,0.0
799566,1,0,80.0,0.0
799317,1,1,175.0,0.0
798949,1,0,99.0,0.0
798653,1,7,119.0,0.0
798380,1,1,120.0,172.0
797100,1,3,229.0,67.0
796111,1,3,150.0,83.0
795889,1,2,219.0,0.0
795640,1,6,350.0,0.0
794878,1,5,150.0,39.0
794727,1,11,60.0,0.0
794042,1,8,115.0,0.0
793833,1,133,85.0,34.0
99937669,1,209,70.0,203.0
99927578,1,0,300.0,83.0
100554481,1,6,68.0,0.0
100427647,1,0,195.0,160.0
100424005,1,9,39.0,0.0
100421535,1,2,350.0,0.0
100401692,1,53,90.0,201.0
100354001,1,76,65.0,65.0
100345999,1,1,80.0,0.0
100202479,1,86,100.0,25.0
100197679,1,2,195.0,351.0
100182541,1,2,50.0,0.0
100113704,1,75,235.0,151.0
100107219,1,68,160.0,48.0
100069033,1,4,5000.0,0.0
100032033,1,0,35.0,0.0
99956350,1,2,90.0,362.0
800720,1,0,1000.0,0.0
100841539,1,118,58.0,21.0
100836839,1,1,70.0,0.0
100833625,1,4,49.0,0.0
100812175,1,108,51.0,306.0
100784323,1,14,50.0,0.0
100781220,1,67,110.0,191.0
100757200,1,188,126.0,295.0
100746171,1,76,129.0,74.0
100721907,1,87,78.0,44.0
100704594,1,21,225.0,8.0
100701558,1,0,100.0,0.0
100698803,1,25,478.0,148.0
100685031,1,68,148.0,98.0
100675420,1,87,70.0,8.0
100656374,1,68,110.0,299.0
100586983,1,209,93.0,86.0
101144679,1,26,90.0,3.0
101132948,1,8,2590.0,361.0
101131904,1,59,40.0,39.0
101131690,1,22,175.0,12.0
101127101,1,26,150.0,0.0
101113812,1,10,198.0,0.0
101113595,1,2,89.0,0.0
101109383,1,1,500.0,257.0
101080203,1,1,3000.0,365.0
101067646,1,3,173.0,0.0
101053359,1,2,99.0,0.0
100981446,1,1,199.0,156.0
100971588,1,37,75.0,26.0
100970377,1,3,200.0,0.0
100965471,1,3,119.0,0.0
100842144,1,8,143.0,365.0
101430405,1,0,450.0,0.0
101410003,1,2,279.0,26.0
101388075,1,18,104.0,34.0
101378990,1,4,179.0,337.0
101369464,1,115,100.0,323.0
101367917,1,4,150.0,0.0
101328784,1,13,265.0,130.0
101304664,1,4,60.0,16.0
101289150,1,86,86.0,171.0
101276529,1,73,96.0,343.0
101262037,1,5,65.0,66.0
101258676,1,116,48.0,343.0
101216314,1,28,65.0,163.0
101215475,1,10,90.0,77.0
101170573,1,1,80.0,0.0
101170153,1,10,100.0,177.0
793620,1,34,75.0,222.0
793225,1,10,125.0,0.0
792823,1,0,175.0,0.0
792365,1,9,200.0,9.0
792159,1,480,60.0,0.0
791287,1,188,250.0,259.0
791011,1,0,240.0,81.0
790288,1,0,200.0,11.0
790177,1,119,40.0,0.0
789257,1,129,185.0,14.0
787273,1,7,500.0,0.0
787261,1,152,250.0,109.0
787204,1,20,200.0,365.0
786862,1,2,90.0,0.0
101493347,1,18,79.0,5.0
101457588,1,1,70.0,0.0
781180,1,1,150.0,35.0
780958,1,11,100.0,0.0
780952,1,7,120.0,0.0
780477,1,77,275.0,256.0
779474,1,9,128.0,236.0
778994,1,5,300.0,2.0
778746,1,0,51.0,0.0
778293,1,73,95.0,131.0
101672721,1,0,125.0,0.0
101632253,1,20,100.0,188.0
101604346,1,213,116.0,314.0
101569412,1,17,100.0,11.0
101557399,1,56,120.0,85.0
101533618,1,7,120.0,0.0
101529107,1,1,164.0,0.0
793717,1,38,162.0,314.0
102016115,1,89,125.0,310.0
102011406,1,16,99.0,130.0
101978485,1,59,125.0,88.0
101976032,1,69,499.0,280.0
101965358,1,2,200.0,173.0
101890546,1,3,229.0,362.0
101883929,1,83,182.0,254.0
101856518,1,0,180.0,0.0
101809002,1,7,28.0,0.0
101776118,1,92,90.0,312.0
101772343,1,8,136.0,0.0
101720883,1,24,65.0,0.0
785940,1,4,150.0,0.0
782801,1,9,125.0,192.0
782008,1,1,75.0,0.0
781674,1,5,100.0,0.0
102332204,1,11,150.0,38.0
102325214,1,10,359.0,2.0
102294498,1,45,135.0,0.0
102287990,1,0,100.0,365.0
102278506,1,6,110.0,0.0
102251846,1,127,160.0,270.0
102243363,1,4,110.0,0.0
102242694,1,1,35.0,24.0
102218558,1,52,70.0,0.0
102180676,1,0,120.0,49.0
102114290,1,5,59.0,0.0
102112347,1,22,350.0,21.0
102103075,1,216,139.0,257.0
102075715,1,1,80.0,350.0
102072773,1,8,55.0,0.0
102072740,1,2,75.0,0.0
102588471,1,6,95.0,35.0
102542851,1,0,129.0,0.0
102526590,1,52,65.0,40.0
102526456,1,122,142.0,80.0
102518726,1,2,145.0,0.0
102501688,1,2,70.0,348.0
102500495,1,127,80.0,7.0
102488175,1,84,75.0,322.0
102478101,1,4,289.0,0.0
102442325,1,2,47.0,0.0
102415020,1,91,109.0,212.0
102373033,1,1,249.0,149.0
102367813,1,7,99.0,0.0
102357305,1,40,250.0,70.0
102351927,1,10,224.0,0.0
102347748,1,112,38.0,5.0
102841376,1,3,139.0,0.0
102811343,1,131,100.0,8.0
102796618,1,5,35.0,62.0
102792338,1,0,65.0,0.0
102763548,1,0,270.0,46.0
102758330,1,57,358.0,182.0
102754726,1,34,300.0,180.0
102742122,1,31,120.0,352.0
102731382,1,58,300.0,36.0
102692931,1,10,179.0,17.0
102685703,1,0,120.0,0.0
102655617,1,1,2000.0,0.0
102649225,1,21,125.0,0.0
102624893,1,68,85.0,0.0
102618751,1,24,300.0,294.0
102599996,1,6,40.0,0.0
778213,1,0,250.0,107.0
777522,1,3,105.0,0.0
776645,1,29,130.0,119.0
776490,1,37,450.0,15.0
776290,1,1,115.0,5.0
775409,1,34,140.0,54.0
774128,1,1,125.0,0.0
773928,1,6,110.0,363.0
772862,1,24,160.0,365.0
772300,1,3,90.0,0.0
770831,1,103,200.0,235.0
770004,1,2,350.0,0.0
769247,1,10,200.0,0.0
768181,1,1,120.0,0.0
767764,1,31,200.0,51.0
102848162,1,1,149.0,189.0
103152379,1,22,199.0,329.0
103131157,1,2,115.0,88.0
103129069,1,44,169.0,64.0
103128664,1,71,128.0,171.0
103125301,1,0,175.0,154.0
103087934,1,61,158.0,264.0
103049729,1,4,78.0,0.0
102933312,1,0,45.0,0.0
102926533,1,11,175.0,0.0
102924482,1,41,60.0,98.0
102913031,1,33,350.0,346.0
102896902,1,3,70.0,178.0
102888703,1,0,100.0,42.0
102866746,1,1,300.0,179.0
102863031,1,32,80.0,336.0
102854098,1,1,450.0,263.0
103361884,1,25,44.0,3.0
103349564,1,53,250.0,2.0
103336088,1,5,85.0,62.0
103281721,1,17,49.0,0.0
103277215,1,5,190.0,0.0
103273584,1,3,900.0,83.0
103270784,1,107,130.0,81.0
103265024,1,0,58.0,0.0
103259676,1,14,150.0,0.0
103240731,1,0,150.0,0.0
103223295,1,8,80.0,0.0
103217662,1,1,50.0,0.0
103216104,1,1,60.0,0.0
103170539,1,11,29.0,156.0
103166867,1,0,160.0,0.0
103158392,1,61,115.0,137.0
103611863,1,7,40.0,318.0
103611173,1,0,60.0,0.0
103605111,1,36,45.0,52.0
103597496,1,0,275.0,0.0
103554758,1,88,110.0,248.0
103545877,1,2,100.0,36.0
103485354,1,2,185.0,41.0
103477264,1,30,45.0,0.0
103471052,1,17,135.0,0.0
103452342,1,21,105.0,352.0
103450258,1,12,105.0,335.0
103434234,1,65,255.0,5.0
103411445,1,25,59.0,60.0
103380674,1,80,55.0,0.0
103368847,1,25,150.0,129.0
103367641,1,8,110.0,0.0
103883083,1,1,33.0,0.0
103875907,1,4,35.0,0.0
103865219,1,2,350.0,127.0
103863147,1,32,159.0,56.0
103862923,1,4,37.0,0.0
103848813,1,8,149.0,0.0
103843016,1,0,50.0,0.0
103839925,1,0,200.0,0.0
103745233,1,54,60.0,0.0
103716352,1,0,50.0,28.0
103681571,1,5,60.0,2.0
103678761,1,9,160.0,0.0
103631576,1,5,100.0,0.0
103630226,1,0,120.0,362.0
103628289,1,1,130.0,4.0
103615271,1,1,50.0,10.0
104124704,1,11,55.0,0.0
104122404,1,117,91.0,60.0
104117770,1,7,130.0,0.0
104116468,1,55,90.0,66.0
104084124,1,9,161.0,317.0
104064206,1,6,85.0,0.0
104060705,1,4,115.0,35.0
104055319,1,12,55.0,4.0
104051773,1,4,91.0,12.0
104035649,1,0,50.0,0.0
104028121,1,0,41.0,38.0
104025635,1,0,125.0,0.0
103995602,1,102,89.0,70.0
103981529,1,9,76.0,0.0
103922915,1,3,149.0,0.0
103892907,1,2,103.0,0.0
104300362,1,17,45.0,314.0
104286680,1,1,250.0,88.0
104262874,1,17,40.0,0.0
104254967,1,62,95.0,118.0
104246751,1,36,95.0,79.0
104238268,1,16,199.0,150.0
104235754,1,27,100.0,39.0
104222590,1,3,33.0,0.0
104188124,1,62,70.0,40.0
104177785,1,14,250.0,1.0
104170260,1,1,99.0,0.0
104167105,1,8,120.0,0.0
104157084,1,2,60.0,342.0
104151293,1,1,160.0,26.0
104134325,1,113,135.0,86.0
104125363,1,1,70.0,0.0
104542199,1,3,200.0,90.0
104516875,1,3,130.0,0.0
104513848,1,1,250.0,60.0
104500369,1,3,75.0,0.0
104475208,1,0,250.0,365.0
104470941,1,34,90.0,170.0
104425922,1,12,225.0,363.0
104423008,1,1,45.0,6.0
104401765,1,42,99.0,5.0
104386567,1,0,450.0,173.0
104368542,1,5,150.0,103.0
104364388,1,11,350.0,275.0
104351616,1,0,50.0,0.0
104350692,1,16,110.0,0.0
104348941,1,1,150.0,0.0
104311294,1,2,100.0,0.0
766580,1,55,179.0,185.0
766182,1,1,170.0,365.0
764688,1,1,160.0,0.0
764549,1,44,142.0,246.0
763439,1,1,50.0,0.0
763420,1,102,145.0,308.0
762563,1,4,130.0,0.0
761943,1,12,225.0,72.0
759883,1,37,150.0,0.0
758655,1,3,350.0,22.0
758520,1,3,99.0,0.0
104607422,1,29,119.0,103.0
104584267,1,3,75.0,365.0
104569137,1,0,60.0,40.0
104568045,1,0,55.0,364.0
104558512,1,78,86.0,149.0
104821930,1,9,120.0,0.0
104816559,1,30,85.0,90.0
104814891,1,152,80.0,105.0
104813064,1,6,56.0,0.0
104796372,1,2,65.0,7.0
104781467,1,1,199.0,0.0
104775467,1,0,120.0,0.0
104700532,1,1,55.0,6.0
104691618,1,36,180.0,2.0
104684975,1,1,140.0,178.0
104675082,1,1,300.0,25.0
104661811,1,12,105.0,89.0
104653500,1,0,100.0,0.0
104623425,1,1,60.0,0.0
767346,1,6,90.0,0.0
766920,1,4,100.0,0.0
105130665,1,44,250.0,52.0
105124052,1,35,28.0,43.0
105085784,1,54,75.0,20.0
105079063,1,20,65.0,0.0
105075484,1,88,117.0,349.0
105075265,1,0,40.0,0.0
105069538,1,8,175.0,66.0
105056232,1,0,300.0,0.0
105049322,1,16,125.0,157.0
104960784,1,1,50.0,0.0
104921994,1,7,128.0,142.0
104911818,1,0,225.0,90.0
104905299,1,0,159.0,345.0
104892816,1,1,70.0,0.0
104859044,1,7,35.0,0.0
104838182,1,14,85.0,0.0
756577,1,0,100.0,0.0
755603,1,4,150.0,0.0
755172,1,20,230.0,282.0
754952,1,1,395.0,0.0
754675,1,3,75.0,0.0
752478,1,0,200.0,0.0
751743,1,59,50.0,0.0
751120,1,21,120.0,0.0
749126,1,8,145.0,0.0
748365,1,4,200.0,4.0
747934,1,5,103.0,211.0
747698,1,11,175.0,358.0
747681,1,1,95.0,5.0
105154603,1,1,40.0,0.0
105154396,1,22,160.0,110.0
105139019,1,3,90.0,0.0
105348414,1,1,200.0,36.0
105344359,1,4,120.0,0.0
105341430,1,116,100.0,65.0
105340458,1,8,250.0,0.0
105328014,1,5,90.0,154.0
105315839,1,75,75.0,294.0
105270072,1,0,125.0,0.0
105258361,1,38,100.0,14.0
105239473,1,22,65.0,89.0
105225099,1,1,500.0,0.0
105221828,1,1,60.0,0.0
105190318,1,2,99.0,52.0
105163782,1,60,110.0,47.0
105162882,1,1,110.0,0.0
758152,1,0,82.0,0.0
757166,1,88,72.0,164.0
105506002,1,1,44.0,84.0
105489342,1,73,129.0,82.0
105485520,1,9,285.0,0.0
105481269,1,0,800.0,88.0
105462484,1,4,130.0,0.0
105461266,1,71,200.0,230.0
105455587,1,0,60.0,0.0
105448689,1,0,139.0,29.0
105447387,1,0,80.0,323.0
105444832,1,0,35.0,246.0
105389630,1,0,190.0,0.0
105384236,1,11,80.0,31.0
105372357,1,17,75.0,112.0
105359406,1,1,135.0,0.0
105355373,1,0,143.0,57.0
105349749,1,10,80.0,8.0
105703386,1,0,390.0,0.0
105668518,1,4,100.0,0.0
105642760,1,4,350.0,51.0
105632711,1,25,144.0,12.0
105622510,1,10,52.0,5.0
105620723,1,4,150.0,0.0
105620188,1,0,350.0,41.0
105606522,1,1,70.0,0.0
105584927,1,8,75.0,0.0
105582490,1,20,40.0,0.0
105579614,1,0,80.0,72.0
105572926,1,2,85.0,0.0
105572605,1,15,72.0,1.0
105513623,1,51,130.0,83.0
105511610,1,76,98.0,46.0
105507665,1,73,150.0,228.0
746552,1,2,200.0,365.0
746006,1,3,90.0,0.0
745486,1,66,895.0,365.0
745186,1,1,200.0,283.0
743742,1,294,198.0,233.0
743732,1,0,70.0,0.0
743716,1,3,120.0,0.0
743321,1,0,125.0,34.0
742949,1,1,249.0,89.0
742729,1,37,154.0,0.0
740756,1,14,199.0,0.0
740656,1,168,320.0,269.0
105758386,1,2,100.0,0.0
105758291,1,35,150.0,105.0
105753805,1,8,70.0,302.0
105707375,1,12,98.0,0.0
106067584,1,0,225.0,179.0
106063627,1,0,130.0,0.0
106046570,1,2,100.0,269.0
106043391,1,0,60.0,0.0
106030531,1,1,110.0,0.0
106018910,1,2,85.0,0.0
105983342,1,1,100.0,0.0
105956343,1,13,125.0,0.0
105831144,1,1,240.0,0.0
105828057,1,61,49.0,0.0
105825171,1,2,93.0,0.0
105799162,1,12,200.0,206.0
105797483,1,16,400.0,47.0
105763296,1,8,100.0,270.0
747671,1,7,180.0,0.0
747031,1,138,500.0,282.0
106335321,1,29,110.0,19.0
106327066,1,1,50.0,0.0
106321136,1,0,35.0,0.0
106309624,1,6,153.0,0.0
106304833,1,25,75.0,62.0
106291193,1,0,35.0,0.0
106241822,1,5,37.0,0.0
106232698,1,30,195.0,0.0
106197923,1,99,85.0,56.0
106197850,1,1,50.0,0.0
106193743,1,0,100.0,0.0
106168581,1,88,210.0,20.0
106168229,1,1,30.0,34.0
106159574,1,3,90.0,0.0
106130636,1,1,75.0,0.0
106068562,1,1,180.0,0.0
106546614,1,0,40.0,0.0
106544984,1,0,125.0,0.0
106538072,1,3,200.0,13.0
106451051,1,8,40.0,6.0
106445501,1,46,200.0,234.0
106445337,1,1,139.0,0.0
106438891,1,1,100.0,0.0
106437594,1,5,165.0,0.0
106436231,1,1,225.0,0.0
106418986,1,0,250.0,62.0
106407359,1,121,75.0,3.0
106405713,1,5,100.0,135.0
106401814,1,0,180.0,0.0
106396058,1,1,135.0,0.0
106394077,1,0,65.0,0.0
106351521,1,0,100.0,0.0
106746084,1,0,55.0,0.0
106742582,1,2,65.0,0.0
106732476,1,0,110.0,0.0
106723044,1,1,100.0,0.0
106720090,1,0,95.0,0.0
106714852,1,2,151.0,0.0
106692652,1,7,47.0,0.0
106667717,1,9,85.0,364.0
106667600,1,3,42.0,326.0
106654118,1,59,179.0,198.0
106651452,1,0,70.0,0.0
106647991,1,3,52.0,0.0
106627653,1,7,585.0,0.0
106609860,1,37,60.0,54.0
106555930,1,0,150.0,0.0
106555852,1,34,88.0,86.0
739592,1,0,120.0,0.0
739539,1,5,171.0,8.0
739499,1,175,175.0,236.0
737641,1,30,50.0,0.0
737585,1,104,125.0,22.0
737515,1,0,275.0,0.0
736815,1,28,250.0,4.0
735786,1,39,55.0,311.0
735701,1,252,221.0,256.0
735287,1,0,150.0,215.0
733543,1,10,131.0,12.0
733370,1,23,69.0,207.0
106819890,1,0,300.0,0.0
106816918,1,37,150.0,0.0
106783508,1,0,35.0,0.0
106766048,1,12,45.0,0.0
106950680,1,3,274.0,0.0
106949780,1,5,145.0,0.0
106948369,1,7,110.0,9.0
106940881,1,124,71.0,64.0
106940781,1,0,50.0,0.0
106932244,1,4,51.0,0.0
106921180,1,2,33.0,0.0
106897471,1,90,60.0,0.0
106894257,1,1,93.0,0.0
106863782,1,2,175.0,0.0
106857875,1,0,140.0,255.0
106827427,1,2,30.0,0.0
106825862,1,0,308.0,37.0
106823925,1,0,100.0,69.0
740032,1,28,140.0,192.0
740029,1,1,100.0,0.0
107161778,1,0,100.0,0.0
107158968,1,8,45.0,0.0
107158006,1,119,60.0,198.0
107136259,1,1,199.0,0.0
107090465,1,2,125.0,170.0
107085019,1,1,65.0,348.0
107075694,1,3,65.0,0.0
107069094,1,3,240.0,85.0
107058927,1,0,50.0,0.0
107055014,1,30,147.0,28.0
107053757,1,69,225.0,329.0
107053688,1,5,500.0,0.0
106977720,1,2,50.0,0.0
106963874,1,2,50.0,0.0
106955062,1,16,100.0,0.0
106951556,1,11,129.0,188.0
107393843,1,1,125.0,0.0
107382521,1,36,100.0,0.0
107374902,1,5,182.0,41.0
107362574,1,0,110.0,89.0
107294313,1,93,139.0,217.0
107291364,1,1,50.0,0.0
107263278,1,0,40.0,46.0
107240480,1,0,50.0,0.0
107234799,1,1,27.0,0.0
107211000,1,5,225.0,337.0
107198157,1,0,119.0,0.0
107183778,1,26,98.0,215.0
107179840,1,8,90.0,0.0
107177716,1,168,130.0,203.0
107169456,1,46,90.0,260.0
107162130,1,0,119.0,0.0
107662519,1,0,400.0,0.0
107562106,1,0,295.0,0.0
107556087,1,2,89.0,88.0
107516522,1,34,115.0,81.0
107504230,1,2,100.0,0.0
107484794,1,22,160.0,77.0
107471514,1,0,123.0,0.0
107459717,1,2,144.0,0.0
107437866,1,59,149.0,328.0
107420184,1,28,50.0,93.0
107417836,1,73,200.0,329.0
107417162,1,6,130.0,106.0
107416436,1,1,70.0,0.0
107412747,1,133,280.0,359.0
107407045,1,0,35.0,44.0
107398940,1,2,150.0,0.0
733286,1,1,225.0,0.0
733282,1,4,250.0,0.0
733168,1,3,175.0,0.0
733034,1,4,126.0,0.0
732985,1,9,248.0,363.0
731904,1,25,95.0,359.0
731855,1,0,150.0,8.0
731582,1,2,119.0,0.0
729279,1,34,96.0,0.0
728477,1,3,375.0,296.0
727585,1,227,92.0,173.0
727410,1,18,140.0,11.0
727114,1,11,54.0,0.0
107682732,1,93,100.0,12.0
107671914,1,36,90.0,50.0
107670361,1,0,125.0,0.0
107978473,1,3,60.0,0.0
107955341,1,5,400.0,0.0
107950422,1,5,88.0,24.0
107948590,1,1,59.0,0.0
107939984,1,78,150.0,29.0
107883536,1,0,159.0,0.0
107836752,1,0,350.0,0.0
107836121,1,1,150.0,0.0
107833451,1,1,200.0,0.0
107830761,1,1,36.0,0.0
107830392,1,91,75.0,188.0
107786131,1,0,150.0,0.0
107778395,1,9,55.0,20.0
107712560,1,15,41.0,0.0
107704855,1,1,60.0,0.0
107699884,1,42,86.0,24.0
108367656,1,10,225.0,0.0
108355692,1,0,57.0,87.0
108302188,1,8,49.0,18.0
108286255,1,3,60.0,0.0
108275969,1,0,57.0,0.0
108275491,1,1,110.0,0.0
108272855,1,108,90.0,144.0
108207108,1,0,200.0,177.0
108188109,1,75,100.0,36.0
108157026,1,0,120.0,0.0
108079367,1,0,105.0,40.0
108078909,1,7,113.0,0.0
108061424,1,3,85.0,0.0
108055585,1,9,300.0,105.0
108009985,1,8,225.0,0.0
107987935,1,0,175.0,311.0
108608482,1,2,100.0,0.0
108605013,1,2,100.0,24.0
108578737,1,0,50.0,0.0
108576923,1,0,150.0,177.0
108561042,1,0,40.0,0.0
108546781,1,5,75.0,1.0
108512889,1,0,12.0,359.0
108494755,1,0,75.0,0.0
108489381,1,1,165.0,0.0
108464471,1,0,100.0,365.0
108457539,1,2,55.0,0.0
108454497,1,0,35.0,179.0
108448918,1,13,55.0,0.0
108448613,1,9,80.0,0.0
108433379,1,0,130.0,89.0
108426646,1,4,70.0,0.0
109004750,1,0,40.0,364.0
108982711,1,70,180.0,175.0
108922928,1,1,49.0,0.0
108902280,1,26,59.0,173.0
108894035,1,12,139.0,25.0
108890111,1,1,90.0,0.0
108836422,1,0,50.0,0.0
108810117,1,4,175.0,9.0
108795105,1,7,89.0,188.0
108786369,1,8,130.0,0.0
108781530,1,1,35.0,0.0
108774275,1,14,115.0,3.0
108746563,1,22,149.0,13.0
108653826,1,2,139.0,0.0
108640056,1,0,350.0,131.0
108621536,1,2,209.0,0.0
109270724,1,1,210.0,0.0
109195230,1,7,42.0,0.0
109189054,1,0,65.0,0.0
109162710,1,41,141.0,334.0
109155011,1,82,75.0,179.0
109146538,1,46,60.0,30.0
109142193,1,0,69.0,0.0
109141116,1,0,80.0,0.0
109106746,1,5,75.0,0.0
109074907,1,1,150.0,0.0
109061785,1,40,189.0,73.0
109040481,1,54,125.0,341.0
109036773,1,15,220.0,14.0
109033183,1,6,40.0,0.0
109016966,1,20,50.0,244.0
109012504,1,1,40.0,0.0
726197,1,0,129.0,332.0
725286,1,22,130.0,134.0
724870,1,16,130.0,0.0
724633,1,6,1000.0,19.0
723184,1,0,65.0,0.0
722831,1,9,225.0,280.0
722320,1,414,129.0,245.0
721833,1,0,184.0,0.0
721267,1,2,115.0,0.0
720974,1,13,120.0,13.0
720558,1,101,105.0,167.0
720510,1,16,100.0,55.0
720320,1,0,250.0,0.0
719497,1,0,75.0,0.0
718630,1,2,150.0,3.0
109276977,1,1,59.0,0.0
109583232,1,4,150.0,121.0
109567034,1,15,150.0,69.0
109533480,1,1,500.0,365.0
109527682,1,10,72.0,175.0
109516888,1,1,175.0,252.0
109507109,1,21,60.0,51.0
109498113,1,103,125.0,185.0
109448921,1,12,75.0,8.0
109402182,1,3,59.0,24.0
109389069,1,7,98.0,4.0
109378554,1,32,149.0,75.0
109371945,1,2,70.0,0.0
109357781,1,1,225.0,153.0
109327526,1,57,135.0,0.0
109306113,1,39,149.0,75.0
726333,1,19,250.0,0.0
109884885,1,4,195.0,0.0
109874158,1,0,45.0,0.0
109865937,1,41,280.0,343.0
109859103,1,0,123.0,0.0
109855383,1,6,40.0,0.0
109852649,1,0,65.0,0.0
109773614,1,32,60.0,0.0
109734523,1,111,125.0,255.0
109733032,1,14,60.0,3.0
109729836,1,4,95.0,0.0
109725962,1,113,11.0,261.0
109719378,1,59,120.0,22.0
109671307,1,0,73.0,180.0
109667882,1,35,80.0,88.0
109660521,1,11,70.0,0.0
109653516,1,91,100.0,65.0
110115422,1,79,150.0,120.0
110088704,1,28,60.0,21.0
110062117,1,57,250.0,258.0
110058188,1,13,57.0,347.0
110050850,1,27,115.0,363.0
110049861,1,0,10.0,83.0
110049608,1,80,115.0,68.0
110042455,1,3,175.0,6.0
110031106,1,3,85.0,0.0
110026778,1,18,119.0,0.0
110001729,1,3,113.0,35.0
110001541,1,1,80.0,0.0
109931171,1,0,70.0,0.0
109909474,1,93,100.0,65.0
109904033,1,0,489.0,311.0
109886922,1,6,899.0,89.0
110358650,1,56,220.0,256.0
110349355,1,5,51.0,0.0
110348515,1,7,98.0,0.0
110346058,1,12,45.0,291.0
110345854,1,1,110.0,0.0
110335252,1,0,100.0,0.0
110326109,1,0,75.0,0.0
110319331,1,4,127.0,192.0
110308993,1,7,90.0,0.0
110278081,1,16,70.0,4.0
110218367,1,90,69.0,106.0
110213244,1,4,47.0,362.0
110204617,1,0,150.0,162.0
110179329,1,0,70.0,342.0
110146823,1,5,200.0,298.0
110142237,1,32,90.0,1.0
110786804,1,12,150.0,26.0
110737214,1,4,95.0,0.0
110721237,1,0,120.0,81.0
110708643,1,80,82.0,28.0
110704364,1,0,400.0,0.0
110686573,1,9,110.0,0.0
110674731,1,2,70.0,0.0
110644265,1,2,75.0,1.0
110629411,1,0,100.0,0.0
110553561,1,12,99.0,0.0
110522157,1,4,46.0,72.0
110520215,1,0,500.0,173.0
110478816,1,13,95.0,0.0
110448579,1,1,78.0,279.0
110375726,1,1,99.0,333.0
110366443,1,2,36.0,16.0
111208718,1,1,37.0,0.0
111188158,1,1,200.0,0.0
111142003,1,10,40.0,205.0
111134635,1,1,65.0,362.0
111091786,1,2,60.0,189.0
111020505,1,0,57.0,253.0
111020045,1,1,100.0,0.0
111001956,1,0,45.0,363.0
110966607,1,24,47.0,0.0
110902412,1,14,82.0,75.0
110900012,1,16,33.0,361.0
110884492,1,25,150.0,64.0
110872398,1,16,45.0,0.0
110858930,1,65,169.0,263.0
110851135,1,39,53.0,0.0
110825940,1,0,199.0,0.0
111816745,1,8,125.0,1.0
111807108,1,1,48.0,0.0
111798802,1,3,155.0,3.0
111768943,1,0,169.0,55.0
111666924,1,72,75.0,19.0
111663504,1,69,150.0,69.0
111587063,1,24,295.0,70.0
111586798,1,0,65.0,90.0
111451636,1,1,50.0,0.0
111433024,1,34,25.0,139.0
111327104,1,76,135.0,76.0
111319972,1,0,175.0,0.0
111308649,1,2,65.0,0.0
111298791,1,51,60.0,0.0
111284635,1,11,55.0,4.0
111262060,1,66,70.0,144.0
718349,1,191,165.0,236.0
717562,1,6,275.0,363.0
716306,1,197,77.0,309.0
716064,1,72,451.0,331.0
715807,1,18,175.0,0.0
714531,1,26,55.0,73.0
714200,1,229,71.0,26.0
713776,1,4,94.0,31.0
713764,1,121,149.0,70.0
713116,1,0,145.0,41.0
712992,1,92,115.0,33.0
712590,1,8,130.0,0.0
710916,1,233,216.0,295.0
710443,1,132,370.0,257.0
709939,1,4,50.0,0.0
111841534,1,392,53.0,71.0
112186372,1,1,200.0,179.0
112176279,1,0,89.0,0.0
112176192,1,0,127.0,0.0
112173787,1,2,166.0,0.0
112142263,1,119,65.0,61.0
112127289,1,6,40.0,0.0
112118235,1,0,60.0,0.0
112081278,1,5,79.0,128.0
112024431,1,0,99.0,22.0
111970954,1,2,30.0,0.0
111938058,1,14,100.0,364.0
111918887,1,5,50.0,126.0
111911758,1,3,70.0,69.0
111876825,1,0,200.0,365.0
111849930,1,0,120.0,0.0
718492,1,0,105.0,0.0
112794720,1,1,125.0,34.0
112780904,1,61,459.0,173.0
112774776,1,3,92.0,0.0
112763616,1,3,95.0,0.0
112601190,1,93,106.0,34.0
112531390,1,1,52.0,0.0
112439486,1,2,88.0,0.0
112439306,1,1,125.0,0.0
112430492,1,5,75.0,0.0
112393778,1,23,360.0,3.0
112338663,1,11,400.0,125.0
112335936,1,11,250.0,17.0
112300256,1,0,155.0,171.0
112290211,1,10,70.0,152.0
112261228,1,72,45.0,51.0
112239929,1,0,65.0,0.0
113274391,1,0,200.0,0.0
113251630,1,84,240.0,237.0
113198009,1,8,85.0,0.0
113152267,1,2,55.0,0.0
113146341,1,1,114.0,0.0
113128172,1,9,65.0,0.0
113110121,1,22,110.0,7.0
113094141,1,77,60.0,132.0
113058525,1,0,75.0,7.0
113055692,1,5,175.0,158.0
112966930,1,2,60.0,0.0
112957166,1,0,73.0,0.0
112954746,1,3,145.0,0.0
112909067,1,9,120.0,10.0
112851539,1,85,350.0,208.0
112814443,1,104,125.0,268.0
113583961,1,1,260.0,245.0
113570467,1,1,320.0,179.0
113569564,1,5,175.0,0.0
113534805,1,0,2800.0,89.0
113521983,1,33,159.0,8.0
113469347,1,27,45.0,304.0
113464126,1,3,189.0,122.0
113460991,1,8,175.0,310.0
113449748,1,0,100.0,362.0
113417140,1,2,200.0,0.0
113411637,1,5,68.0,4.0
113409633,1,3,58.0,0.0
113399802,1,21,82.0,89.0
113393845,1,2,100.0,268.0
113356258,1,0,100.0,0.0
113344533,1,1,170.0,20.0
114022893,1,22,150.0,123.0
114011720,1,2,70.0,0.0
114008316,1,5,195.0,282.0
114003480,1,0,50.0,220.0
113986628,1,18,85.0,357.0
113927793,1,8,155.0,0.0
113924874,1,12,107.0,1.0
113918131,1,0,99.0,0.0
113905045,1,6,175.0,176.0
113905011,1,68,109.0,54.0
113890236,1,2,40.0,0.0
113856483,1,13,249.0,227.0
113834719,1,0,350.0,0.0
113740169,1,4,45.0,275.0
113697596,1,13,200.0,172.0
113675409,1,0,1880.0,358.0
114375702,1,4,50.0,0.0
114372992,1,2,62.0,43.0
114250912,1,2,175.0,0.0
114249746,1,53,45.0,45.0
114219274,1,116,87.0,242.0
114216175,1,21,195.0,2.0
114209467,1,1,30.0,0.0
114178347,1,3,34.0,0.0
114157738,1,19,100.0,0.0
114146085,1,30,115.0,3.0
114131821,1,0,1500.0,87.0
114104868,1,7,65.0,365.0
114093125,1,65,100.0,48.0
114075917,1,1,91.0,0.0
114071959,1,64,59.0,162.0
114043000,1,12,120.0,89.0
709434,1,52,250.0,188.0
707992,1,0,80.0,0.0
707534,1,9,330.0,5.0
706418,1,2,95.0,0.0
706191,1,0,150.0,0.0
706037,1,0,210.0,83.0
705450,1,4,80.0,0.0
704963,1,1,35.0,7.0
704043,1,5,89.0,0.0
703156,1,0,200.0,0.0
703023,1,3,205.0,0.0
702652,1,17,153.0,31.0
702419,1,78,175.0,0.0
702103,1,0,48.0,342.0
114389578,1,0,34.0,40.0
114386000,1,2,155.0,358.0
114596544,1,19,95.0,0.0
114589786,1,2,75.0,0.0
114568204,1,75,119.0,146.0
114552571,1,116,120.0,191.0
114541713,1,52,127.0,44.0
114523254,1,8,85.0,0.0
114502772,1,1,44.0,0.0
114502589,1,0,38.0,0.0
114463720,1,76,385.0,209.0
114462596,1,5,112.0,0.0
114461769,1,0,70.0,37.0
114418657,1,0,60.0,90.0
114416273,1,55,165.0,171.0
114413305,1,1,45.0,30.0
114410100,1,0,70.0,333.0
114394986,1,0,35.0,43.0
115151548,1,6,72.0,364.0
115092398,1,78,125.0,40.0
115075522,1,13,225.0,83.0
115064362,1,11,85.0,237.0
115051556,1,33,80.0,151.0
114988251,1,26,99.0,272.0
114977427,1,81,489.0,152.0
114890218,1,20,185.0,23.0
114887819,1,5,245.0,128.0
114877351,1,14,125.0,0.0
114867228,1,17,137.0,233.0
114853757,1,42,145.0,310.0
114828297,1,1,125.0,5.0
114811999,1,21,150.0,48.0
114700646,1,69,75.0,67.0
114673570,1,0,200.0,358.0
115517627,1,1,175.0,0.0
115506821,1,4,175.0,0.0
115497723,1,53,540.0,215.0
115491896,1,0,205.0,365.0
115424426,1,11,74.0,0.0
115415245,1,0,60.0,67.0
115355850,1,23,125.0,60.0
115355054,1,36,139.0,101.0
115259709,1,59,180.0,135.0
115258603,1,23,62.0,172.0
115252929,1,9,65.0,157.0
115227524,1,0,70.0,0.0
115180259,1,1,299.0,187.0
115168723,1,0,43.0,12.0
115167208,1,0,160.0,5.0
115154494,1,6,150.0,0.0
699759,1,125,140.0,239.0
697990,1,2,65.0,0.0
697678,1,6,119.0,0.0
697560,1,0,100.0,5.0
697477,1,54,55.0,297.0
697469,1,6,69.0,174.0
696487,1,0,385.0,0.0
696482,1,18,130.0,1.0
696306,1,33,90.0,269.0
696141,1,6,115.0,0.0
693889,1,7,120.0,0.0
693815,1,0,75.0,0.0
115546121,1,0,130.0,0.0
115543091,1,0,53.0,0.0
115529602,1,9,120.0,0.0
115528632,1,0,80.0,43.0
115939890,1,0,56.0,3.0
115939440,1,1,100.0,0.0
115932140,1,1,75.0,0.0
115854849,1,4,100.0,0.0
115854410,1,116,110.0,216.0
115845698,1,72,95.0,67.0
115844816,1,2,200.0,341.0
115832915,1,0,50.0,0.0
115817634,1,1,55.0,10.0
115751294,1,0,80.0,87.0
115738772,1,10,130.0,10.0
115734913,1,24,39.0,211.0
115589496,1,26,140.0,0.0
115567902,1,22,160.0,0.0
700913,1,12,185.0,0.0
700231,1,0,500.0,0.0
116408324,1,17,70.0,351.0
116396065,1,101,179.0,211.0
116381793,1,3,134.0,70.0
116333529,1,0,50.0,0.0
116308258,1,2,70.0,0.0
116291711,1,3,40.0,0.0
116272237,1,0,65.0,48.0
116268542,1,98,62.0,23.0
116236385,1,43,200.0,8.0
116126452,1,17,160.0,3.0
116100517,1,2,39.0,0.0
116089235,1,1,500.0,77.0
116056294,1,34,50.0,347.0
116027328,1,0,45.0,45.0
115979599,1,85,188.0,151.0
115946844,1,13,103.0,0.0
116871769,1,55,78.0,345.0
116870039,1,72,200.0,249.0
116854478,1,0,250.0,0.0
116848523,1,12,119.0,0.0
116826665,1,1,122.0,12.0
116758734,1,19,59.0,0.0
116742660,1,3,140.0,101.0
116723158,1,111,140.0,259.0
116709076,1,47,80.0,8.0
116674915,1,2,69.0,4.0
116538157,1,22,200.0,20.0
116535992,1,0,250.0,14.0
116460196,1,0,75.0,0.0
116446134,1,2,120.0,89.0
116430338,1,1,105.0,0.0
116427778,1,35,85.0,0.0
117354500,1,6,590.0,125.0
117347203,1,69,250.0,163.0
117341696,1,24,250.0,0.0
117341565,1,1,41.0,0.0
117317499,1,0,200.0,32.0
117295184,1,46,80.0,6.0
117287163,1,0,65.0,0.0
117263759,1,132,190.0,252.0
117187237,1,6,50.0,0.0
117143694,1,15,400.0,148.0
117086989,1,0,300.0,0.0
117035626,1,97,115.0,0.0
117030530,1,2,80.0,0.0
117027456,1,34,90.0,122.0
116995217,1,58,220.0,144.0
116992515,1,28,250.0,51.0
690079,1,0,40.0,305.0
689661,1,18,375.0,0.0
688367,1,44,175.0,249.0
687361,1,35,495.0,355.0
687062,1,142,65.0,93.0
686768,1,232,120.0,221.0
686494,1,183,180.0,197.0
686385,1,58,80.0,45.0
686339,1,0,150.0,88.0
686147,1,69,185.0,233.0
684629,1,7,189.0,0.0
684398,1,2,285.0,0.0
684129,1,27,110.0,192.0
683975,1,115,79.0,0.0
683794,1,13,220.0,3.0
683457,1,1,250.0,0.0
117673528,1,127,900.0,296.0
117648324,1,1,40.0,335.0
117633459,1,2,42.0,0.0
117543014,1,43,38.0,0.0
117536647,1,13,124.0,86.0
117530860,1,1,65.0,0.0
117521391,1,33,250.0,167.0
117510818,1,28,225.0,323.0
117498033,1,0,35.0,0.0
117484717,1,2,240.0,35.0
117476022,1,0,84.0,60.0
117460213,1,0,37.0,0.0
117399779,1,5,200.0,0.0
117380551,1,0,110.0,107.0
117367030,1,12,151.0,0.0
117364815,1,0,103.0,359.0
117964194,1,23,123.0,0.0
117962524,1,1,100.0,0.0
117953124,1,0,180.0,333.0
117945802,1,11,88.0,0.0
117941939,1,3,20.0,277.0
117922187,1,0,150.0,88.0
117851567,1,0,51.0,0.0
117840007,1,5,150.0,0.0
117831982,1,17,130.0,84.0
117792931,1,12,125.0,0.0
117742969,1,6,98.0,359.0
117717201,1,3,210.0,156.0
117711581,1,2,116.0,0.0
117699517,1,2,49.0,355.0
117685023,1,3,110.0,0.0
117677214,1,47,325.0,310.0
118276455,1,5,200.0,271.0
118270996,1,3,80.0,0.0
118267672,1,94,115.0,7.0
118251350,1,4,53.0,0.0
118208750,1,2,249.0,0.0
118199454,1,15,70.0,35.0
118182048,1,8,100.0,12.0
118137788,1,3,100.0,0.0
118130596,1,18,66.0,44.0
118124127,1,5,179.0,14.0
118110284,1,3,160.0,43.0
118086005,1,0,50.0,0.0
118084951,1,162,75.0,1.0
118013873,1,2,150.0,69.0
117999420,1,7,160.0,81.0
117987098,1,0,86.0,365.0
118539035,1,2,99.0,167.0
118502740,1,0,120.0,0.0
118442680,1,5,150.0,149.0
118430352,1,0,75.0,0.0
118421882,1,132,95.0,27.0
118419433,1,5,80.0,180.0
118410907,1,39,88.0,362.0
118407577,1,4,90.0,5.0
118400082,1,51,149.0,242.0
118394855,1,14,65.0,0.0
118390361,1,88,79.0,107.0
118385679,1,12,50.0,13.0
118375910,1,0,80.0,0.0
118373535,1,0,199.0,208.0
118366948,1,2,195.0,0.0
118341133,1,2,55.0,0.0
118839768,1,0,35.0,0.0
118816229,1,85,50.0,328.0
118807152,1,15,30.0,249.0
118769947,1,30,200.0,2.0
118767681,1,0,49.0,14.0
118763899,1,0,40.0,67.0
118753490,1,5,100.0,0.0
118751485,1,36,79.0,48.0
118745519,1,67,155.0,189.0
118727691,1,27,350.0,303.0
118715803,1,0,175.0,0.0
118697704,1,4,250.0,364.0
118619861,1,33,449.0,329.0
118566355,1,1,90.0,83.0
118554120,1,7,122.0,0.0
118547015,1,16,125.0,0.0
683203,1,2,34.0,0.0
683180,1,10,89.0,248.0
683142,1,3,135.0,0.0
683027,1,219,130.0,237.0
681331,1,5,120.0,0.0
681225,1,36,113.0,365.0
680818,1,70,64.0,3.0
679431,1,4,65.0,180.0
679157,1,4,199.0,179.0
676499,1,3,175.0,0.0
676140,1,5,80.0,0.0
675317,1,0,45.0,0.0
674970,1,8,141.0,9.0
673406,1,34,800.0,365.0
118853924,1,0,150.0,89.0
118839909,1,131,120.0,159.0
119173203,1,17,47.0,0.0
119156699,1,2,73.0,90.0
119134476,1,1,60.0,18.0
119128599,1,13,59.0,35.0
119125703,1,73,109.0,37.0
119110280,1,4,50.0,82.0
119108169,1,1,60.0,0.0
119027851,1,62,130.0,36.0
119005168,1,0,400.0,3.0
118913632,1,0,100.0,0.0
118908092,1,28,250.0,25.0
118902541,1,0,80.0,0.0
118892550,1,0,85.0,30.0
118883025,1,141,120.0,231.0
118880596,1,13,150.0,6.0
118870308,1,2,75.0,0.0
119673533,1,4,265.0,0.0
119669258,1,77,200.0,88.0
119667654,1,0,71.0,0.0
119651060,1,1,111.0,0.0
119634559,1,11,45.0,0.0
119623927,1,15,117.0,332.0
119609345,1,0,180.0,0.0
119531605,1,7,99.0,0.0
119483929,1,0,148.0,0.0
119464278,1,0,110.0,0.0
119328219,1,6,175.0,22.0
119313407,1,2,115.0,0.0
119305261,1,15,188.0,59.0
119294198,1,1,45.0,95.0
119260265,1,4,60.0,0.0
119190733,1,1,200.0,0.0
119952908,1,3,69.0,0.0
119941037,1,3,70.0,0.0
119940669,1,0,430.0,0.0
119930068,1,4,130.0,0.0
119908176,1,1,120.0,9.0
119864371,1,44,99.0,135.0
119847900,1,46,52.0,21.0
119846581,1,7,78.0,129.0
119838600,1,1,260.0,0.0
119829743,1,7,365.0,0.0
119826595,1,44,132.0,103.0
119798153,1,8,79.0,31.0
119779683,1,61,158.0,62.0
119774078,1,2,60.0,51.0
119706589,1,146,178.0,212.0
119680716,1,6,35.0,0.0
672510,1,161,65.0,182.0
671579,1,4,495.0,256.0
671187,1,0,139.0,83.0
670690,1,0,500.0,0.0
670367,1,0,225.0,0.0
668564,1,32,159.0,7.0
667627,1,72,95.0,11.0
666862,1,45,100.0,0.0
666271,1,9,80.0,338.0
665013,1,10,132.0,0.0
663517,1,142,174.0,198.0
663384,1,18,250.0,18.0
662794,1,22,200.0,5.0
119967955,1,86,60.0,117.0
119959551,1,5,219.0,0.0
119958898,1,76,299.0,91.0
120245256,1,4,125.0,0.0
120242215,1,3,299.0,38.0
120237085,1,3,170.0,0.0
120231560,1,21,45.0,280.0
120169401,1,0,100.0,0.0
120167980,1,7,125.0,297.0
120137482,1,0,100.0,0.0
120111937,1,5,549.0,333.0
120082555,1,67,125.0,278.0
120047243,1,0,55.0,0.0
120035273,1,32,42.0,32.0
120010130,1,2,50.0,358.0
120006972,1,14,250.0,297.0
119990626,1,1,60.0,173.0
119968055,1,0,100.0,0.0
672573,1,1,490.0,0.0
120577640,1,0,250.0,89.0
120574445,1,45,200.0,3.0
120570941,1,5,325.0,0.0
120567010,1,2,100.0,0.0
120551798,1,0,200.0,71.0
120464331,1,4,140.0,79.0
120456470,1,42,200.0,77.0
120437116,1,0,80.0,0.0
120393659,1,22,150.0,238.0
120381434,1,6,227.0,0.0
120378725,1,2,250.0,0.0
120297125,1,0,60.0,180.0
120296922,1,7,110.0,0.0
120284390,1,0,100.0,0.0
120261070,1,0,75.0,0.0
120256797,1,4,125.0,178.0
120981856,1,9,145.0,80.0
120951063,1,4,97.0,0.0
120935104,1,0,200.0,263.0
120912613,1,28,99.0,289.0
120906593,1,40,60.0,67.0
120906241,1,0,80.0,0.0
120890372,1,25,145.0,271.0
120761466,1,45,90.0,363.0
120746245,1,0,34.0,0.0
120730056,1,2,80.0,0.0
120725189,1,46,180.0,334.0
120643397,1,41,139.0,62.0
120638903,1,2,95.0,0.0
120616904,1,20,135.0,297.0
120599606,1,0,199.0,0.0
120577730,1,9,220.0,47.0
658618,1,23,65.0,290.0
656978,1,0,148.0,0.0
656841,1,39,255.0,89.0
656798,1,152,280.0,274.0
655506,1,3,16.0,0.0
655450,1,5,108.0,98.0
655234,1,0,199.0,0.0
654586,1,25,175.0,64.0
653405,1,105,130.0,193.0
652842,1,22,225.0,52.0
652539,1,2,500.0,256.0
652092,1,20,90.0,203.0
121093001,1,96,81.0,233.0
121083075,1,5,40.0,89.0
121080979,1,0,400.0,136.0
120989542,1,3,60.0,0.0
121399223,1,0,60.0,88.0
121392618,1,95,190.0,0.0
121384174,1,0,111.0,0.0
121378704,1,1,86.0,125.0
121359320,1,7,30.0,0.0
121352443,1,3,62.0,0.0
121244117,1,1,100.0,0.0
121193088,1,2,100.0,0.0
121185129,1,11,325.0,177.0
121141615,1,1,60.0,0.0
121141431,1,6,115.0,0.0
121127613,1,0,50.0,265.0
121109701,1,98,45.0,44.0
121096858,1,0,35.0,0.0
662432,1,1,350.0,117.0
660723,1,7,186.0,79.0
121836170,1,40,85.0,354.0
121802962,1,47,53.0,5.0
121772455,1,2,149.0,11.0
121767590,1,0,315.0,55.0
121732047,1,0,40.0,19.0
121713773,1,2,150.0,0.0
121705027,1,1,90.0,5.0
121657084,1,28,95.0,0.0
121620125,1,12,141.0,0.0
121585653,1,0,25.0,0.0
121574038,1,8,170.0,111.0
121434641,1,23,100.0,173.0
121431667,1,1,134.0,2.0
121429669,1,0,250.0,365.0
121419684,1,0,199.0,363.0
121400000,1,16,200.0,15.0
122053964,1,0,200.0,0.0
122045009,1,73,105.0,139.0
122038353,1,8,190.0,198.0
122038325,1,79,76.0,11.0
122032246,1,2,250.0,0.0
122028274,1,4,47.0,0.0
122012905,1,0,55.0,0.0
121978270,1,55,85.0,69.0
121943616,1,0,375.0,0.0
121926104,1,0,65.0,0.0
121909760,1,3,100.0,0.0
121869120,1,0,127.0,0.0
121861644,1,2,215.0,14.0
121849119,1,57,100.0,86.0
121842697,1,14,200.0,96.0
121841485,1,23,70.0,177.0
651390,1,24,170.0,0.0
649374,1,16,60.0,0.0
647918,1,4,150.0,0.0
647528,1,5,10.0,0.0
647256,1,0,200.0,0.0
647100,1,11,130.0,0.0
646729,1,10,275.0,298.0
646592,1,3,94.0,9.0
644941,1,41,125.0,10.0
644904,1,2,170.0,14.0
643512,1,4,101.0,365.0
122204600,1,0,49.0,341.0
122177964,1,95,250.0,79.0
122120711,1,2,175.0,0.0
122118705,1,36,79.0,218.0
122079426,1,19,50.0,0.0
122714664,1,28,100.0,89.0
122679380,1,216,100.0,43.0
122650568,1,3,127.0,0.0
122642839,1,0,60.0,0.0
122559140,1,1,133.0,0.0
122513490,1,71,175.0,20.0
122495279,1,2,85.0,0.0
122442440,1,59,75.0,68.0
122419373,1,119,429.0,288.0
122372251,1,81,65.0,0.0
122363368,1,0,100.0,180.0
122323589,1,6,799.0,325.0
122294799,1,4,47.0,0.0
651818,1,12,100.0,23.0
651771,1,17,150.0,170.0
651770,1,0,250.0,0.0
123068098,1,9,390.0,79.0
123060492,1,2,75.0,0.0
123048179,1,45,120.0,295.0
122963021,1,0,30.0,190.0
122942281,1,28,95.0,19.0
122924398,1,123,125.0,84.0
122922752,1,0,55.0,0.0
122920689,1,1,43.0,312.0
122919892,1,0,129.0,0.0
122917817,1,24,100.0,8.0
122884945,1,26,90.0,237.0
122877644,1,87,195.0,213.0
122849679,1,2,70.0,0.0
122786340,1,0,70.0,0.0
122726779,1,92,175.0,96.0
122722874,1,115,160.0,80.0
123458466,1,15,75.0,348.0
123453141,1,8,42.0,0.0
123407715,1,86,300.0,269.0
123370360,1,6,95.0,15.0
123362684,1,11,225.0,1.0
123357281,1,4,195.0,0.0
123355776,1,29,184.0,0.0
123320165,1,20,120.0,341.0
123307264,1,3,95.0,28.0
123271654,1,20,165.0,15.0
123233613,1,34,55.0,259.0
123145309,1,2,50.0,0.0
123136283,1,69,280.0,307.0
123102489,1,2,69.0,0.0
123099811,1,0,40.0,1.0
123073403,1,1,125.0,0.0
123920566,1,50,57.0,38.0
123894644,1,4,105.0,0.0
123849755,1,58,130.0,295.0
123818434,1,23,130.0,14.0
123805373,1,2,118.0,0.0
123741063,1,0,50.0,0.0
123736951,1,35,80.0,0.0
123736313,1,8,105.0,0.0
123690850,1,4,92.0,0.0
123664664,1,2,200.0,66.0
123648417,1,22,125.0,93.0
123634626,1,28,99.0,325.0
123605746,1,0,65.0,0.0
123578077,1,2,55.0,0.0
123518076,1,76,145.0,139.0
123511218,1,3,44.0,0.0
639926,1,10,199.0,0.0
639785,1,17,285.0,0.0
638721,1,10,65.0,0.0
637733,1,5,35.0,0.0
637688,1,12,230.0,5.0
636319,1,0,150.0,0.0
634346,1,0,55.0,0.0
634195,1,2,85.0,0.0
634096,1,0,250.0,0.0
634004,1,80,125.0,105.0
633395,1,3,150.0,25.0
633339,1,4,60.0,0.0
123974198,1,7,175.0,0.0
123968750,1,0,50.0,0.0
123953691,1,55,88.0,282.0
123936733,1,5,180.0,260.0
124550001,1,1,350.0,0.0
124506693,1,9,71.0,223.0
124491152,1,134,175.0,208.0
124486054,1,0,70.0,365.0
124409689,1,38,110.0,309.0
124287074,1,59,188.0,28.0
124218492,1,20,50.0,78.0
124155350,1,7,150.0,0.0
124106675,1,4,208.0,0.0
124082275,1,73,159.0,166.0
124046841,1,0,130.0,0.0
124042625,1,4,50.0,95.0
124040560,1,1,66.0,0.0
124006965,1,3,167.0,0.0
642986,1,6,70.0,321.0
642004,1,6,250.0,0.0
125090618,1,0,145.0,0.0
125059640,1,2,125.0,0.0
125021178,1,16,350.0,352.0
124999506,1,3,250.0,0.0
124976906,1,17,75.0,0.0
124902025,1,0,50.0,92.0
124901163,1,2,76.0,66.0
124898889,1,7,180.0,0.0
124886133,1,2,105.0,120.0
124867390,1,8,60.0,326.0
124741583,1,2,49.0,179.0
124740003,1,93,100.0,197.0
124702572,1,12,200.0,9.0
124693842,1,3,140.0,0.0
124657243,1,4,89.0,0.0
124580765,1,86,129.0,247.0
125567809,1,0,75.0,0.0
125565839,1,12,50.0,0.0
125558761,1,26,50.0,24.0
125549620,1,1,35.0,0.0
125545452,1,84,325.0,69.0
125542850,1,11,110.0,203.0
125514343,1,5,225.0,30.0
125508339,1,15,225.0,25.0
125458231,1,0,85.0,363.0
125438374,1,0,100.0,0.0
125431405,1,1,35.0,0.0
125396920,1,10,75.0,0.0
125231390,1,44,90.0,126.0
125204273,1,0,100.0,0.0
125177157,1,0,190.0,0.0
125170095,1,1,85.0,341.0
125833008,1,2,94.0,0.0
125821659,1,6,75.0,341.0
125755479,1,0,100.0,0.0
125746559,1,19,170.0,0.0
125717450,1,3,64.0,3.0
125697192,1,75,60.0,23.0
125692898,1,2,70.0,0.0
125687221,1,6,75.0,87.0
125684191,1,2,55.0,0.0
125654433,1,0,250.0,0.0
125653581,1,1,29.0,0.0
125589679,1,71,100.0,363.0
125588995,1,46,55.0,46.0
125586920,1,14,175.0,79.0
125585107,1,2,65.0,0.0
125576446,1,1,400.0,0.0
632334,1,13,189.0,0.0
631747,1,1,60.0,0.0
631374,1,1,188.0,83.0
630534,1,5,196.0,35.0
630519,1,2,288.0,0.0
630453,1,68,175.0,277.0
627898,1,33,176.0,0.0
627678,1,2,50.0,140.0
626289,1,28,125.0,364.0
625403,1,1,250.0,0.0
625092,1,4,63.0,31.0
624441,1,9,180.0,57.0
624101,1,6,132.0,0.0
125898610,1,0,75.0,0.0
125871624,1,3,55.0,0.0
125857611,1,2,350.0,0.0
126292511,1,6,99.0,0.0
126184451,1,26,78.0,50.0
126161542,1,5,99.0,0.0
126159726,1,96,63.0,282.0
126155532,1,28,70.0,123.0
126144914,1,5,250.0,0.0
126141244,1,1,120.0,0.0
126110994,1,25,85.0,0.0
126101478,1,1,140.0,0.0
126052775,1,0,47.0,0.0
126024716,1,6,100.0,0.0
126015118,1,3,400.0,14.0
126012313,1,7,78.0,1.0
125997954,1,1,65.0,0.0
125981804,1,0,110.0,151.0
632548,1,1,61.0,307.0
126614438,1,5,75.0,355.0
126592760,1,98,125.0,247.0
126538085,1,1,140.0,82.0
126531152,1,4,150.0,0.0
126510786,1,1,120.0,0.0
126504342,1,74,50.0,246.0
126489138,1,0,100.0,0.0
126470577,1,68,287.0,324.0
126466681,1,47,525.0,34.0
126451493,1,26,125.0,360.0
126444590,1,9,200.0,269.0
126420866,1,2,50.0,0.0
126415353,1,0,35.0,124.0
126407919,1,4,73.0,5.0
126346950,1,1,250.0,0.0
126311719,1,7,850.0,365.0
126974091,1,0,100.0,11.0
126973731,1,4,55.0,0.0
126967409,1,0,82.0,13.0
126962637,1,28,145.0,43.0
126922318,1,78,250.0,246.0
126897791,1,0,1700.0,0.0
126844198,1,2,50.0,0.0
126830432,1,17,1500.0,32.0
126819583,1,20,275.0,0.0
126735001,1,36,78.0,0.0
126691775,1,20,139.0,355.0
126687208,1,0,132.0,0.0
126663154,1,2,71.0,364.0
126643339,1,7,160.0,0.0
126641287,1,54,140.0,0.0
126625033,1,0,50.0,0.0
622866,1,150,249.0,277.0
622779,1,12,300.0,362.0
622694,1,12,120.0,0.0
622460,1,70,395.0,170.0
621971,1,0,150.0,0.0
621652,1,1,200.0,4.0
621266,1,0,180.0,0.0
620810,1,1,110.0,0.0
620436,1,36,295.0,16.0
620288,1,3,85.0,0.0
620218,1,0,250.0,0.0
619991,1,91,89.0,16.0
619693,1,3,198.0,0.0
127077398,1,51,110.0,295.0
127056976,1,3,66.0,0.0
126984603,1,31,65.0,54.0
127427486,1,33,50.0,0.0
127388906,1,0,120.0,32.0
127385071,1,121,139.0,82.0
127341412,1,100,173.0,18.0
127267474,1,5,125.0,0.0
127250744,1,4,180.0,5.0
127250455,1,8,54.0,0.0
127218433,1,4,220.0,124.0
127196839,1,45,95.0,43.0
127181576,1,0,157.0,0.0
127164761,1,14,46.0,0.0
127113351,1,5,149.0,10.0
127092689,1,0,35.0,0.0
127080164,1,0,100.0,0.0
127080012,1,25,95.0,38.0
623474,1,0,200.0,0.0
127714840,1,11,80.0,340.0
127681510,1,80,200.0,70.0
127667513,1,0,185.0,342.0
127618565,1,90,59.0,42.0
127595553,1,7,90.0,0.0
127586030,1,58,50.0,52.0
127571361,1,35,134.0,34.0
127567480,1,52,295.0,256.0
127562833,1,11,195.0,14.0
127545011,1,5,35.0,0.0
127532142,1,33,85.0,7.0
127501584,1,36,65.0,365.0
127450854,1,23,70.0,138.0
127450357,1,16,85.0,0.0
127449170,1,0,180.0,0.0
127437059,1,26,35.0,79.0
127895318,1,6,50.0,0.0
127887992,1,2,180.0,0.0
127886968,1,0,75.0,0.0
127836236,1,6,85.0,362.0
127828600,1,2,100.0,177.0
127821506,1,0,125.0,20.0
127814176,1,118,115.0,121.0
127784473,1,1,55.0,0.0
127764617,1,40,130.0,49.0
127762325,1,77,59.0,198.0
127759523,1,0,179.0,0.0
127743419,1,39,70.0,4.0
127731553,1,0,52.0,0.0
127726348,1,44,145.0,205.0
127726243,1,6,200.0,0.0
127721863,1,62,100.0,108.0
128210772,1,1,100.0,0.0
128175450,1,0,350.0,179.0
128162460,1,0,90.0,180.0
128156060,1,22,70.0,0.0
128041266,1,20,110.0,19.0
128009952,1,1,125.0,0.0
128004958,1,100,50.0,2.0
127999994,1,85,100.0,211.0
127998381,1,9,170.0,0.0
127985639,1,0,45.0,0.0
127965755,1,7,90.0,76.0
127956858,1,6,130.0,14.0
127925141,1,2,44.0,0.0
127917641,1,1,35.0,0.0
127911754,1,0,100.0,0.0
127910599,1,62,90.0,269.0
619330,1,5,360.0,0.0
619154,1,58,92.0,0.0
618803,1,0,65.0,0.0
618586,1,86,67.0,45.0
617671,1,14,88.0,16.0
617537,1,35,85.0,127.0
617427,1,4,145.0,0.0
617127,1,53,135.0,191.0
616825,1,17,259.0,343.0
616808,1,1,42.0,0.0
615025,1,1,249.0,363.0
614026,1,0,500.0,72.0
612818,1,11,125.0,26.0
612563,1,134,135.0,302.0
612551,1,2,150.0,0.0
128227275,1,41,65.0,81.0
128466802,1,10,85.0,2.0
128452734,1,1,120.0,14.0
128424841,1,30,149.0,284.0
128417181,1,41,205.0,308.0
128416096,1,1,55.0,38.0
128413939,1,88,78.0,189.0
128385204,1,0,199.0,0.0
128372045,1,9,40.0,71.0
128369561,1,7,46.0,130.0
128307950,1,0,134.0,0.0
128305726,1,0,43.0,21.0
128293264,1,13,135.0,0.0
128258877,1,4,100.0,0.0
128244964,1,0,185.0,0.0
128237188,1,66,79.0,263.0
128230715,1,1,200.0,11.0
608700,1,9,125.0,24.0
608396,1,15,99.0,322.0
608275,1,1,300.0,0.0
608113,1,1,80.0,0.0
607217,1,15,205.0,5.0
605589,1,1,150.0,160.0
603592,1,14,175.0,0.0
128629269,1,0,100.0,328.0
128605205,1,0,100.0,3.0
128601689,1,2,50.0,39.0
128580688,1,51,150.0,248.0
128572217,1,0,36.0,48.0
128560208,1,3,150.0,179.0
128549927,1,18,265.0,46.0
128536016,1,0,385.0,0.0
128490590,1,0,120.0,0.0
128883588,1,0,75.0,17.0
128860627,1,68,65.0,138.0
128852127,1,1,30.0,0.0
128832652,1,0,50.0,0.0
128787072,1,10,99.0,0.0
128785279,1,81,199.0,286.0
128780335,1,15,352.0,13.0
128768798,1,69,78.0,166.0
128744452,1,39,52.0,242.0
128731102,1,15,80.0,0.0
128721938,1,1,250.0,0.0
128707088,1,94,325.0,166.0
128681436,1,1,40.0,66.0
612221,1,7,120.0,239.0
611408,1,0,143.0,0.0
610819,1,148,116.0,0.0
129159456,1,0,30.0,0.0
129158371,1,3,54.0,64.0
129133511,1,31,545.0,224.0
129079212,1,3,799.0,346.0
129062212,1,18,90.0,242.0
129047499,1,14,95.0,7.0
129041590,1,0,382.0,22.0
129038733,1,12,100.0,0.0
129034868,1,3,111.0,37.0
129032819,1,4,100.0,365.0
128919111,1,95,79.0,225.0
128917721,1,2,250.0,177.0
128905420,1,3,500.0,82.0
128899126,1,68,99.0,0.0
128898379,1,0,425.0,40.0
128895953,1,3,65.0,364.0
129328105,1,1,199.0,50.0
129324501,1,1,115.0,16.0
129317761,1,11,70.0,0.0
129312581,1,0,167.0,0.0
129301317,1,1,50.0,26.0
129270031,1,0,55.0,365.0
129263359,1,1,250.0,9.0
129250918,1,0,200.0,9.0
129242503,1,1,65.0,0.0
129201757,1,1,75.0,0.0
129179250,1,10,200.0,68.0
129174905,1,1,65.0,0.0
129168532,1,5,58.0,0.0
129165729,1,75,150.0,317.0
129162333,1,13,207.0,346.0
129161153,1,5,60.0,342.0
129585378,1,3,120.0,0.0
129581090,1,12,160.0,71.0
129577022,1,2,205.0,0.0
129559712,1,42,100.0,123.0
129559316,1,6,115.0,0.0
129525574,1,13,125.0,360.0
129497806,1,73,94.0,66.0
129494490,1,0,36.0,0.0
129483977,1,0,60.0,0.0
129474716,1,6,1599.0,0.0
129468527,1,0,90.0,80.0
129443696,1,0,250.0,44.0
129412544,1,0,200.0,365.0
129403630,1,10,120.0,3.0
129396046,1,145,99.0,356.0
129333453,1,19,110.0,34.0
129823499,1,0,110.0,0.0
129812563,1,11,45.0,0.0
129797713,1,0,70.0,222.0
129794391,1,2,95.0,0.0
129782365,1,0,350.0,0.0
129739088,1,0,180.0,176.0
129733507,1,4,200.0,250.0
129732248,1,19,120.0,8.0
129723592,1,0,50.0,0.0
129714819,1,4,475.0,72.0
129654782,1,0,150.0,179.0
129643632,1,0,165.0,337.0
129627879,1,1,44.0,0.0
129627362,1,9,70.0,8.0
129596284,1,5,40.0,0.0
129589071,1,0,265.0,351.0
130159651,1,0,40.0,42.0
130155462,1,11,280.0,182.0
130149223,1,7,31.0,302.0
130062635,1,2,164.0,0.0
130054323,1,17,102.0,75.0
130035533,1,80,200.0,271.0
130030703,1,0,220.0,244.0
130021104,1,5,60.0,0.0
130013537,1,19,45.0,0.0
130006475,1,22,40.0,0.0
130005087,1,0,85.0,0.0
129942781,1,46,60.0,48.0
129936757,1,0,100.0,343.0
129902279,1,7,40.0,66.0
129875945,1,3,100.0,161.0
129864476,1,13,80.0,65.0
602131,1,11,69.0,7.0
601586,1,0,79.0,0.0
599354,1,0,87.0,0.0
599076,1,5,70.0,81.0
598770,1,43,90.0,38.0
598167,1,32,119.0,0.0
598090,1,8,180.0,0.0
597901,1,55,60.0,57.0
595368,1,0,250.0,358.0
594634,1,1,200.0,0.0
593135,1,8,180.0,188.0
593115,1,95,150.0,281.0
592967,1,1,35.0,344.0
130185535,1,0,60.0,147.0
130185165,1,39,60.0,360.0
130183779,1,13,200.0,1.0
130524170,1,88,150.0,0.0
130496399,1,0,200.0,0.0
130493959,1,63,40.0,343.0
130473272,1,140,150.0,94.0
130461656,1,51,195.0,67.0
130452689,1,2,225.0,34.0
130400901,1,39,185.0,0.0
130343656,1,8,42.0,35.0
130331205,1,7,99.0,68.0
130319645,1,0,30.0,0.0
130307692,1,7,44.0,0.0
130239329,1,3,104.0,212.0
130204296,1,5,115.0,0.0
130201799,1,31,169.0,69.0
130186732,1,70,90.0,263.0
603493,1,51,300.0,75.0
130835383,1,1,250.0,0.0
130822245,1,89,70.0,157.0
130815919,1,109,205.0,32.0
130797315,1,30,40.0,44.0
130785115,1,0,140.0,0.0
130774685,1,96,125.0,1.0
130774060,1,10,165.0,18.0
130768576,1,77,50.0,145.0
130735852,1,18,77.0,1.0
130667866,1,7,69.0,14.0
130633561,1,0,125.0,89.0
130623170,1,27,200.0,336.0
130618404,1,93,109.0,79.0
130582015,1,18,50.0,298.0
130562125,1,32,350.0,284.0
130528939,1,1,91.0,0.0
131180798,1,51,119.0,160.0
131171018,1,2,300.0,13.0
131115416,1,43,49.0,64.0
131109595,1,0,75.0,0.0
131103134,1,2,217.0,235.0
131083549,1,2,250.0,32.0
131057988,1,7,150.0,48.0
130982506,1,0,68.0,0.0
130981288,1,1,110.0,260.0
130974654,1,23,80.0,83.0
130965770,1,43,180.0,2.0
130906690,1,1,225.0,225.0
130906452,1,0,70.0,18.0
130903736,1,97,59.0,25.0
130897041,1,48,250.0,280.0
130858402,1,78,95.0,5.0
131476188,1,0,29.0,0.0
131476092,1,13,85.0,0.0
131454177,1,0,195.0,295.0
131383679,1,14,100.0,24.0
131379802,1,31,115.0,169.0
131374030,1,9,100.0,0.0
131305000,1,16,65.0,74.0
131298733,1,1,80.0,0.0
131293304,1,21,51.0,0.0
131255262,1,42,80.0,0.0
131236711,1,11,80.0,0.0
131234868,1,1,125.0,81.0
131218877,1,0,250.0,0.0
131211034,1,1,60.0,0.0
131206517,1,4,100.0,0.0
131204454,1,58,46.0,80.0
588899,1,2,200.0,0.0
587918,1,48,220.0,135.0
586840,1,3,130.0,5.0
586409,1,128,130.0,294.0
585879,1,0,180.0,0.0
585458,1,35,290.0,20.0
585273,1,179,99.0,0.0
585166,1,30,110.0,363.0
583269,1,0,110.0,0.0
582598,1,39,145.0,0.0
580624,1,2,100.0,35.0
580009,1,56,260.0,132.0
131522515,1,26,76.0,323.0
131493626,1,5,799.0,340.0
131490584,1,0,60.0,0.0
131482216,1,14,115.0,19.0
131792379,1,0,55.0,0.0
131783806,1,8,45.0,0.0
131782045,1,0,60.0,0.0
131772382,1,93,70.0,142.0
131767309,1,2,35.0,0.0
131712054,1,136,111.0,51.0
131638913,1,1,35.0,0.0
131635044,1,59,299.0,180.0
131622175,1,4,105.0,258.0
131621761,1,0,50.0,0.0
131569457,1,0,40.0,0.0
131544841,1,5,120.0,10.0
131530792,1,22,105.0,0.0
131530387,1,129,60.0,95.0
590825,1,2,160.0,0.0
588933,1,36,150.0,332.0
132103681,1,2,129.0,0.0
132099860,1,0,450.0,310.0
132080218,1,14,120.0,0.0
132065326,1,1,79.0,83.0
132010409,1,1,85.0,0.0
131995652,1,7,148.0,358.0
131993395,1,53,160.0,230.0
131985573,1,39,90.0,17.0
131950694,1,1,70.0,0.0
131914514,1,0,150.0,0.0
131910116,1,34,225.0,258.0
131848646,1,26,55.0,57.0
131829860,1,1,55.0,0.0
131827796,1,36,130.0,132.0
131808888,1,12,200.0,139.0
131806850,1,1,50.0,0.0
132484183,1,53,165.0,153.0
132464629,1,1,135.0,0.0
132464510,1,8,125.0,156.0
132435618,1,91,95.0,60.0
132383053,1,45,55.0,0.0
132342992,1,0,150.0,12.0
132342343,1,64,147.0,72.0
132266502,1,1,103.0,189.0
132245692,1,79,70.0,98.0
132219692,1,138,158.0,142.0
132202485,1,2,100.0,55.0
132194726,1,0,200.0,0.0
132178349,1,34,74.0,8.0
132163538,1,0,155.0,339.0
132158770,1,3,150.0,0.0
132130978,1,50,150.0,335.0
132644665,1,45,78.0,41.0
132644544,1,0,150.0,2.0
132644162,1,1,250.0,0.0
132635232,1,59,99.0,362.0
132629359,1,3,218.0,9.0
132619769,1,21,230.0,120.0
132576479,1,8,115.0,183.0
132559939,1,20,180.0,0.0
132559039,1,38,60.0,13.0
132536008,1,4,100.0,178.0
132530494,1,59,300.0,333.0
132513543,1,1,465.0,0.0
132497591,1,2,50.0,27.0
132492053,1,8,185.0,29.0
132486597,1,54,60.0,73.0
132485225,1,26,42.0,43.0
132958806,1,0,45.0,0.0
132934081,1,2,70.0,0.0
132883657,1,9,350.0,0.0
132878036,1,23,185.0,230.0
132866292,1,47,225.0,101.0
132856118,1,1,394.0,13.0
132839074,1,7,101.0,0.0
132826462,1,1,70.0,0.0
132784640,1,20,40.0,349.0
132777237,1,0,650.0,277.0
132735454,1,4,30.0,0.0
132711675,1,0,60.0,19.0
132709847,1,0,89.0,0.0
132706680,1,55,120.0,86.0
132699715,1,2,200.0,81.0
132698746,1,117,100.0,3.0
579412,1,32,120.0,149.0
579391,1,12,65.0,0.0
579126,1,0,169.0,0.0
579017,1,1,230.0,0.0
576575,1,9,200.0,0.0
576387,1,5,200.0,0.0
576056,1,2,220.0,0.0
574584,1,61,49.0,100.0
573316,1,1,90.0,0.0
573065,1,117,165.0,23.0
572879,1,128,289.0,252.0
572527,1,3,165.0,157.0
571952,1,56,225.0,312.0
571080,1,12,109.0,0.0
570988,1,173,550.0,258.0
570882,1,27,50.0,2.0
133269895,1,0,100.0,0.0
133259451,1,2,50.0,0.0
133239401,1,0,100.0,180.0
133227147,1,43,100.0,365.0
133147190,1,1,70.0,179.0
133146682,1,2,45.0,0.0
133138724,1,0,60.0,179.0
133130957,1,1,120.0,331.0
133127495,1,5,115.0,220.0
133045826,1,4,108.0,50.0
133045713,1,70,578.0,240.0
133037177,1,28,36.0,106.0
133030103,1,2,41.0,357.0
133010064,1,76,140.0,0.0
132983866,1,100,75.0,280.0
132967604,1,3,45.0,0.0
133536020,1,64,50.0,4.0
133534397,1,30,100.0,0.0
133473678,1,0,89.0,0.0
133465194,1,1,94.0,0.0
133449862,1,0,130.0,188.0
133426665,1,68,89.0,333.0
133425456,1,1,40.0,0.0
133415438,1,0,61.0,0.0
133410608,1,0,99.0,87.0
133410060,1,3,59.0,0.0
133398247,1,8,96.0,157.0
133372725,1,0,750.0,5.0
133308687,1,75,145.0,59.0
133298502,1,0,100.0,0.0
133281513,1,16,180.0,0.0
133274871,1,0,51.0,0.0
133723890,1,20,125.0,339.0
133694068,1,38,99.0,29.0
133687324,1,4,250.0,0.0
133658348,1,8,170.0,35.0
133657043,1,1,77.0,0.0
133596333,1,11,499.0,55.0
133594005,1,3,135.0,232.0
133588507,1,6,64.0,37.0
133586767,1,12,90.0,0.0
133580441,1,51,225.0,40.0
133573369,1,0,125.0,0.0
133564044,1,1,80.0,0.0
133561420,1,1,49.0,2.0
133547094,1,10,200.0,52.0
133545456,1,1,55.0,0.0
133536506,1,0,36.0,0.0
568585,1,36,300.0,29.0
568568,1,54,169.0,98.0
568325,1,25,160.0,46.0
568103,1,51,101.0,307.0
567972,1,4,120.0,157.0
567226,1,25,120.0,129.0
567187,1,35,65.0,283.0
566660,1,42,99.0,0.0
566200,1,6,70.0,0.0
564585,1,0,125.0,0.0
133787072,1,96,120.0,53.0
133773191,1,153,43.0,14.0
133762456,1,0,200.0,365.0
133762246,1,8,90.0,44.0
133736899,1,1,200.0,0.0
133732087,1,1,250.0,0.0
134031945,1,0,200.0,0.0
133996326,1,5,459.0,354.0
133995881,1,77,150.0,106.0
133975955,1,78,55.0,25.0
133972014,1,4,130.0,6.0
133924344,1,68,79.0,0.0
133923404,1,9,95.0,0.0
133825714,1,0,30.0,0.0
133802130,1,33,40.0,36.0
133792790,1,76,300.0,239.0
133790239,1,0,150.0,0.0
570850,1,5,49.0,179.0
570464,1,8,400.0,42.0
570442,1,0,85.0,0.0
569864,1,12,60.0,0.0
569577,1,0,75.0,0.0
134419840,1,5,60.0,141.0
134415241,1,4,350.0,0.0
134378909,1,0,60.0,9.0
134370506,1,39,80.0,13.0
134284480,1,92,280.0,69.0
134264127,1,77,125.0,243.0
134218386,1,27,200.0,215.0
134185971,1,3,176.0,0.0
134167192,1,3,90.0,0.0
134160379,1,0,70.0,87.0
134122415,1,3,150.0,23.0
134114121,1,12,219.0,59.0
134107066,1,8,117.0,0.0
134105301,1,1,75.0,0.0
134104016,1,11,80.0,10.0
134070513,1,2,60.0,37.0
135083290,1,6,46.0,7.0
135073646,1,99,250.0,176.0
134961952,1,0,230.0,0.0
134948140,1,62,112.0,151.0
134904068,1,1,200.0,38.0
134887663,1,76,220.0,127.0
134871099,1,52,250.0,0.0
134809070,1,26,63.0,0.0
134808051,1,5,80.0,365.0
134749416,1,0,209.0,30.0
134677764,1,3,70.0,0.0
134672751,1,0,200.0,365.0
134549676,1,1,225.0,0.0
134513664,1,11,160.0,9.0
134510659,1,0,90.0,0.0
134438985,1,5,199.0,0.0
563530,1,0,80.0,365.0
562614,1,53,140.0,0.0
562114,1,4,295.0,19.0
561033,1,19,63.0,160.0
558101,1,1,155.0,0.0
557918,1,15,119.0,1.0
557669,1,1,96.0,0.0
557329,1,6,75.0,315.0
557166,1,2,150.0,0.0
557157,1,28,179.0,0.0
555245,1,4,165.0,97.0
552679,1,86,135.0,102.0
552453,1,12,199.0,31.0
552343,1,13,96.0,204.0
135124200,1,166,89.0,52.0
135093573,1,48,80.0,209.0
135446962,1,0,50.0,0.0
135412962,1,38,130.0,349.0
135401519,1,155,325.0,240.0
135373362,1,100,80.0,71.0
135363269,1,0,120.0,320.0
135294307,1,0,90.0,0.0
135275978,1,78,150.0,281.0
135272642,1,202,165.0,217.0
135269204,1,3,130.0,189.0
135257383,1,1,80.0,0.0
135247339,1,0,370.0,89.0
135223584,1,0,920.0,180.0
135204393,1,31,90.0,45.0
135150441,1,1,80.0,325.0
135136607,1,29,152.0,0.0
135127305,1,0,200.0,312.0
135703190,1,0,300.0,365.0
135696084,1,0,100.0,0.0
135680128,1,34,120.0,77.0
135630698,1,23,150.0,120.0
135606570,1,6,66.0,88.0
135596644,1,0,225.0,310.0
135587084,1,17,150.0,0.0
135585700,1,13,125.0,1.0
135582685,1,97,60.0,35.0
135559842,1,0,49.0,0.0
135554944,1,2,275.0,0.0
135522817,1,143,198.0,300.0
135511518,1,0,43.0,0.0
135510002,1,8,75.0,0.0
135508099,1,16,125.0,0.0
135502033,1,30,125.0,342.0
135932425,1,1,50.0,0.0
135932422,1,65,124.0,308.0
135910220,1,41,45.0,154.0
135877454,1,6,80.0,0.0
135858587,1,8,70.0,75.0
135845936,1,2,75.0,0.0
135840287,1,8,65.0,0.0
135838665,1,0,950.0,365.0
135836462,1,0,150.0,89.0
135831798,1,42,180.0,73.0
135739716,1,17,100.0,6.0
135732224,1,0,44.0,0.0
135731332,1,46,80.0,195.0
135722057,1,2,48.0,53.0
135718152,1,0,425.0,24.0
135710202,1,0,68.0,255.0
136229596,1,8,166.0,89.0
136224596,1,0,100.0,0.0
136214003,1,108,125.0,319.0
136211138,1,0,59.0,0.0
136208791,1,4,45.0,365.0
136130770,1,1,132.0,198.0
136122177,1,3,100.0,0.0
136121042,1,4,60.0,359.0
136106661,1,4,60.0,83.0
136104359,1,32,35.0,50.0
136098610,1,54,225.0,79.0
136081476,1,17,150.0,19.0
136058103,1,4,35.0,0.0
136049464,1,11,55.0,5.0
135944525,1,0,45.0,0.0
135940325,1,0,206.0,0.0
136621673,1,10,99.0,47.0
136607675,1,47,62.0,21.0
136590050,1,70,34.0,1.0
136454672,1,10,1000.0,84.0
136438670,1,5,159.0,170.0
136431007,1,40,49.0,43.0
136408243,1,0,140.0,364.0
136406167,1,22,65.0,131.0
136352388,1,0,45.0,0.0
136300414,1,62,250.0,336.0
136300221,1,8,225.0,90.0
136288915,1,272,79.0,56.0
136285608,1,1,50.0,0.0
136267788,1,4,241.0,0.0
136264512,1,38,195.0,9.0
136230287,1,16,40.0,0.0
136982841,1,4,165.0,179.0
136953596,1,1,125.0,172.0
136943521,1,11,30.0,157.0
136900522,1,1,150.0,0.0
136846568,1,2,40.0,0.0
136840462,1,10,55.0,310.0
136818122,1,3,40.0,0.0
136807581,1,20,99.0,0.0
136774720,1,0,85.0,0.0
136760080,1,0,40.0,341.0
136729912,1,12,700.0,124.0
136676366,1,0,359.0,0.0
136646834,1,19,28.0,0.0
136645733,1,0,60.0,0.0
136638556,1,29,85.0,359.0
136636824,1,27,100.0,0.0
552067,1,9,120.0,0.0
551139,1,31,210.0,0.0
550520,1,43,115.0,78.0
550009,1,0,137.0,0.0
549971,1,3,150.0,33.0
547386,1,13,70.0,335.0
547177,1,15,80.0,329.0
547029,1,0,50.0,0.0
545623,1,11,75.0,5.0
545600,1,23,199.0,0.0
545355,1,2,225.0,0.0
545273,1,0,79.0,0.0
544721,1,0,192.0,8.0
544621,1,4,85.0,0.0
137068370,1,33,200.0,250.0
136995504,1,17,248.0,262.0
137327838,1,24,94.0,12.0
137308380,1,130,264.0,167.0
137306448,1,29,219.0,338.0
137293453,1,1,36.0,0.0
137292249,1,8,55.0,0.0
137270801,1,0,100.0,0.0
137255181,1,1,125.0,0.0
137208202,1,104,275.0,293.0
137184002,1,183,85.0,120.0
137156356,1,0,49.0,0.0
137146680,1,15,190.0,36.0
137136024,1,4,75.0,0.0
137130915,1,1,102.0,0.0
137114793,1,61,91.0,205.0
137094460,1,0,100.0,13.0
552288,1,6,65.0,0.0
137625836,1,3,60.0,0.0
137586595,1,3,100.0,0.0
137581011,1,0,165.0,67.0
137575707,1,55,62.0,318.0
137575565,1,2,75.0,0.0
137567864,1,11,99.0,107.0
137562994,1,15,85.0,257.0
137512725,1,36,77.0,116.0
137463409,1,24,150.0,236.0
137447960,1,0,70.0,178.0
137411167,1,23,45.0,54.0
137389534,1,16,265.0,144.0
137384468,1,4,80.0,0.0
137382776,1,0,340.0,83.0
137380710,1,1,40.0,0.0
137337835,1,129,70.0,28.0
137772585,1,21,150.0,288.0
137751858,1,8,120.0,0.0
137734836,1,1,54.0,56.0
137725101,1,0,100.0,12.0
137720684,1,101,155.0,308.0
137702768,1,14,120.0,64.0
137700828,1,23,110.0,0.0
137690897,1,13,75.0,364.0
137685990,1,3,32.0,0.0
137675040,1,1,90.0,0.0
137673701,1,1,45.0,0.0
137672539,1,83,34.0,192.0
137666089,1,90,100.0,202.0
137665954,1,3,168.0,0.0
137649778,1,74,100.0,78.0
137647792,1,0,145.0,0.0
138052282,1,4,43.0,3.0
138033394,1,85,150.0,132.0
138003310,1,53,60.0,335.0
137950324,1,2,225.0,44.0
137949496,1,2,110.0,0.0
137916804,1,31,300.0,286.0
137893214,1,0,105.0,0.0
137890627,1,5,68.0,95.0
137884235,1,4,44.0,0.0
137872939,1,0,49.0,144.0
137858241,1,9,45.0,328.0
137836678,1,4,100.0,326.0
137832487,1,2,65.0,0.0
137829485,1,1,45.0,17.0
137822449,1,13,179.0,35.0
137779917,1,0,55.0,0.0
542611,1,6,90.0,0.0
540335,1,0,120.0,22.0
539364,1,0,129.0,51.0
539204,1,0,145.0,0.0
538300,1,12,54.0,21.0
538008,1,23,125.0,1.0
535343,1,12,60.0,1.0
535128,1,10,80.0,348.0
534776,1,25,175.0,2.0
534328,1,87,79.0,30.0
532819,1,1,50.0,0.0
531006,1,9,180.0,0.0
530553,1,70,149.0,309.0
530032,1,31,100.0,0.0
138086216,1,25,97.0,148.0
138052895,1,107,100.0,46.0
138526119,1,11,142.0,117.0
138492193,1,25,160.0,29.0
138456145,1,1,35.0,36.0
138379336,1,0,285.0,365.0
138359867,1,109,130.0,202.0
138359650,1,45,237.0,89.0
138359603,1,2,140.0,0.0
138349238,1,0,1350.0,365.0
138347327,1,2,87.0,0.0
138331581,1,45,102.0,0.0
138210979,1,3,181.0,0.0
138203985,1,94,195.0,0.0
138200407,1,0,71.0,0.0
138197456,1,0,215.0,0.0
138186485,1,28,116.0,0.0
138154835,1,50,75.0,148.0
138823659,1,16,275.0,0.0
138798990,1,0,225.0,42.0
138785704,1,60,150.0,94.0
138784297,1,18,115.0,0.0
138765458,1,15,325.0,156.0
138741690,1,12,50.0,39.0
138741275,1,78,220.0,232.0
138729500,1,2,225.0,277.0
138721769,1,110,200.0,0.0
138717905,1,28,67.0,179.0
138713312,1,93,115.0,129.0
138708257,1,52,125.0,28.0
138706642,1,1,125.0,0.0
138628430,1,0,50.0,363.0
138579344,1,49,130.0,211.0
138573840,1,2,90.0,0.0
139119594,1,92,77.0,200.0
139105717,1,0,175.0,0.0
139096564,1,1,45.0,0.0
139093829,1,17,40.0,0.0
139076348,1,0,150.0,0.0
139033454,1,1,70.0,3.0
139013186,1,40,75.0,246.0
138996674,1,0,80.0,0.0
138994918,1,0,50.0,41.0
138983570,1,1,45.0,14.0
138962369,1,8,50.0,34.0
138957777,1,25,83.0,161.0
138938451,1,6,150.0,0.0
138923178,1,28,280.0,147.0
138914016,1,26,60.0,0.0
138913479,1,41,130.0,142.0
139479838,1,17,205.0,44.0
139467641,1,8,47.0,0.0
139415761,1,42,85.0,168.0
139329404,1,9,126.0,0.0
139306955,1,3,150.0,75.0
139296591,1,0,120.0,344.0
139264026,1,1,38.0,0.0
139238261,1,17,95.0,329.0
139195158,1,10,99.0,5.0
139191647,1,0,215.0,179.0
139171543,1,0,66.0,174.0
139170973,1,0,45.0,0.0
139165159,1,128,60.0,67.0
139135366,1,20,175.0,0.0
139127299,1,4,198.0,0.0
139124384,1,26,70.0,0.0
529412,1,46,180.0,0.0
527811,1,200,80.0,58.0
526805,1,98,130.0,35.0
526744,1,3,250.0,0.0
526653,1,43,50.0,88.0
526338,1,22,115.0,0.0
525856,1,18,70.0,203.0
525698,1,0,325.0,0.0
525663,1,0,100.0,0.0
524597,1,2,100.0,0.0
524575,1,8,74.0,283.0
523218,1,136,67.0,296.0
522164,1,15,123.0,189.0
139591030,1,1,150.0,0.0
139511753,1,3,137.0,0.0
139503928,1,1,45.0,0.0
140083988,1,102,175.0,152.0
140039953,1,31,85.0,122.0
139995595,1,0,115.0,103.0
139985282,1,3,48.0,0.0
139949166,1,4,128.0,0.0
139946116,1,1,60.0,365.0
139942077,1,80,125.0,340.0
139935139,1,12,150.0,0.0
139899546,1,3,50.0,0.0
139897963,1,0,33.0,159.0
139871790,1,26,123.0,0.0
139724098,1,16,299.0,59.0
139712252,1,6,150.0,313.0
139705987,1,16,55.0,158.0
139638096,1,0,60.0,0.0
139623237,1,13,30.0,292.0
140494157,1,1,110.0,0.0
140488110,1,0,60.0,0.0
140476993,1,10,100.0,0.0
140470401,1,51,200.0,127.0
140433041,1,21,325.0,2.0
140338526,1,0,50.0,0.0
140323631,1,3,140.0,0.0
140323391,1,0,45.0,0.0
140312311,1,0,100.0,0.0
140304567,1,1,125.0,3.0
140299690,1,18,150.0,4.0
140220933,1,35,103.0,291.0
140146581,1,14,69.0,0.0
140128474,1,138,210.0,234.0
140125433,1,6,39.0,49.0
140096210,1,0,250.0,0.0
521594,1,0,200.0,34.0
520279,1,19,130.0,189.0
520189,1,92,229.0,321.0
519720,1,2,150.0,309.0
519483,1,3,125.0,0.0
518931,1,38,260.0,296.0
517866,1,0,80.0,83.0
517772,1,2,70.0,0.0
516877,1,0,275.0,0.0
516563,1,5,110.0,12.0
516347,1,215,185.0,291.0
516015,1,2,55.0,0.0
515946,1,45,159.0,87.0
140640991,1,8,100.0,165.0
140503168,1,1,95.0,67.0
140497439,1,2,55.0,0.0
141011662,1,0,176.0,0.0
140964310,1,0,150.0,0.0
140961117,1,0,39.0,44.0
140931908,1,9,200.0,27.0
140889033,1,1,40.0,7.0
140862658,1,37,68.0,0.0
140862407,1,2,670.0,178.0
140847083,1,20,99.0,24.0
140823633,1,4,750.0,263.0
140821239,1,25,100.0,0.0
140798168,1,0,165.0,0.0
140770094,1,75,170.0,323.0
140671636,1,5,50.0,0.0
140665873,1,3,50.0,179.0
140641026,1,1,65.0,365.0
521964,1,22,650.0,307.0
141324173,1,74,200.0,35.0
141322867,1,4,46.0,4.0
141229116,1,27,60.0,353.0
141218191,1,4,110.0,90.0
141211593,1,0,250.0,53.0
141194871,1,130,160.0,123.0
141194319,1,0,370.0,320.0
141169081,1,5,55.0,53.0
141146473,1,4,90.0,27.0
141141822,1,50,63.0,315.0
141124307,1,12,249.0,38.0
141122152,1,86,80.0,147.0
141059668,1,0,150.0,223.0
141031544,1,0,69.0,0.0
141025502,1,13,95.0,111.0
141012332,1,100,115.0,130.0
514455,1,0,180.0,0.0
513839,1,3,120.0,209.0
513517,1,1,59.0,0.0
512101,1,11,88.0,0.0
511993,1,6,60.0,303.0
510577,1,207,170.0,151.0
509918,1,4,200.0,9.0
509341,1,13,140.0,0.0
507966,1,0,250.0,318.0
507304,1,1,200.0,0.0
141425524,1,0,200.0,15.0
141400974,1,5,45.0,0.0
141359886,1,22,100.0,286.0
141359133,1,54,97.0,85.0
141347878,1,31,50.0,0.0
141335210,1,0,599.0,0.0
141734227,1,11,99.0,0.0
141720257,1,0,150.0,0.0
141718825,1,0,125.0,351.0
141716782,1,0,375.0,356.0
141713689,1,3,134.0,13.0
141713210,1,2,400.0,0.0
141700715,1,1,149.0,0.0
141597248,1,1,107.0,0.0
141557712,1,19,135.0,310.0
141547523,1,13,50.0,65.0
141544900,1,82,56.0,22.0
141540856,1,1,200.0,0.0
141524395,1,8,130.0,174.0
141511069,1,0,80.0,71.0
141510360,1,2,50.0,102.0
141508996,1,6,95.0,160.0
142144113,1,4,90.0,342.0
142135334,1,38,45.0,79.0
142133001,1,53,55.0,88.0
142118455,1,38,1795.0,116.0
142078178,1,1,150.0,0.0
142059543,1,6,80.0,6.0
141937671,1,48,60.0,328.0
141910666,1,11,197.0,16.0
141885946,1,9,265.0,86.0
141853769,1,10,100.0,24.0
141844749,1,65,60.0,58.0
141778215,1,2,269.0,238.0
141765510,1,3,110.0,0.0
141760353,1,4,269.0,122.0
141742656,1,0,500.0,157.0
141735689,1,3,100.0,0.0
142456326,1,5,180.0,90.0
142455925,1,3,118.0,0.0
142442839,1,57,299.0,116.0
142426920,1,9,220.0,85.0
142408357,1,0,165.0,341.0
142398188,1,1,50.0,6.0
142312133,1,51,69.0,0.0
142289760,1,9,70.0,89.0
142289373,1,0,450.0,0.0
142286413,1,104,225.0,34.0
142263776,1,0,113.0,0.0
142248429,1,25,75.0,84.0
142246533,1,1,53.0,0.0
142240474,1,5,230.0,5.0
142235171,1,18,80.0,0.0
142178595,1,0,150.0,310.0
142997033,1,9,53.0,357.0
142925986,1,0,100.0,125.0
142871086,1,0,65.0,36.0
142855897,1,7,150.0,0.0
142851497,1,34,45.0,36.0
142833006,1,2,42.0,0.0
142765455,1,2,110.0,0.0
142724947,1,7,70.0,156.0
142662928,1,0,160.0,0.0
142642693,1,24,95.0,0.0
142641298,1,1,100.0,0.0
142516320,1,1,230.0,0.0
142502018,1,4,115.0,0.0
142486709,1,35,80.0,154.0
142483517,1,27,150.0,25.0
142465460,1,27,100.0,81.0
143420714,1,10,200.0,224.0
143405573,1,1,80.0,0.0
143400845,1,1,100.0,11.0
143351162,1,16,75.0,342.0
143330625,1,8,82.0,0.0
143330206,1,2,45.0,0.0
143315723,1,34,50.0,234.0
143212135,1,60,25.0,350.0
143199593,1,20,105.0,358.0
143186772,1,95,130.0,117.0
143181766,1,32,120.0,3.0
143168243,1,0,80.0,0.0
143084679,1,7,40.0,0.0
143070465,1,10,35.0,0.0
143041708,1,0,70.0,88.0
143031643,1,1,300.0,0.0
143725634,1,0,450.0,321.0
143719035,1,3,220.0,0.0
143700620,1,40,130.0,275.0
143696286,1,23,89.0,74.0
143631031,1,31,50.0,0.0
143610690,1,131,125.0,220.0
143603020,1,5,80.0,0.0
143598647,1,6,195.0,12.0
143563277,1,2,230.0,83.0
143555322,1,4,50.0,0.0
143555138,1,85,185.0,172.0
143554049,1,60,78.0,291.0
143534216,1,8,80.0,0.0
143509629,1,0,40.0,0.0
143477365,1,87,409.0,40.0
143431362,1,14,89.0,364.0
507186,1,15,125.0,0.0
506909,1,9,170.0,0.0
506299,1,0,55.0,0.0
506208,1,2,65.0,0.0
506194,1,1,150.0,5.0
506007,1,6,90.0,30.0
503800,1,0,100.0,365.0
502897,1,1,150.0,0.0
502829,1,3,225.0,330.0
501891,1,0,379.0,0.0
499896,1,37,245.0,216.0
143796248,1,1,90.0,0.0
143768763,1,29,105.0,75.0
143739618,1,1,415.0,0.0
143730512,1,0,350.0,312.0
143725871,1,3,180.0,0.0
144167745,1,39,50.0,31.0
144138036,1,54,99.0,267.0
144107218,1,0,55.0,316.0
144013169,1,19,300.0,12.0
144006321,1,13,45.0,87.0
144002200,1,7,75.0,7.0
143979755,1,67,99.0,337.0
143977790,1,25,129.0,0.0
143959643,1,0,145.0,310.0
143952234,1,5,100.0,0.0
143944704,1,104,239.0,0.0
143938171,1,0,200.0,0.0
143908925,1,1,399.0,0.0
143820550,1,43,50.0,0.0
143817547,1,3,200.0,0.0
143807664,1,50,100.0,96.0
144587441,1,0,110.0,363.0
144582127,1,1,100.0,67.0
144522384,1,0,250.0,0.0
144509624,1,139,300.0,265.0
144406701,1,2,40.0,0.0
144376495,1,2,149.0,0.0
144347177,1,0,149.0,0.0
144345250,1,0,110.0,0.0
144317997,1,23,40.0,0.0
144310942,1,41,600.0,174.0
144275900,1,2,51.0,0.0
144224025,1,14,45.0,189.0
144200262,1,0,119.0,0.0
144197377,1,34,199.0,0.0
144195040,1,29,150.0,135.0
144193172,1,0,40.0,0.0
144866025,1,0,50.0,68.0
144863350,1,12,51.0,0.0
144863286,1,0,120.0,180.0
144851882,1,0,58.0,0.0
144841101,1,0,112.0,0.0
144839232,1,9,39.0,176.0
144833193,1,0,100.0,0.0
144813834,1,0,299.0,177.0
144714634,1,49,29.0,168.0
144699715,1,1,60.0,0.0
144687507,1,1,93.0,0.0
144674348,1,0,200.0,0.0
144653854,1,12,150.0,85.0
144647925,1,8,55.0,0.0
144606000,1,0,250.0,34.0
144602805,1,34,300.0,239.0
145234836,1,0,110.0,358.0
145219249,1,0,350.0,0.0
145210031,1,0,199.0,85.0
145199414,1,68,70.0,330.0
145194995,1,4,56.0,0.0
145140746,1,0,250.0,350.0
145067304,1,1,220.0,214.0
145048035,1,2,60.0,0.0
145041366,1,0,200.0,90.0
145013050,1,3,75.0,0.0
145011016,1,3,180.0,20.0
145002203,1,51,80.0,303.0
144992525,1,5,185.0,0.0
144893680,1,40,125.0,0.0
144892527,1,58,183.0,15.0
144868702,1,1,165.0,0.0
496465,1,0,150.0,0.0
494507,1,0,100.0,91.0
493093,1,88,215.0,200.0
492457,1,14,50.0,308.0
492064,1,37,128.0,0.0
490608,1,5,90.0,0.0
489950,1,16,190.0,0.0
489734,1,8,185.0,0.0
489400,1,177,169.0,297.0
488202,1,0,150.0,0.0
486948,1,6,72.0,0.0
486147,1,17,63.0,73.0
145241163,1,38,51.0,28.0
145239999,1,4,80.0,179.0
145238884,1,13,120.0,52.0
145237476,1,1,195.0,3.0
145552870,1,2,165.0,0.0
145543998,1,2,60.0,0.0
145536848,1,25,100.0,72.0
145406361,1,0,79.0,167.0
145398177,1,75,129.0,29.0
145392038,1,1,80.0,0.0
145391611,1,86,50.0,97.0
145333094,1,0,120.0,0.0
145331404,1,21,195.0,17.0
145328112,1,1,150.0,0.0
145319773,1,3,115.0,279.0
145257512,1,95,212.0,239.0
145255423,1,0,95.0,177.0
145248567,1,43,120.0,56.0
145245549,1,18,36.0,178.0
496979,1,1,120.0,0.0
146000975,1,161,120.0,287.0
145993199,1,13,90.0,5.0
145984241,1,0,100.0,114.0
145953481,1,7,120.0,0.0
145858413,1,0,25.0,0.0
145844983,1,48,180.0,61.0
145830321,1,122,120.0,193.0
145803893,1,102,170.0,213.0
145802745,1,16,170.0,354.0
145721354,1,9,44.0,89.0
145717056,1,106,295.0,188.0
145693309,1,0,80.0,0.0
145687876,1,1,80.0,0.0
145662625,1,2,45.0,5.0
145573505,1,19,400.0,95.0
145560608,1,2,53.0,279.0
484993,1,0,82.0,365.0
483600,1,40,53.0,1.0
483013,1,36,99.0,0.0
482242,1,0,59.0,0.0
481921,1,23,440.0,7.0
481603,1,0,45.0,0.0
480923,1,1,130.0,0.0
479986,1,77,170.0,10.0
479432,1,38,75.0,0.0
478717,1,200,115.0,256.0
478395,1,370,175.0,204.0
477865,1,4,99.0,2.0
146169974,1,2,90.0,0.0
146030957,1,20,45.0,16.0
146005201,1,0,650.0,310.0
146001596,1,1,585.0,139.0
146472361,1,87,265.0,118.0
146363617,1,4,62.0,268.0
146358413,1,53,65.0,2.0
146348944,1,48,245.0,46.0
146342086,1,48,40.0,341.0
146339341,1,3,99.0,0.0
146326976,1,33,50.0,282.0
146224146,1,8,135.0,0.0
146219213,1,17,65.0,188.0
146210515,1,0,70.0,0.0
146205943,1,80,110.0,81.0
146182000,1,25,120.0,0.0
146178383,1,29,68.0,57.0
146172048,1,5,49.0,87.0
485738,1,10,225.0,0.0
485349,1,0,40.0,0.0
146905275,1,50,140.0,69.0
146871946,1,0,300.0,0.0
146858939,1,2,599.0,39.0
146823994,1,12,44.0,0.0
146812160,1,19,150.0,0.0
146677115,1,3,250.0,1.0
146660704,1,24,90.0,119.0
146638424,1,2,134.0,0.0
146636596,1,1,300.0,24.0
146623639,1,0,250.0,4.0
146620661,1,4,200.0,0.0
146607158,1,1,220.0,0.0
146603340,1,1,213.0,336.0
146504288,1,3,175.0,0.0
146484191,1,10,100.0,353.0
146481790,1,4,95.0,0.0
147229558,1,21,230.0,24.0
147228245,1,0,38.0,67.0
147196210,1,45,69.0,324.0
147186603,1,1,350.0,7.0
147184528,1,53,62.0,178.0
147148796,1,0,70.0,15.0
147118920,1,63,172.0,0.0
147095935,1,118,99.0,320.0
147094537,1,2,60.0,0.0
147092207,1,3,200.0,2.0
147058441,1,7,68.0,54.0
147051233,1,3,299.0,165.0
146988248,1,6,250.0,311.0
146963216,1,61,105.0,239.0
146959142,1,10,40.0,0.0
146933726,1,49,120.0,276.0
147579400,1,0,99.0,0.0
147567811,1,1,50.0,0.0
147536196,1,50,135.0,32.0
147528441,1,3,225.0,0.0
147515897,1,0,84.0,28.0
147500609,1,23,67.0,0.0
147495455,1,0,120.0,0.0
147447438,1,11,350.0,88.0
147351617,1,17,200.0,79.0
147339774,1,40,184.0,0.0
147313504,1,0,50.0,24.0
147298964,1,33,280.0,294.0
147269347,1,2,70.0,342.0
147256857,1,0,120.0,0.0
147256218,1,18,180.0,0.0
147252767,1,6,50.0,0.0
147858863,1,0,150.0,0.0
147827717,1,0,109.0,101.0
147814925,1,7,3900.0,180.0
147810492,1,3,250.0,212.0
147803075,1,5,60.0,178.0
147796643,1,5,150.0,0.0
147710243,1,0,120.0,169.0
147695010,1,0,125.0,179.0
147694745,1,46,80.0,54.0
147688555,1,52,179.0,185.0
147683950,1,16,499.0,240.0
147675745,1,30,151.0,42.0
147668954,1,0,125.0,365.0
147647020,1,0,250.0,2.0
147638312,1,7,125.0,180.0
147590647,1,39,55.0,45.0
148289089,1,0,235.0,64.0
148284545,1,12,50.0,0.0
148278552,1,0,53.0,0.0
148272313,1,65,199.0,92.0
148261815,1,6,55.0,156.0
148241246,1,69,65.0,57.0
148152874,1,9,59.0,0.0
148148402,1,93,129.0,43.0
148130073,1,69,110.0,19.0
148124467,1,34,89.0,86.0
148107543,1,30,299.0,274.0
148074786,1,0,65.0,0.0
148049072,1,1,90.0,79.0
148018227,1,0,70.0,0.0
148004680,1,1,35.0,50.0
147952036,1,88,55.0,114.0
148689791,1,0,260.0,330.0
148686255,1,6,100.0,0.0
148681567,1,1,60.0,0.0
148663392,1,10,55.0,6.0
148590716,1,75,60.0,332.0
148564534,1,69,65.0,0.0
148546760,1,6,325.0,3.0
148508902,1,42,69.0,57.0
148448869,1,109,105.0,261.0
148444929,1,87,109.0,100.0
148444212,1,55,95.0,22.0
148394958,1,20,38.0,26.0
148391880,1,0,1700.0,365.0
148374046,1,5,499.0,199.0
148317706,1,8,150.0,30.0
148298029,1,1,103.0,0.0
477787,1,48,112.0,0.0
477140,1,17,150.0,0.0
476260,1,1,50.0,0.0
475986,1,14,100.0,90.0
475916,1,96,119.0,0.0
474940,1,0,120.0,0.0
473701,1,11,112.0,21.0
473497,1,0,175.0,0.0
473113,1,104,120.0,272.0
473063,1,76,71.0,25.0
471928,1,18,180.0,0.0
471453,1,12,115.0,0.0
471153,1,2,300.0,352.0
471024,1,0,48.0,25.0
470870,1,0,375.0,0.0
470675,1,10,195.0,64.0
149265574,1,97,55.0,354.0
149249049,1,85,80.0,272.0
149221924,1,1,80.0,0.0
149184623,1,81,65.0,11.0
149147829,1,0,45.0,0.0
149112195,1,58,422.0,339.0
149080740,1,1,69.0,59.0
149073048,1,34,67.0,102.0
149071197,1,2,50.0,0.0
148958163,1,0,55.0,0.0
148945774,1,13,150.0,0.0
148897644,1,0,65.0,0.0
148861123,1,77,145.0,194.0
148833266,1,6,95.0,12.0
148812441,1,33,99.0,269.0
148692231,1,20,75.0,48.0
149564593,1,1,145.0,100.0
149483822,1,22,111.0,96.0
149475464,1,13,90.0,6.0
149415862,1,0,395.0,22.0
149409298,1,74,130.0,157.0
149394434,1,0,23.0,0.0
149334307,1,1,61.0,268.0
149333702,1,4,125.0,0.0
149328348,1,2,131.0,0.0
149324749,1,2,130.0,0.0
149312705,1,25,150.0,19.0
149306690,1,4,24.0,0.0
149303542,1,0,149.0,0.0
149301266,1,1,60.0,0.0
149296548,1,29,59.0,63.0
149294813,1,17,100.0,89.0
150116246,1,5,70.0,0.0
150111187,1,51,130.0,10.0
150038776,1,16,35.0,95.0
150032863,1,2,75.0,0.0
150019486,1,137,60.0,32.0
149977050,1,27,199.0,335.0
149962269,1,0,60.0,359.0
149864933,1,0,150.0,83.0
149849302,1,3,200.0,0.0
149722669,1,0,55.0,0.0
149707913,1,0,80.0,0.0
149639152,1,22,65.0,275.0
149618690,1,11,59.0,35.0
149608542,1,84,65.0,205.0
149579965,1,35,60.0,205.0
149576949,1,0,250.0,0.0
150440720,1,40,125.0,335.0
150439529,1,6,70.0,63.0
150424721,1,1,299.0,155.0
150420341,1,55,113.0,297.0
150363476,1,9,300.0,0.0
150355601,1,2,110.0,0.0
150345311,1,39,75.0,0.0
150319226,1,7,180.0,249.0
150316502,1,0,250.0,154.0
150304209,1,59,85.0,36.0
150285098,1,0,150.0,89.0
150273801,1,11,131.0,319.0
150238950,1,6,136.0,39.0
150199731,1,0,195.0,252.0
150159094,1,77,310.0,347.0
150122503,1,0,30.0,27.0
465589,1,385,139.0,222.0
465290,1,5,350.0,362.0
465278,1,124,190.0,359.0
462776,1,388,139.0,142.0
461413,1,68,150.0,100.0
461269,1,13,150.0,0.0
460765,1,2,63.0,0.0
459054,1,5,150.0,0.0
458021,1,17,119.0,0.0
457976,1,88,83.0,165.0
457838,1,1,300.0,0.0
150522833,1,20,600.0,169.0
150518920,1,0,185.0,192.0
150489232,1,142,50.0,115.0
150482926,1,3,295.0,0.0
150482893,1,2,80.0,0.0
150879430,1,0,99.0,25.0
150878611,1,11,150.0,40.0
150876351,1,187,120.0,318.0
150858745,1,0,300.0,5.0
150858055,1,10,42.0,0.0
150846601,1,16,186.0,0.0
150837630,1,16,50.0,0.0
150835318,1,12,85.0,171.0
150773114,1,110,86.0,174.0
150761245,1,53,200.0,75.0
150723893,1,0,300.0,0.0
150687748,1,3,120.0,0.0
150665890,1,0,100.0,99.0
150578564,1,75,75.0,64.0
469098,1,55,150.0,7.0
468752,1,323,109.0,276.0
151238818,1,8,135.0,363.0
151233592,1,1,30.0,0.0
151229011,1,32,93.0,28.0
151189049,1,62,32.0,0.0
151139950,1,115,100.0,225.0
151124394,1,2,39.0,0.0
151115004,1,9,58.0,248.0
151087909,1,0,36.0,89.0
151080327,1,52,409.0,106.0
151073194,1,95,99.0,305.0
151048265,1,2,170.0,39.0
151018315,1,0,30.0,174.0
150993634,1,84,52.0,310.0
150970705,1,11,140.0,214.0
150965627,1,8,40.0,0.0
150891854,1,2,23.0,0.0
151560823,1,3,100.0,2.0
151557263,1,13,45.0,53.0
151547086,1,6,42.0,62.0
151530017,1,0,425.0,125.0
151520943,1,52,110.0,365.0
151507961,1,60,90.0,1.0
151460365,1,16,100.0,8.0
151454628,1,85,139.0,125.0
151429490,1,0,80.0,359.0
151372422,1,3,650.0,0.0
151293286,1,6,120.0,0.0
151284868,1,13,245.0,50.0
151280982,1,0,100.0,0.0
151249486,1,12,65.0,0.0
151243003,1,62,59.0,54.0
151241345,1,1,113.0,0.0
151940941,1,66,55.0,251.0
151937146,1,3,995.0,344.0
151901555,1,2,150.0,1.0
151880786,1,9,66.0,173.0
151831356,1,0,199.0,14.0
151812737,1,64,139.0,358.0
151780315,1,0,70.0,0.0
151728547,1,0,70.0,0.0
151718551,1,7,129.0,40.0
151714821,1,1,149.0,0.0
151683441,1,1,100.0,0.0
151681101,1,30,225.0,0.0
151671343,1,42,790.0,36.0
151645438,1,0,165.0,0.0
151639981,1,1,65.0,0.0
151563968,1,103,150.0,7.0
152366935,1,42,100.0,220.0
152339773,1,0,195.0,0.0
152331348,1,33,85.0,179.0
152263768,1,60,65.0,101.0
152228055,1,69,2990.0,237.0
152202371,1,35,65.0,295.0
152177080,1,222,45.0,164.0
152132335,1,0,100.0,197.0
152129733,1,1,300.0,90.0
152114575,1,5,89.0,0.0
152096705,1,18,135.0,0.0
152089883,1,1,50.0,363.0
152047633,1,0,90.0,0.0
152045247,1,37,40.0,35.0
152034487,1,20,85.0,104.0
152032831,1,4,99.0,0.0
457147,1,2,75.0,324.0
456638,1,8,199.0,30.0
455017,1,1,80.0,351.0
454756,1,5,130.0,135.0
454274,1,12,180.0,0.0
454250,1,70,135.0,44.0
454009,1,0,250.0,0.0
453519,1,228,65.0,194.0
452781,1,3,75.0,0.0
451777,1,0,250.0,12.0
451545,1,46,185.0,248.0
451032,1,8,120.0,3.0
450050,1,45,99.0,83.0
449787,1,240,169.0,276.0
447895,1,4,112.0,0.0
152371030,1,44,95.0,190.0
152636597,1,1,73.0,0.0
152629314,1,2,80.0,0.0
152628203,1,7,120.0,0.0
152605245,1,1,35.0,0.0
152584041,1,44,170.0,0.0
152532170,1,91,84.0,224.0
152530167,1,24,148.0,77.0
152518136,1,2,100.0,63.0
152505727,1,5,150.0,105.0
152503673,1,11,89.0,13.0
152493041,1,14,180.0,175.0
152484079,1,17,46.0,0.0
152457143,1,9,65.0,0.0
152442590,1,8,60.0,0.0
152431497,1,0,90.0,79.0
152395213,1,16,80.0,29.0
152959594,1,1,125.0,0.0
152948553,1,77,99.0,101.0
152895936,1,0,34.0,0.0
152885643,1,12,128.0,0.0
152883368,1,14,130.0,0.0
152882655,1,1,75.0,0.0
152878377,1,19,75.0,78.0
152877297,1,50,95.0,54.0
152872412,1,7,59.0,109.0
152852607,1,35,185.0,0.0
152850919,1,0,200.0,179.0
152760575,1,1,100.0,0.0
152747338,1,4,333.0,365.0
152708570,1,30,60.0,55.0
152702239,1,5,100.0,0.0
152639417,1,32,250.0,188.0
153356660,1,0,75.0,83.0
153313824,1,0,100.0,365.0
153269305,1,3,110.0,90.0
153262506,1,1,35.0,0.0
153251827,1,37,55.0,75.0
153205975,1,1,78.0,89.0
153180105,1,29,115.0,71.0
153154549,1,2,140.0,0.0
153150422,1,11,165.0,2.0
153143032,1,128,380.0,173.0
153083048,1,5,59.0,0.0
153066091,1,1,75.0,89.0
153052198,1,0,275.0,235.0
153044885,1,77,189.0,17.0
153025974,1,25,130.0,155.0
153015791,1,2,45.0,0.0
153660271,1,28,150.0,68.0
153650351,1,138,150.0,197.0
153635280,1,1,200.0,0.0
153616576,1,0,250.0,188.0
153568512,1,0,800.0,360.0
153561136,1,0,109.0,46.0
153524812,1,114,65.0,319.0
153509107,1,0,250.0,0.0
153503882,1,8,150.0,0.0
153497815,1,8,5000.0,0.0
153419495,1,72,378.0,52.0
153410151,1,129,69.0,349.0
153390633,1,73,80.0,183.0
153388393,1,8,50.0,188.0
153378241,1,2,48.0,0.0
153376583,1,0,55.0,236.0
154080858,1,18,70.0,205.0
154077074,1,0,55.0,59.0
153988027,1,42,255.0,285.0
153927396,1,28,55.0,359.0
153921305,1,54,120.0,90.0
153900772,1,4,50.0,0.0
153886003,1,94,100.0,154.0
153836844,1,134,40.0,343.0
153826581,1,36,77.0,5.0
153809989,1,0,48.0,0.0
153793156,1,15,50.0,2.0
153781232,1,8,90.0,129.0
153754513,1,15,82.0,16.0
153713033,1,1,48.0,13.0
153664491,1,1,85.0,0.0
153662409,1,23,40.0,8.0
447754,1,24,110.0,183.0
446512,1,5,66.0,130.0
446095,1,56,170.0,305.0
444904,1,0,100.0,342.0
444603,1,2,75.0,0.0
444570,1,0,275.0,0.0
444275,1,1,180.0,17.0
442106,1,5,35.0,0.0
440396,1,14,75.0,0.0
440145,1,8,150.0,58.0
440022,1,1,150.0,0.0
439827,1,0,250.0,0.0
438572,1,3,250.0,0.0
438545,1,0,275.0,0.0
154108693,1,0,70.0,0.0
154106207,1,0,180.0,83.0
154390742,1,8,120.0,0.0
154375347,1,1,75.0,0.0
154363317,1,25,250.0,204.0
154362702,1,32,200.0,36.0
154346156,1,1,230.0,0.0
154340775,1,0,500.0,0.0
154339771,1,10,50.0,0.0
154335207,1,1,70.0,65.0
154330006,1,37,149.0,146.0
154306881,1,2,120.0,0.0
154262349,1,23,160.0,102.0
154256662,1,1,250.0,180.0
154234826,1,4,50.0,9.0
154232402,1,19,185.0,363.0
154217970,1,88,80.0,137.0
154206608,1,50,400.0,329.0
154714898,1,31,350.0,166.0
154709515,1,0,395.0,0.0
154705359,1,259,96.0,307.0
154700793,1,93,67.0,134.0
154696585,1,1,80.0,0.0
154678310,1,24,30.0,0.0
154673872,1,0,250.0,0.0
154629753,1,41,500.0,126.0
154629695,1,66,60.0,19.0
154613793,1,0,80.0,88.0
154608871,1,0,215.0,0.0
154576996,1,8,200.0,365.0
154550758,1,0,160.0,171.0
154525001,1,14,125.0,288.0
154494056,1,4,75.0,0.0
154465734,1,0,500.0,81.0
437960,1,4,230.0,87.0
436642,1,20,995.0,290.0
436599,1,46,325.0,20.0
434987,1,182,71.0,200.0
434473,1,48,150.0,0.0
433917,1,0,100.0,28.0
432867,1,16,64.0,6.0
432318,1,3,85.0,0.0
432149,1,0,98.0,0.0
431884,1,38,115.0,0.0
430826,1,51,140.0,298.0
154842298,1,2,195.0,0.0
154834587,1,145,69.0,4.0
154828245,1,87,58.0,0.0
154741428,1,3,249.0,0.0
154737520,1,0,40.0,89.0
155171571,1,32,125.0,6.0
155148052,1,45,139.0,14.0
155137506,1,8,85.0,166.0
155031529,1,2,110.0,0.0
155027850,1,17,85.0,305.0
155014420,1,11,184.0,313.0
154985306,1,68,175.0,89.0
154984900,1,133,65.0,7.0
154980356,1,0,32.0,10.0
154955520,1,52,126.0,35.0
154895874,1,0,150.0,13.0
154895657,1,0,198.0,28.0
154886441,1,4,96.0,0.0
154860771,1,21,125.0,25.0
154848269,1,8,35.0,38.0
438083,1,1,112.0,0.0
155691688,1,19,225.0,50.0
155647922,1,74,65.0,66.0
155618754,1,0,85.0,0.0
155607686,1,20,39.0,324.0
155529225,1,0,80.0,365.0
155403600,1,76,265.0,147.0
155400834,1,82,245.0,135.0
155318905,1,2,95.0,0.0
155313109,1,15,149.0,121.0
155299284,1,14,75.0,0.0
155299207,1,0,33.0,45.0
155298656,1,0,35.0,44.0
155261188,1,0,200.0,365.0
155255550,1,126,215.0,234.0
155223823,1,1,85.0,90.0
155182192,1,108,40.0,65.0
426725,1,25,165.0,0.0
425806,1,29,150.0,0.0
425702,1,67,169.0,186.0
425506,1,14,350.0,156.0
425363,1,55,170.0,82.0
424878,1,17,180.0,203.0
424656,1,0,259.0,0.0
424343,1,3,85.0,0.0
424078,1,215,150.0,72.0
423117,1,13,100.0,179.0
422561,1,6,135.0,0.0
420993,1,0,295.0,0.0
155818580,1,71,65.0,60.0
155807678,1,0,113.0,87.0
155791040,1,64,98.0,356.0
155789674,1,3,55.0,55.0
156064588,1,11,69.0,0.0
156060717,1,33,175.0,1.0
155993704,1,3,75.0,364.0
155990761,1,35,42.0,0.0
155989291,1,10,359.0,281.0
155977656,1,34,70.0,93.0
155961583,1,8,69.0,131.0
155944475,1,0,200.0,0.0
155938307,1,55,225.0,133.0
155935757,1,1,105.0,233.0
155924492,1,30,285.0,172.0
155902664,1,14,125.0,328.0
155885449,1,7,105.0,0.0
429925,1,0,50.0,0.0
429305,1,0,45.0,0.0
428643,1,15,149.0,120.0
156295223,1,0,650.0,303.0
156286838,1,0,150.0,342.0
156255637,1,32,90.0,36.0
156249849,1,18,80.0,12.0
156237907,1,1,40.0,250.0
156231243,1,0,30.0,0.0
156225107,1,45,110.0,170.0
156216145,1,0,215.0,0.0
156214681,1,87,550.0,295.0
156200633,1,10,52.0,0.0
156195302,1,7,200.0,17.0
156187884,1,44,135.0,83.0
156175292,1,4,25.0,34.0
156081840,1,7,225.0,0.0
156068349,1,0,62.0,0.0
156066689,1,79,114.0,283.0
419629,1,2,47.0,17.0
418289,1,1,119.0,0.0
417652,1,75,265.0,324.0
417100,1,18,135.0,0.0
416918,1,0,550.0,0.0
416361,1,1,150.0,179.0
416238,1,1,225.0,88.0
415605,1,19,169.0,128.0
415502,1,3,70.0,0.0
415290,1,0,325.0,0.0
156535560,1,70,55.0,5.0
156490310,1,56,70.0,64.0
156481014,1,16,250.0,78.0
156396144,1,0,50.0,0.0
156352453,1,41,200.0,158.0
156332912,1,1,70.0,0.0
156853666,1,8,225.0,49.0
156843123,1,4,65.0,364.0
156833182,1,41,100.0,0.0
156831639,1,0,125.0,0.0
156758470,1,17,150.0,14.0
156699963,1,11,350.0,80.0
156676400,1,14,165.0,0.0
156672333,1,1,80.0,363.0
156668591,1,11,160.0,14.0
156600754,1,19,110.0,0.0
156592177,1,0,32.0,0.0
156587568,1,56,123.0,126.0
156586664,1,65,75.0,139.0
156571787,1,1,300.0,0.0
420620,1,0,70.0,0.0
420542,1,23,49.0,333.0
157207818,1,7,63.0,22.0
157183215,1,1,175.0,3.0
157087092,1,0,47.0,0.0
157075387,1,19,248.0,0.0
157068054,1,8,49.0,16.0
157056254,1,0,45.0,0.0
157053317,1,0,40.0,318.0
157040162,1,37,48.0,39.0
157038767,1,31,130.0,8.0
157011614,1,2,99.0,145.0
156994927,1,2,60.0,0.0
156983314,1,12,150.0,0.0
156976885,1,0,120.0,0.0
156955078,1,41,70.0,14.0
156948111,1,1,60.0,365.0
156921633,1,93,275.0,66.0
157410883,1,39,120.0,196.0
157406894,1,7,60.0,8.0
157402346,1,60,350.0,224.0
157401742,1,30,64.0,94.0
157397904,1,2,275.0,77.0
157331617,1,1,150.0,78.0
157310194,1,16,60.0,116.0
157301360,1,5,250.0,152.0
157296660,1,18,60.0,0.0
157287318,1,35,275.0,253.0
157284647,1,92,150.0,0.0
157275347,1,141,128.0,164.0
157219382,1,1,75.0,0.0
157218948,1,1,75.0,83.0
157209452,1,9,120.0,179.0
157208948,1,5,310.0,101.0
414627,1,15,200.0,0.0
414477,1,15,70.0,18.0
413336,1,0,120.0,6.0
413316,1,0,225.0,9.0
412783,1,14,334.0,238.0
412228,1,0,95.0,0.0
411697,1,29,225.0,43.0
411677,1,0,70.0,0.0
411560,1,1,200.0,0.0
411437,1,9,120.0,0.0
410962,1,14,200.0,9.0
410665,1,11,139.0,0.0
410094,1,33,225.0,0.0
409965,1,11,95.0,219.0
157438293,1,0,120.0,0.0
157422070,1,7,175.0,19.0
157705263,1,0,55.0,0.0
157701601,1,2,125.0,0.0
157699374,1,4,179.0,0.0
157687888,1,53,90.0,36.0
157666408,1,0,70.0,16.0
157658093,1,3,125.0,0.0
157653177,1,12,75.0,3.0
157642917,1,13,125.0,0.0
157599851,1,0,31.0,0.0
157563838,1,0,99.0,0.0
157540393,1,0,67.0,90.0
157525611,1,3,50.0,0.0
157506473,1,6,60.0,0.0
157481445,1,78,75.0,230.0
157446306,1,37,70.0,67.0
414999,1,1,200.0,0.0
158048302,1,13,83.0,365.0
158048189,1,1,150.0,0.0
158034247,1,25,55.0,0.0
157979999,1,76,60.0,301.0
157967024,1,5,125.0,0.0
157935032,1,1,40.0,37.0
157896836,1,1,48.0,0.0
157846554,1,8,225.0,0.0
157845873,1,53,115.0,0.0
157842225,1,62,250.0,82.0
157834976,1,0,750.0,193.0
157826237,1,50,245.0,40.0
157825168,1,0,148.0,0.0
157788926,1,45,199.0,302.0
157757066,1,10,1046.0,365.0
157708630,1,5,68.0,15.0
158298807,1,42,90.0,52.0
158229004,1,0,70.0,0.0
158222655,1,69,100.0,85.0
158219768,1,73,100.0,140.0
158216643,1,5,60.0,0.0
158198197,1,8,130.0,0.0
158191137,1,8,70.0,0.0
158181451,1,0,38.0,123.0
158174749,1,13,70.0,264.0
158137594,1,0,185.0,0.0
158126190,1,2,33.0,0.0
158123420,1,0,250.0,23.0
158097857,1,5,110.0,0.0
158088272,1,1,76.0,0.0
158087989,1,21,400.0,0.0
158059664,1,2,600.0,80.0
407407,1,3,60.0,364.0
407078,1,49,149.0,171.0
406987,1,3,100.0,0.0
405986,1,6,81.0,6.0
405908,1,139,155.0,235.0
405555,1,1,230.0,0.0
405225,1,8,75.0,2.0
405090,1,6,100.0,0.0
404692,1,15,99.0,0.0
404629,1,122,195.0,236.0
404424,1,8,145.0,0.0
403032,1,112,110.0,162.0
158335126,1,11,130.0,89.0
158334115,1,12,500.0,85.0
158330638,1,3,175.0,0.0
158324654,1,176,185.0,252.0
158599708,1,47,195.0,0.0
158568617,1,104,60.0,365.0
158566993,1,4,150.0,106.0
158563237,1,9,225.0,364.0
158554204,1,7,700.0,303.0
158552987,1,2,80.0,0.0
158504512,1,2,31.0,0.0
158501551,1,2,420.0,270.0
158458681,1,5,99.0,57.0
158456362,1,3,50.0,0.0
158445076,1,0,650.0,0.0
158444643,1,57,250.0,0.0
158344372,1,5,70.0,365.0
409766,1,2,144.0,0.0
408485,1,1,545.0,177.0
407922,1,2,70.0,0.0
158925455,1,46,60.0,300.0
158920456,1,13,40.0,184.0
158891219,1,10,300.0,112.0
158872351,1,7,55.0,0.0
158785491,1,0,40.0,170.0
158764663,1,78,275.0,325.0
158757567,1,42,400.0,46.0
158745515,1,0,60.0,0.0
158731650,1,0,139.0,0.0
158718264,1,0,199.0,36.0
158709729,1,4,450.0,43.0
158692215,1,1,50.0,0.0
158687034,1,39,500.0,114.0
158635893,1,4,209.0,177.0
158634669,1,42,80.0,28.0
158628576,1,1,170.0,0.0
401517,1,0,279.0,55.0
400262,1,261,60.0,156.0
398617,1,10,155.0,42.0
398440,1,4,200.0,14.0
397900,1,0,225.0,0.0
397423,1,183,133.0,263.0
396819,1,4,100.0,0.0
396433,1,14,148.0,365.0
395627,1,16,125.0,80.0
395609,1,7,95.0,0.0
394891,1,2,200.0,8.0
159009468,1,10,99.0,0.0
158974584,1,3,125.0,0.0
158970615,1,54,115.0,0.0
158970159,1,1,95.0,0.0
158961969,1,45,110.0,18.0
159187644,1,0,100.0,89.0
159150155,1,1,150.0,0.0
159142440,1,7,70.0,0.0
159114297,1,23,200.0,23.0
159112181,1,1,275.0,308.0
159088461,1,0,55.0,363.0
159042433,1,3,195.0,0.0
159027871,1,2,35.0,0.0
159026666,1,0,199.0,0.0
159023062,1,12,70.0,0.0
159020652,1,58,48.0,349.0
159014806,1,3,45.0,0.0
159014432,1,2,341.0,245.0
402569,1,22,180.0,98.0
401696,1,286,150.0,191.0
401659,1,2,140.0,77.0
159540426,1,1,200.0,0.0
159526448,1,16,350.0,0.0
159498011,1,5,400.0,0.0
159495469,1,41,86.0,111.0
159494837,1,66,68.0,51.0
159482696,1,3,79.0,0.0
159379318,1,4,95.0,1.0
159369488,1,18,200.0,202.0
159362106,1,25,61.0,7.0
159357000,1,0,450.0,215.0
159336961,1,18,100.0,325.0
159336075,1,3,400.0,275.0
159312334,1,0,95.0,13.0
159281143,1,4,200.0,216.0
159239228,1,0,190.0,158.0
159204067,1,6,124.0,6.0
160050819,1,1,250.0,0.0
159998120,1,0,92.0,0.0
159974287,1,34,38.0,353.0
159903889,1,42,400.0,306.0
159884558,1,37,45.0,149.0
159794474,1,0,76.0,0.0
159769278,1,17,40.0,17.0
159757725,1,1,40.0,0.0
159735335,1,29,80.0,0.0
159726656,1,7,53.0,0.0
159623005,1,0,412.0,0.0
159608581,1,1,39.0,0.0
159593024,1,1,145.0,35.0
159592932,1,50,159.0,89.0
159586124,1,1,400.0,2.0
159571314,1,4,325.0,0.0
394223,1,1,130.0,0.0
393944,1,0,230.0,0.0
393107,1,4,69.0,0.0
392929,1,5,195.0,0.0
391488,1,0,500.0,89.0
391325,1,31,250.0,78.0
390844,1,9,199.0,0.0
389684,1,9,550.0,61.0
389321,1,15,240.0,0.0
389297,1,0,126.0,0.0
160159744,1,37,42.0,1.0
160118608,1,1,65.0,35.0
160109287,1,1,200.0,0.0
160066386,1,18,250.0,20.0
160057164,1,0,75.0,0.0
160054295,1,5,47.0,0.0
160376922,1,11,800.0,0.0
160374143,1,42,245.0,141.0
160373219,1,50,487.0,198.0
160369263,1,61,100.0,337.0
160353062,1,2,90.0,116.0
160349432,1,0,100.0,8.0
160343135,1,2,30.0,0.0
160343057,1,8,158.0,0.0
160325910,1,0,115.0,0.0
160322636,1,43,50.0,172.0
160248396,1,41,70.0,15.0
160233319,1,0,86.0,0.0
160194786,1,59,160.0,81.0
160187991,1,2,65.0,125.0
160175680,1,0,75.0,22.0
394752,1,1,55.0,0.0
160647707,1,4,88.0,0.0
160643378,1,20,75.0,0.0
160618190,1,0,129.0,348.0
160614820,1,12,60.0,21.0
160611440,1,11,95.0,0.0
160601986,1,25,85.0,139.0
160520133,1,11,250.0,265.0
160507714,1,1,80.0,0.0
160507191,1,29,150.0,0.0
160503827,1,7,90.0,0.0
160493366,1,3,62.0,6.0
160474324,1,1,70.0,0.0
160468444,1,0,85.0,358.0
160461605,1,6,85.0,0.0
160457828,1,117,99.0,68.0
160379705,1,7,35.0,0.0
160991451,1,6,150.0,0.0
160923266,1,0,70.0,0.0
160899890,1,2,35.0,0.0
160895899,1,0,167.0,166.0
160892059,1,16,145.0,173.0
160891716,1,21,325.0,14.0
160867897,1,1,100.0,365.0
160862247,1,0,57.0,0.0
160847231,1,67,131.0,61.0
160778490,1,3,40.0,19.0
160754766,1,2,230.0,0.0
160739637,1,0,150.0,74.0
160721088,1,1,150.0,0.0
160707142,1,23,85.0,149.0
160702123,1,13,50.0,0.0
160683712,1,8,150.0,84.0
385367,1,5,595.0,13.0
384654,1,7,140.0,122.0
384595,1,8,150.0,163.0
384430,1,0,120.0,252.0
383623,1,4,50.0,12.0
381669,1,10,190.0,0.0
380728,1,17,77.0,188.0
379827,1,14,196.0,29.0
379663,1,5,129.0,0.0
379619,1,378,100.0,48.0
379051,1,1,550.0,353.0
161172539,1,92,59.0,79.0
161160095,1,42,170.0,4.0
161135042,1,1,200.0,0.0
161047916,1,3,380.0,321.0
161031033,1,0,70.0,30.0
161456818,1,0,50.0,165.0
161446165,1,1,100.0,341.0
161441682,1,9,57.0,0.0
161432983,1,1,170.0,0.0
161360183,1,2,115.0,0.0
161352782,1,70,65.0,300.0
161346189,1,0,40.0,342.0
161344095,1,98,100.0,89.0
161314694,1,0,60.0,365.0
161300062,1,9,70.0,0.0
161279657,1,0,350.0,0.0
161262280,1,4,250.0,0.0
161196794,1,2,169.0,53.0
387844,1,35,199.0,0.0
387756,1,3,250.0,358.0
386795,1,0,30.0,0.0
161657326,1,1,37.0,0.0
161649470,1,1,50.0,0.0
161644370,1,2,42.0,0.0
161638092,1,3,30.0,0.0
161616186,1,20,150.0,36.0
161613483,1,18,55.0,0.0
161599491,1,8,50.0,179.0
161519048,1,0,250.0,0.0
161514941,1,10,38.0,365.0
161514654,1,56,135.0,66.0
161497828,1,2,100.0,95.0
161496464,1,2,95.0,362.0
161472665,1,2,250.0,178.0
161468583,1,35,22.0,312.0
161467377,1,1,189.0,24.0
161458034,1,37,160.0,71.0
161915399,1,86,260.0,259.0
161910094,1,0,60.0,173.0
161906388,1,4,45.0,3.0
161903367,1,1,28.0,0.0
161902034,1,106,140.0,310.0
161900946,1,0,105.0,0.0
161873557,1,34,85.0,42.0
161846641,1,13,48.0,0.0
161829611,1,2,66.0,60.0
161814450,1,20,195.0,217.0
161784847,1,31,125.0,24.0
161770518,1,65,195.0,236.0
161743285,1,1,27.0,0.0
161742462,1,40,249.0,293.0
161671480,1,0,150.0,0.0
161659518,1,3,80.0,0.0
162143245,1,2,229.0,206.0
162138028,1,1,96.0,179.0
162127741,1,28,110.0,347.0
162116640,1,0,3000.0,90.0
162100686,1,0,200.0,0.0
162097203,1,1,220.0,0.0
162093521,1,1,35.0,4.0
162005440,1,23,100.0,95.0
162001851,1,12,170.0,0.0
161997330,1,2,295.0,0.0
161985273,1,7,45.0,43.0
161983650,1,2,41.0,0.0
161976329,1,58,55.0,57.0
161971187,1,0,100.0,0.0
161943355,1,21,90.0,83.0
161919000,1,0,85.0,0.0
162290659,1,3,148.0,5.0
162283008,1,5,43.0,0.0
162282607,1,5,100.0,0.0
162278789,1,23,65.0,0.0
162276183,1,110,59.0,147.0
162263721,1,0,70.0,0.0
162261784,1,1,70.0,0.0
162258673,1,14,50.0,63.0
162174536,1,1,31.0,0.0
162172469,1,0,500.0,229.0
162171692,1,25,99.0,95.0
162167111,1,20,95.0,101.0
162166015,1,3,50.0,189.0
162153626,1,1,127.0,0.0
162153544,1,70,277.0,75.0
162152103,1,4,150.0,0.0
162575767,1,0,800.0,2.0
162572530,1,13,28.0,0.0
162556385,1,0,720.0,0.0
162554140,1,0,22.0,0.0
162546695,1,0,100.0,83.0
162504107,1,2,90.0,193.0
162496355,1,6,43.0,0.0
162459728,1,0,82.0,0.0
162457374,1,0,38.0,0.0
162436632,1,9,65.0,144.0
162430220,1,0,80.0,0.0
162411010,1,3,125.0,69.0
162397867,1,1,799.0,364.0
162352916,1,24,50.0,354.0
162293435,1,2,110.0,0.0
162291393,1,26,98.0,73.0
163029687,1,1,900.0,292.0
163012750,1,0,80.0,44.0
162974717,1,15,60.0,0.0
162968562,1,1,70.0,0.0
162966456,1,0,150.0,0.0
162938514,1,24,250.0,282.0
162923870,1,13,149.0,29.0
162914079,1,1,99.0,0.0
162881419,1,20,125.0,281.0
162848296,1,7,71.0,0.0
162836752,1,23,169.0,196.0
162784512,1,32,129.0,0.0
162781363,1,4,140.0,190.0
162781227,1,7,280.0,0.0
162598902,1,2,40.0,0.0
162586833,1,19,400.0,166.0
378737,1,0,250.0,365.0
377783,1,3,100.0,0.0
377361,1,25,160.0,0.0
377287,1,2,200.0,205.0
377151,1,29,199.0,361.0
376084,1,14,240.0,199.0
374557,1,0,250.0,141.0
374305,1,7,250.0,314.0
374115,1,7,200.0,0.0
373085,1,38,110.0,0.0
373060,1,2,275.0,0.0
373019,1,3,62.0,319.0
372206,1,4,150.0,0.0
371936,1,1,89.0,44.0
371654,1,2,175.0,0.0
369226,1,2,40.0,0.0
163376694,1,24,125.0,264.0
163366045,1,0,1000.0,0.0
163365183,1,0,34.0,14.0
163360671,1,0,135.0,227.0
163329653,1,83,120.0,346.0
163259257,1,2,32.0,0.0
163210909,1,8,249.0,175.0
163189326,1,64,105.0,314.0
163169045,1,8,85.0,66.0
163152195,1,7,145.0,360.0
163103487,1,13,199.0,349.0
163098446,1,77,125.0,348.0
163087464,1,53,59.0,39.0
163077876,1,42,59.0,35.0
163047898,1,2,160.0,0.0
163047410,1,45,40.0,266.0
163621622,1,50,175.0,173.0
163619844,1,5,70.0,1.0
163605956,1,24,117.0,328.0
163602988,1,22,100.0,13.0
163586662,1,4,187.0,76.0
163576102,1,2,64.0,268.0
163574555,1,69,120.0,277.0
163565274,1,6,189.0,8.0
163554531,1,0,35.0,0.0
163518918,1,3,118.0,249.0
163516658,1,139,80.0,77.0
163510250,1,6,75.0,0.0
163489115,1,30,110.0,265.0
163482759,1,14,75.0,0.0
163458740,1,94,190.0,187.0
163384875,1,92,185.0,120.0
164308567,1,3,125.0,4.0
164242874,1,20,150.0,272.0
164178160,1,2,59.0,0.0
164165428,1,0,60.0,0.0
164164069,1,17,40.0,36.0
164144705,1,0,220.0,178.0
164048400,1,1,40.0,0.0
163877894,1,24,149.0,3.0
163855521,1,66,99.0,254.0
163843832,1,12,58.0,36.0
163829123,1,59,245.0,53.0
163813488,1,10,43.0,116.0
163715101,1,67,110.0,67.0
163703392,1,18,41.0,0.0
163626113,1,107,160.0,49.0
163625251,1,34,109.0,156.0
368528,1,1,64.0,0.0
365153,1,50,229.0,188.0
364955,1,39,200.0,251.0
364558,1,17,150.0,15.0
364499,1,233,85.0,72.0
364351,1,1,115.0,0.0
363834,1,43,125.0,102.0
363717,1,2,350.0,127.0
363472,1,17,233.0,364.0
362457,1,54,140.0,180.0
362418,1,181,125.0,111.0
361155,1,17,200.0,95.0
164391402,1,3,125.0,365.0
164378428,1,2,165.0,0.0
164345159,1,82,150.0,51.0
164318938,1,29,225.0,14.0
164750816,1,83,80.0,288.0
164724867,1,8,175.0,1.0
164704496,1,0,750.0,365.0
164692592,1,1,100.0,1.0
164692370,1,2,31.0,0.0
164668733,1,3,125.0,0.0
164650025,1,204,35.0,19.0
164637779,1,2,150.0,0.0
164549734,1,0,300.0,0.0
164538104,1,1,42.0,178.0
164537600,1,3,140.0,0.0
164519659,1,6,35.0,0.0
164516331,1,33,85.0,0.0
164509613,1,23,145.0,3.0
164456084,1,0,27.0,0.0
369154,1,16,345.0,206.0
165492173,1,0,200.0,0.0
165448425,1,10,90.0,365.0
165395917,1,60,350.0,148.0
165386495,1,15,40.0,220.0
165360098,1,1,80.0,84.0
165307387,1,88,85.0,339.0
165135574,1,10,165.0,43.0
165109723,1,0,120.0,83.0
165099226,1,1,45.0,0.0
165054817,1,15,125.0,336.0
165003654,1,24,26.0,303.0
164907052,1,0,45.0,2.0
164887236,1,0,75.0,0.0
164847238,1,4,101.0,2.0
164814832,1,42,260.0,46.0
164806814,1,52,140.0,242.0
166084232,1,17,185.0,48.0
166066107,1,66,280.0,257.0
165985048,1,15,78.0,178.0
165907758,1,0,200.0,0.0
165887496,1,79,150.0,87.0
165884816,1,10,161.0,0.0
165883882,1,2,130.0,47.0
165863135,1,2,80.0,3.0
165860505,1,4,90.0,0.0
165853174,1,74,89.0,322.0
165827975,1,0,59.0,10.0
165803414,1,1,80.0,0.0
165715198,1,52,70.0,128.0
165695294,1,0,85.0,0.0
165612495,1,26,80.0,15.0
165603002,1,3,60.0,0.0
166700941,1,8,399.0,145.0
166673485,1,7,150.0,342.0
166544300,1,37,416.0,244.0
166463538,1,1,150.0,179.0
166432964,1,0,40.0,0.0
166415629,1,0,85.0,0.0
166398662,1,2,25.0,0.0
166368558,1,15,149.0,265.0
166366338,1,21,175.0,42.0
166366283,1,2,170.0,64.0
166289951,1,0,90.0,0.0
166269959,1,0,95.0,0.0
166260679,1,0,50.0,0.0
166208155,1,3,250.0,42.0
166204258,1,1,27.0,0.0
166195455,1,0,346.0,364.0
167188752,1,1,150.0,364.0
167092099,1,0,188.0,179.0
167089974,1,0,202.0,205.0
167043905,1,3,200.0,87.0
167019780,1,41,105.0,211.0
167004933,1,1,40.0,0.0
167000939,1,13,200.0,0.0
166984137,1,0,90.0,193.0
166884908,1,0,50.0,0.0
166879201,1,95,169.0,48.0
166873118,1,0,70.0,0.0
166862866,1,63,148.0,82.0
166861637,1,52,100.0,3.0
166819817,1,0,75.0,90.0
166818540,1,2,115.0,0.0
166809666,1,27,275.0,29.0
359480,1,4,77.0,0.0
359447,1,18,69.0,280.0
359424,1,1,250.0,0.0
357117,1,4,44.0,5.0
356933,1,178,180.0,227.0
356690,1,17,175.0,0.0
356490,1,0,1000.0,0.0
355548,1,8,185.0,8.0
355259,1,2,118.0,0.0
354891,1,0,100.0,364.0
354887,1,173,189.0,265.0
354385,1,2,50.0,0.0
354330,1,52,65.0,5.0
353965,1,120,90.0,132.0
167228202,1,0,150.0,9.0
167208041,1,78,173.0,0.0
167775339,1,12,86.0,0.0
167769983,1,2,77.0,321.0
167677659,1,5,90.0,7.0
167621521,1,1,35.0,0.0
167595532,1,20,75.0,6.0
167570251,1,14,10.0,4.0
167568754,1,4,100.0,0.0
167567675,1,44,100.0,264.0
167560332,1,0,45.0,0.0
167459000,1,0,60.0,5.0
167401250,1,2,78.0,0.0
167383560,1,2,125.0,199.0
167359300,1,23,76.0,153.0
167250189,1,1,50.0,0.0
359692,1,1,115.0,26.0
359537,1,0,250.0,365.0
168308087,1,0,75.0,0.0
168279437,1,7,40.0,0.0
168244985,1,1,99.0,0.0
168211014,1,9,150.0,168.0
168196322,1,55,80.0,139.0
168184878,1,12,145.0,37.0
168180986,1,8,100.0,0.0
168159627,1,26,600.0,253.0
168121995,1,3,120.0,299.0
168044240,1,42,265.0,70.0
168015754,1,33,40.0,18.0
167995009,1,4,130.0,365.0
167949895,1,3,35.0,0.0
167831565,1,6,59.0,0.0
167819022,1,1,85.0,54.0
167818421,1,22,80.0,188.0
168946125,1,4,150.0,0.0
168815258,1,2,55.0,0.0
168814318,1,15,250.0,94.0
168804578,1,23,60.0,0.0
168784638,1,28,237.0,0.0
168729352,1,0,55.0,8.0
168704622,1,4,300.0,364.0
168660624,1,0,40.0,0.0
168613171,1,0,175.0,365.0
168569105,1,1,60.0,83.0
168567714,1,18,68.0,152.0
168501789,1,1,150.0,363.0
168495229,1,2,48.0,15.0
168416827,1,16,69.0,300.0
168353272,1,9,220.0,13.0
168348550,1,45,175.0,33.0
169567256,1,1,100.0,0.0
169546851,1,63,275.0,239.0
169541552,1,0,299.0,2.0
169534923,1,40,188.0,146.0
169532780,1,22,169.0,189.0
169514692,1,38,149.0,138.0
169467786,1,5,215.0,165.0
169396379,1,12,95.0,179.0
169340719,1,2,159.0,0.0
169318289,1,11,90.0,89.0
169226619,1,38,58.0,37.0
169211917,1,1,80.0,179.0
169201555,1,1,50.0,18.0
169148493,1,0,90.0,0.0
169012324,1,23,80.0,156.0
168988812,1,2,118.0,0.0
170008285,1,36,220.0,331.0
169960804,1,7,175.0,0.0
169959693,1,10,189.0,35.0
169944714,1,114,295.0,125.0
169940010,1,4,90.0,269.0
169898690,1,0,125.0,129.0
169882061,1,23,225.0,77.0
169851445,1,0,47.0,0.0
169795562,1,0,50.0,0.0
169773010,1,86,199.0,22.0
169721146,1,74,65.0,28.0
169704873,1,6,150.0,0.0
169686676,1,19,60.0,362.0
169647759,1,11,100.0,0.0
169619135,1,0,75.0,0.0
169589888,1,27,140.0,348.0
170387293,1,0,75.0,0.0
170384085,1,13,49.0,0.0
170372974,1,11,599.0,140.0
170294800,1,23,68.0,298.0
170271533,1,75,83.0,44.0
170265686,1,85,69.0,193.0
170256169,1,45,60.0,30.0
170223089,1,28,116.0,99.0
170150338,1,2,550.0,147.0
170095185,1,3,29.0,0.0
170092307,1,56,128.0,18.0
170085232,1,74,50.0,0.0
170075022,1,63,89.0,12.0
170071460,1,0,100.0,88.0
170032114,1,2,120.0,31.0
170026468,1,11,115.0,165.0
352230,1,39,145.0,44.0
352168,1,48,150.0,35.0
351650,1,2,175.0,0.0
351465,1,60,190.0,155.0
350702,1,132,95.0,354.0
350088,1,1,200.0,0.0
350055,1,7,499.0,25.0
349596,1,3,189.0,14.0
347953,1,22,225.0,17.0
347475,1,18,275.0,292.0
347045,1,5,125.0,90.0
347036,1,15,179.0,0.0
346366,1,12,229.0,319.0
346356,1,82,450.0,258.0
170424392,1,3,130.0,0.0
170413197,1,1,100.0,0.0
170657264,1,37,74.0,46.0
170638981,1,25,85.0,28.0
170629692,1,0,65.0,0.0
170624318,1,1,75.0,359.0
170608951,1,22,65.0,89.0
170603631,1,29,65.0,240.0
170574337,1,19,200.0,4.0
170567335,1,5,95.0,0.0
170566147,1,2,180.0,291.0
170534355,1,54,200.0,242.0
170477315,1,77,130.0,85.0
170464089,1,4,490.0,248.0
170458252,1,67,140.0,145.0
170457264,1,6,200.0,0.0
170445076,1,58,200.0,152.0
170444830,1,2,500.0,179.0
171339086,1,25,85.0,0.0
171331943,1,6,160.0,63.0
171212377,1,38,175.0,122.0
171171143,1,15,100.0,203.0
171154086,1,0,42.0,0.0
171107511,1,1,80.0,219.0
171092619,1,0,59.0,0.0
171008642,1,14,120.0,18.0
171001581,1,27,104.0,84.0
170942459,1,16,54.0,69.0
170935045,1,1,117.0,0.0
170857849,1,28,119.0,351.0
170817628,1,0,47.0,31.0
170810121,1,11,60.0,157.0
170805641,1,43,399.0,161.0
170724620,1,50,65.0,1.0
171646902,1,20,300.0,298.0
171636572,1,18,50.0,12.0
171630463,1,4,150.0,0.0
171629811,1,3,40.0,0.0
171590575,1,2,50.0,191.0
171522181,1,11,45.0,0.0
171488589,1,13,76.0,0.0
171483814,1,2,58.0,0.0
171482981,1,1,65.0,21.0
171452798,1,49,264.0,296.0
171446547,1,29,80.0,362.0
171433016,1,29,225.0,36.0
171382321,1,1,400.0,219.0
171367408,1,8,90.0,0.0
171364485,1,9,80.0,89.0
171352111,1,1,100.0,0.0
172240638,1,1,50.0,0.0
172190160,1,2,300.0,0.0
172186369,1,9,20.0,0.0
172168328,1,1,129.0,361.0
172145021,1,0,63.0,0.0
172130647,1,24,59.0,5.0
172067924,1,0,100.0,0.0
171888683,1,11,100.0,0.0
171854639,1,13,75.0,1.0
171830071,1,5,65.0,0.0
171825960,1,1,70.0,0.0
171812142,1,0,145.0,151.0
171678641,1,10,225.0,279.0
171673961,1,2,25.0,0.0
171668854,1,2,60.0,0.0
171660157,1,10,65.0,2.0
172885803,1,42,150.0,244.0
172864847,1,137,100.0,36.0
172859639,1,2,250.0,4.0
172756149,1,66,240.0,83.0
172736191,1,51,80.0,57.0
172713193,1,82,150.0,331.0
172693570,1,0,45.0,8.0
172640229,1,2,46.0,96.0
172586583,1,6,110.0,12.0
172541609,1,10,65.0,44.0
172506981,1,27,150.0,320.0
172506421,1,70,93.0,89.0
172422032,1,0,120.0,235.0
172391931,1,1,250.0,0.0
172379806,1,25,100.0,294.0
172366460,1,18,70.0,362.0
344583,1,105,120.0,22.0
343250,1,6,125.0,325.0
342760,1,4,200.0,5.0
342734,1,9,160.0,0.0
342599,1,15,100.0,0.0
342510,1,0,65.0,0.0
342054,1,30,195.0,249.0
341981,1,52,90.0,0.0
340692,1,29,59.0,15.0
339586,1,22,175.0,39.0
338921,1,1,200.0,1.0
338562,1,4,62.0,0.0
338454,1,64,85.0,318.0
173047765,1,26,60.0,112.0
172986033,1,0,39.0,0.0
172911004,1,33,47.0,176.0
173794097,1,2,40.0,3.0
173754495,1,25,75.0,270.0
173673660,1,6,55.0,0.0
173584558,1,0,79.0,0.0
173535994,1,7,118.0,0.0
173485654,1,1,40.0,87.0
173416551,1,70,87.0,54.0
173379189,1,2,200.0,0.0
173369078,1,15,139.0,338.0
173311396,1,5,150.0,21.0
173287467,1,0,50.0,0.0
173282483,1,4,150.0,89.0
173259171,1,2,900.0,0.0
173230953,1,7,40.0,0.0
173227728,1,0,250.0,5.0
345087,1,1,99.0,359.0
174628863,1,3,60.0,0.0
174584122,1,64,68.0,13.0
174559516,1,1,120.0,0.0
174511839,1,25,50.0,5.0
174504698,1,0,100.0,179.0
174496733,1,0,379.0,167.0
174313318,1,1,380.0,296.0
174255459,1,24,125.0,188.0
174180669,1,37,179.0,333.0
174171891,1,31,46.0,51.0
174124006,1,61,60.0,45.0
173990320,1,44,100.0,310.0
173987923,1,4,395.0,89.0
173912778,1,12,89.0,132.0
173852911,1,22,250.0,47.0
173823383,1,51,165.0,0.0
337159,1,6,121.0,156.0
336228,1,2,95.0,0.0
335016,1,7,29.0,0.0
334348,1,9,148.0,8.0
333712,1,5,355.0,31.0
333195,1,27,115.0,166.0
332521,1,0,150.0,5.0
332189,1,93,122.0,246.0
331658,1,19,65.0,104.0
331223,1,3,80.0,0.0
330976,1,20,85.0,0.0
330347,1,56,135.0,42.0
174780742,1,13,150.0,282.0
174760879,1,4,325.0,65.0
174668332,1,7,76.0,0.0
174663454,1,47,70.0,10.0
175276860,1,0,100.0,179.0
175182004,1,3,60.0,40.0
175166282,1,0,220.0,49.0
175152790,1,14,65.0,0.0
175082875,1,81,250.0,213.0
174976495,1,7,45.0,0.0
174951212,1,0,550.0,0.0
174838527,1,0,100.0,0.0
174838471,1,38,96.0,25.0
174816758,1,81,200.0,189.0
174811960,1,0,55.0,165.0
174805880,1,25,125.0,348.0
174804937,1,0,150.0,0.0
174797199,1,11,99.0,0.0
174786681,1,3,31.0,357.0
174785774,1,3,162.0,0.0
176038984,1,17,220.0,208.0
176001804,1,68,125.0,290.0
175900532,1,21,200.0,124.0
175778475,1,66,145.0,158.0
175771113,1,1,36.0,46.0
175714102,1,0,100.0,173.0
175513439,1,1,217.0,189.0
175507083,1,2,45.0,35.0
175497286,1,2,55.0,341.0
175448639,1,47,170.0,320.0
175372759,1,21,175.0,160.0
175370972,1,13,65.0,36.0
175368807,1,1,33.0,365.0
175327947,1,1,1100.0,0.0
175315624,1,7,163.0,0.0
175289458,1,68,135.0,89.0
176651039,1,0,140.0,331.0
176578851,1,6,110.0,0.0
176463632,1,0,400.0,348.0
176436884,1,69,199.0,112.0
176427055,1,102,74.0,348.0
176290998,1,12,100.0,89.0
176279414,1,83,85.0,329.0
176246555,1,5,154.0,80.0
176245949,1,59,140.0,77.0
176231758,1,26,240.0,267.0
176191548,1,2,85.0,188.0
176189568,1,0,130.0,358.0
176185168,1,119,65.0,0.0
176119156,1,13,190.0,171.0
176051903,1,3,550.0,38.0
176043852,1,2,220.0,41.0
329931,1,0,33.0,0.0
329917,1,5,53.0,0.0
328951,1,20,150.0,35.0
328898,1,1,59.0,42.0
327778,1,8,36.0,0.0
327489,1,8,125.0,185.0
326952,1,4,95.0,0.0
326465,1,1,88.0,0.0
326329,1,1,60.0,0.0
326185,1,3,108.0,0.0
326150,1,11,200.0,0.0
176793977,1,0,60.0,0.0
176772783,1,3,550.0,0.0
176763105,1,41,70.0,67.0
176663321,1,6,200.0,266.0
176660539,1,3,120.0,322.0
177110165,1,1,121.0,45.0
177067211,1,0,99.0,34.0
177058197,1,6,210.0,9.0
177045672,1,4,65.0,342.0
177036542,1,44,175.0,285.0
177031514,1,4,60.0,341.0
176983812,1,2,350.0,87.0
176971425,1,0,140.0,83.0
176964342,1,4,120.0,0.0
176955227,1,7,150.0,88.0
176950781,1,0,325.0,360.0
176890090,1,13,25.0,81.0
176821276,1,8,75.0,0.0
176810211,1,1,70.0,0.0
176809727,1,38,105.0,300.0
330123,1,3,80.0,0.0
177761074,1,1,60.0,326.0
177742211,1,3,285.0,365.0
177714844,1,1,44.0,0.0
177673174,1,0,80.0,0.0
177560095,1,17,50.0,66.0
177507494,1,0,67.0,31.0
177478860,1,2,140.0,0.0
177449995,1,0,120.0,363.0
177402890,1,0,60.0,83.0
177402508,1,0,200.0,32.0
177188159,1,0,800.0,277.0
177177772,1,8,150.0,0.0
177161276,1,10,26.0,312.0
177157966,1,9,45.0,90.0
177156643,1,24,50.0,153.0
177146433,1,6,139.0,0.0
178499417,1,14,80.0,0.0
178337703,1,1,300.0,364.0
178266385,1,3,800.0,362.0
178237936,1,68,89.0,64.0
178229322,1,61,47.0,130.0
178213591,1,8,125.0,270.0
178178426,1,73,195.0,146.0
178164173,1,0,400.0,44.0
178147517,1,7,60.0,155.0
178145214,1,43,200.0,102.0
178123507,1,9,280.0,0.0
178062766,1,44,325.0,179.0
178038608,1,2,110.0,125.0
178011115,1,31,166.0,280.0
177932088,1,0,60.0,26.0
177860344,1,1,80.0,178.0
325862,1,7,99.0,0.0
325790,1,30,200.0,224.0
325455,1,2,120.0,0.0
325453,1,0,80.0,0.0
325389,1,9,140.0,254.0
324657,1,15,108.0,8.0
324628,1,122,160.0,179.0
324460,1,67,212.0,51.0
323771,1,0,100.0,13.0
322934,1,69,91.0,265.0
322884,1,51,190.0,288.0
322697,1,136,99.0,33.0
321934,1,11,175.0,246.0
321756,1,20,75.0,364.0
178520748,1,114,89.0,38.0
178507107,1,7,100.0,0.0
178986313,1,91,100.0,79.0
178826661,1,0,200.0,0.0
178807971,1,2,250.0,11.0
178793639,1,0,175.0,157.0
178743973,1,0,400.0,90.0
178733071,1,0,50.0,171.0
178696800,1,45,35.0,28.0
178689185,1,3,125.0,145.0
178676648,1,1,150.0,88.0
178675800,1,2,85.0,0.0
178666589,1,12,195.0,85.0
178665352,1,23,195.0,302.0
178654047,1,0,190.0,53.0
178653055,1,18,90.0,13.0
178636681,1,11,110.0,90.0
178631153,1,5,125.0,0.0
179397918,1,60,175.0,297.0
179384567,1,0,159.0,343.0
179382251,1,24,100.0,260.0
179376942,1,2,50.0,0.0
179366206,1,5,45.0,101.0
179355129,1,12,85.0,229.0
179351232,1,6,120.0,334.0
179256587,1,0,95.0,42.0
179255065,1,118,300.0,28.0
179237742,1,2,299.0,298.0
179233527,1,22,80.0,0.0
179187831,1,0,70.0,364.0
179136567,1,0,185.0,0.0
179026754,1,23,89.0,103.0
179014177,1,3,398.0,12.0
179010070,1,23,65.0,354.0
179951095,1,14,78.0,356.0
179875332,1,1,135.0,0.0
179857032,1,2,82.0,0.0
179825270,1,53,49.0,341.0
179789963,1,3,115.0,0.0
179773675,1,0,60.0,0.0
179765779,1,80,125.0,269.0
179745489,1,47,125.0,315.0
179676509,1,2,114.0,0.0
179668570,1,37,165.0,34.0
179634496,1,0,300.0,0.0
179594570,1,1,48.0,0.0
179570454,1,2,165.0,1.0
179483216,1,20,250.0,228.0
179442361,1,5,75.0,67.0
179413160,1,8,45.0,57.0
321710,1,1,225.0,0.0
321386,1,32,198.0,0.0
320761,1,49,130.0,152.0
320538,1,132,95.0,46.0
320450,1,5,129.0,231.0
320428,1,5,142.0,214.0
320422,1,0,60.0,0.0
320285,1,18,160.0,281.0
320284,1,203,52.0,323.0
319842,1,0,185.0,26.0
319707,1,0,49.0,37.0
319488,1,21,125.0,141.0
319092,1,64,75.0,68.0
318899,1,9,75.0,175.0
318729,1,118,199.0,23.0
180005361,1,55,148.0,123.0
180397183,1,0,320.0,90.0
180384868,1,2,360.0,89.0
180379038,1,2,124.0,0.0
180378787,1,1,30.0,0.0
180368029,1,10,250.0,335.0
180347935,1,0,37.0,0.0
180336853,1,0,70.0,255.0
180329864,1,4,159.0,42.0
180311428,1,1,60.0,363.0
180289633,1,27,150.0,321.0
180237401,1,0,200.0,31.0
180219381,1,73,70.0,260.0
180208872,1,82,155.0,302.0
180180858,1,7,180.0,35.0
180160926,1,1,190.0,303.0
180141907,1,0,299.0,83.0
181075211,1,1,56.0,179.0
180966626,1,4,259.0,345.0
180960990,1,1,445.0,60.0
180945232,1,9,89.0,32.0
180897611,1,5,175.0,15.0
180892493,1,1,100.0,0.0
180793066,1,1,87.0,90.0
180775831,1,40,60.0,15.0
180754298,1,1,130.0,13.0
180744564,1,36,99.0,350.0
180720187,1,3,48.0,0.0
180700434,1,0,200.0,83.0
180661875,1,2,10.0,0.0
180548427,1,38,620.0,309.0
180523383,1,5,185.0,338.0
180467103,1,1,90.0,24.0
317692,1,4,120.0,0.0
316474,1,66,225.0,158.0
315918,1,326,100.0,90.0
315654,1,60,240.0,348.0
315401,1,31,125.0,218.0
315082,1,20,125.0,0.0
314377,1,132,129.0,171.0
314256,1,50,110.0,0.0
314115,1,4,60.0,175.0
314008,1,8,270.0,0.0
181346298,1,3,75.0,364.0
181344112,1,8,199.0,0.0
181300842,1,12,119.0,0.0
181287271,1,14,325.0,126.0
181233778,1,0,27.0,68.0
181108819,1,54,60.0,361.0
181889371,1,0,1315.0,0.0
181885526,1,91,69.0,90.0
181863187,1,0,550.0,2.0
181858292,1,34,140.0,0.0
181851683,1,0,40.0,83.0
181827361,1,0,125.0,247.0
181810800,1,11,139.0,0.0
181773256,1,0,450.0,65.0
181679481,1,21,190.0,327.0
181673933,1,0,100.0,341.0
181382109,1,1,68.0,59.0
181372846,1,38,649.0,199.0
181370114,1,0,500.0,87.0
318435,1,1,105.0,0.0
317809,1,210,115.0,261.0
317718,1,0,380.0,177.0
312276,1,24,95.0,0.0
312080,1,28,150.0,168.0
311608,1,7,300.0,239.0
309393,1,1,175.0,45.0
309329,1,52,150.0,53.0
309088,1,18,150.0,0.0
308930,1,7,130.0,0.0
182326270,1,58,125.0,78.0
182313432,1,2,100.0,40.0
182306283,1,40,120.0,13.0
182295691,1,10,150.0,25.0
182121197,1,2,69.0,86.0
182092241,1,48,160.0,203.0
182084079,1,0,95.0,9.0
182039779,1,7,100.0,0.0
181974787,1,4,189.0,74.0
183188884,1,0,780.0,0.0
183178516,1,16,288.0,136.0
183033408,1,7,99.0,0.0
182990602,1,41,150.0,60.0
182989727,1,8,70.0,0.0
182945752,1,71,55.0,135.0
182940016,1,0,425.0,90.0
182690453,1,37,140.0,157.0
182679740,1,13,299.0,212.0
182505049,1,0,499.0,34.0
182472967,1,1,140.0,65.0
182425491,1,9,500.0,357.0
182411776,1,37,115.0,128.0
182410092,1,0,700.0,304.0
313317,1,279,100.0,301.0
313079,1,70,157.0,223.0
183610844,1,6,50.0,51.0
183604908,1,25,50.0,179.0
183603765,1,26,108.0,315.0
183599440,1,1,65.0,157.0
183573239,1,5,200.0,11.0
183571032,1,2,150.0,83.0
183568797,1,36,200.0,308.0
183563796,1,2,70.0,0.0
183548336,1,13,250.0,74.0
183400278,1,5,104.0,179.0
183388833,1,34,179.0,205.0
183375315,1,13,220.0,2.0
183330366,1,65,80.0,12.0
183240218,1,74,65.0,211.0
183211558,1,39,100.0,55.0
183191309,1,26,150.0,26.0
307962,1,441,99.0,226.0
307241,1,18,155.0,70.0
306825,1,1,190.0,0.0
306394,1,123,59.0,336.0
305591,1,4,200.0,0.0
305395,1,98,130.0,48.0
305207,1,3,259.0,0.0
305132,1,13,200.0,0.0
304651,1,0,180.0,0.0
304493,1,46,85.0,59.0
183736521,1,1,125.0,5.0
183699341,1,6,175.0,365.0
183633639,1,28,138.0,347.0
183625602,1,15,120.0,166.0
183623716,1,10,85.0,365.0
183617557,1,29,299.0,6.0
184065290,1,16,180.0,3.0
184000316,1,1,55.0,87.0
183989835,1,22,299.0,278.0
183967887,1,5,65.0,0.0
183950956,1,76,220.0,60.0
183950711,1,0,125.0,119.0
183924446,1,11,150.0,49.0
183833039,1,0,100.0,341.0
183818356,1,1,83.0,16.0
183817011,1,3,190.0,365.0
183803880,1,26,499.0,0.0
183790715,1,0,575.0,364.0
183779546,1,9,1000.0,88.0
183751102,1,8,130.0,353.0
183748836,1,44,120.0,4.0
308068,1,2,68.0,0.0
184653310,1,14,300.0,85.0
184600679,1,1,85.0,0.0
184523531,1,31,68.0,265.0
184520918,1,0,332.0,361.0
184506477,1,1,440.0,2.0
184501278,1,0,180.0,165.0
184496160,1,0,80.0,0.0
184472924,1,7,140.0,157.0
184467900,1,39,60.0,43.0
184407284,1,1,145.0,110.0
184398500,1,2,75.0,0.0
184264303,1,28,200.0,265.0
184233409,1,13,47.0,283.0
184204269,1,36,69.0,229.0
184122908,1,24,35.0,150.0
184119295,1,1,145.0,289.0
185512151,1,6,128.0,0.0
185495146,1,7,52.0,2.0
185401573,1,10,50.0,179.0
185396542,1,0,300.0,6.0
185355022,1,1,60.0,20.0
185352365,1,0,220.0,12.0
185267820,1,52,295.0,161.0
185199487,1,1,65.0,19.0
185189643,1,79,75.0,84.0
185067271,1,6,85.0,15.0
185049106,1,10,700.0,127.0
185022050,1,5,99.0,320.0
184898953,1,8,100.0,0.0
184853043,1,31,250.0,58.0
184694715,1,25,225.0,157.0
184669674,1,17,44.0,126.0
304148,1,0,180.0,0.0
303882,1,56,130.0,56.0
302936,1,52,65.0,276.0
302865,1,0,85.0,0.0
302544,1,9,250.0,41.0
302529,1,2,175.0,0.0
301887,1,2,295.0,0.0
301549,1,0,180.0,0.0
301346,1,1,150.0,0.0
299755,1,34,96.0,0.0
185850609,1,62,125.0,253.0
185725011,1,1,65.0,281.0
185724116,1,41,125.0,168.0
185679950,1,8,59.0,331.0
185636316,1,6,119.0,201.0
185514817,1,2,55.0,0.0
186148178,1,29,275.0,138.0
186142001,1,0,215.0,158.0
186141107,1,38,200.0,159.0
186111724,1,81,112.0,6.0
186110692,1,20,39.0,14.0
186100463,1,52,99.0,224.0
186059643,1,38,200.0,363.0
186029613,1,23,140.0,0.0
185981519,1,44,260.0,299.0
185974751,1,1,48.0,0.0
185968630,1,1,210.0,254.0
185956783,1,21,99.0,133.0
185936267,1,0,200.0,89.0
185888575,1,50,240.0,243.0
304346,1,0,225.0,0.0
304262,1,0,165.0,353.0
186621582,1,5,60.0,20.0
186517433,1,0,350.0,90.0
186501476,1,6,250.0,364.0
186481199,1,0,125.0,311.0
186452920,1,42,200.0,129.0
186376053,1,17,80.0,126.0
186362905,1,28,91.0,172.0
186361566,1,8,50.0,89.0
186349150,1,3,75.0,0.0
186325219,1,0,100.0,365.0
186318389,1,4,150.0,0.0
186302609,1,0,150.0,141.0
186252061,1,0,150.0,32.0
186251769,1,19,110.0,34.0
186178785,1,1,55.0,0.0
186148319,1,0,47.0,0.0
187094395,1,0,164.0,0.0
187008191,1,43,45.0,205.0
186985990,1,38,125.0,100.0
186970542,1,66,400.0,164.0
186905487,1,68,92.0,32.0
186851013,1,31,200.0,95.0
186819005,1,39,57.0,176.0
186812508,1,33,201.0,227.0
186810935,1,81,180.0,228.0
186798498,1,50,160.0,325.0
186791133,1,53,78.0,74.0
186680487,1,86,97.0,20.0
186679495,1,81,75.0,171.0
186678447,1,4,550.0,215.0
186642041,1,0,121.0,88.0
186626470,1,10,200.0,365.0
187532995,1,2,70.0,363.0
187496935,1,8,200.0,5.0
187453004,1,36,150.0,293.0
187388261,1,1,140.0,0.0
187360554,1,0,155.0,107.0
187340835,1,72,50.0,228.0
187312369,1,72,390.0,79.0
187312110,1,28,50.0,73.0
187301833,1,34,210.0,37.0
187264773,1,7,149.0,341.0
187190679,1,31,105.0,353.0
187182730,1,3,85.0,179.0
187153824,1,28,85.0,19.0
187139932,1,2,225.0,1.0
187116536,1,58,135.0,70.0
187103481,1,39,160.0,246.0
298914,1,60,220.0,4.0
298841,1,22,63.0,48.0
296231,1,0,300.0,0.0
295760,1,21,135.0,0.0
294581,1,4,75.0,101.0
294307,1,0,250.0,114.0
293911,1,0,220.0,75.0
293394,1,4,195.0,0.0
293130,1,1,40.0,5.0
292630,1,127,99.0,320.0
187648135,1,38,45.0,85.0
187611907,1,0,134.0,90.0
187574104,1,4,100.0,0.0
187567357,1,0,160.0,0.0
187544628,1,1,390.0,5.0
187536544,1,8,150.0,179.0
187980677,1,46,175.0,109.0
187960424,1,1,250.0,0.0
187914509,1,4,50.0,0.0
187895786,1,0,75.0,87.0
187889772,1,4,100.0,0.0
187877117,1,11,125.0,128.0
187870198,1,7,53.0,252.0
187861161,1,1,34.0,0.0
187849608,1,3,180.0,151.0
187822021,1,5,120.0,5.0
187731563,1,11,170.0,0.0
187718165,1,24,30.0,6.0
187684303,1,16,200.0,6.0
187671321,1,1,295.0,123.0
299236,1,2,55.0,365.0
299090,1,7,99.0,0.0
188393472,1,0,210.0,0.0
188390380,1,26,100.0,0.0
188365772,1,0,250.0,0.0
188362154,1,0,150.0,362.0
188338351,1,5,177.0,86.0
188337220,1,49,99.0,102.0
188328775,1,7,200.0,44.0
188230441,1,27,90.0,29.0
188225740,1,70,80.0,142.0
188218993,1,68,46.0,63.0
188169807,1,16,120.0,1.0
188160057,1,0,125.0,363.0
188051537,1,2,91.0,197.0
188050970,1,25,65.0,86.0
188050267,1,0,50.0,0.0
187981396,1,1,102.0,353.0
189081814,1,0,200.0,89.0
189047392,1,23,97.0,189.0
189036764,1,0,400.0,32.0
189022543,1,6,80.0,0.0
188969229,1,50,60.0,91.0
188964841,1,5,300.0,352.0
188949327,1,6,50.0,0.0
188947623,1,50,112.0,0.0
188830760,1,3,110.0,365.0
188783370,1,9,80.0,0.0
188773665,1,55,99.0,4.0
188613698,1,10,180.0,340.0
188575380,1,19,66.0,312.0
188556821,1,7,40.0,0.0
188518588,1,23,185.0,68.0
188477517,1,1,100.0,0.0
291112,1,35,500.0,348.0
290908,1,155,125.0,155.0
290845,1,3,59.0,293.0
290662,1,15,105.0,219.0
290317,1,48,99.0,0.0
290094,1,2,52.0,0.0
290055,1,43,275.0,123.0
289823,1,0,115.0,17.0
289653,1,94,500.0,329.0
289271,1,0,65.0,296.0
289135,1,207,99.0,304.0
189249070,1,24,189.0,99.0
189224482,1,0,45.0,0.0
189165590,1,2,150.0,0.0
189114879,1,2,175.0,103.0
189108951,1,48,93.0,316.0
189971299,1,23,225.0,283.0
189962349,1,43,250.0,301.0
189961241,1,37,699.0,170.0
189876110,1,2,59.0,0.0
189829767,1,0,100.0,37.0
189808492,1,0,70.0,38.0
189792874,1,16,135.0,358.0
189610052,1,19,50.0,337.0
189604966,1,1,90.0,35.0
189382679,1,1,78.0,208.0
189369825,1,1,500.0,363.0
189356812,1,29,89.0,313.0
189336520,1,16,1000.0,66.0
292421,1,14,100.0,0.0
292137,1,2,74.0,0.0
292084,1,5,95.0,59.0
190643075,1,1,90.0,0.0
190629348,1,7,46.0,0.0
190589224,1,12,130.0,0.0
190482413,1,32,398.0,139.0
190452606,1,0,90.0,0.0
190298308,1,9,94.0,329.0
190246158,1,4,68.0,65.0
190130382,1,4,150.0,53.0
190124793,1,1,56.0,12.0
190116017,1,2,110.0,6.0
190094547,1,3,90.0,7.0
190085120,1,0,150.0,0.0
190028461,1,34,294.0,179.0
189994854,1,1,110.0,1.0
189982777,1,49,140.0,51.0
189981848,1,66,112.0,16.0
191084919,1,5,70.0,0.0
191063355,1,59,125.0,98.0
191021802,1,0,120.0,159.0
191009021,1,1,250.0,14.0
191007759,1,11,250.0,223.0
190962476,1,26,155.0,67.0
190902382,1,17,92.0,179.0
190878053,1,31,149.0,270.0
190869074,1,1,130.0,90.0
190854592,1,6,79.0,365.0
190841783,1,2,140.0,334.0
190823422,1,67,165.0,38.0
190792355,1,4,95.0,0.0
190784850,1,11,150.0,8.0
190688437,1,0,40.0,189.0
190658392,1,51,100.0,107.0
287733,1,89,150.0,247.0
287634,1,0,30.0,0.0
287348,1,7,299.0,0.0
287122,1,140,131.0,32.0
286313,1,22,133.0,5.0
285637,1,0,150.0,0.0
284224,1,39,95.0,15.0
283944,1,16,85.0,7.0
283636,1,22,200.0,363.0
283604,1,5,85.0,281.0
283215,1,51,330.0,19.0
191276498,1,35,91.0,0.0
191263373,1,63,225.0,357.0
191119982,1,5,360.0,94.0
191106696,1,59,79.0,61.0
191087534,1,0,200.0,0.0
192085113,1,49,50.0,11.0
191913119,1,0,236.0,0.0
191892665,1,0,73.0,0.0
191849342,1,9,500.0,247.0
191786703,1,0,400.0,179.0
191577969,1,5,110.0,90.0
191469946,1,27,350.0,95.0
191442758,1,6,28.0,0.0
191422870,1,0,50.0,0.0
191407795,1,0,149.0,327.0
191398879,1,2,61.0,0.0
191389617,1,54,41.0,0.0
191343281,1,1,220.0,89.0
288972,1,10,206.0,199.0
288711,1,242,199.0,102.0
288031,1,82,250.0,0.0
192505058,1,2,220.0,54.0
192469172,1,68,160.0,33.0
192464234,1,95,100.0,124.0
192449075,1,36,115.0,263.0
192407842,1,62,149.0,224.0
192406990,1,48,90.0,21.0
192383231,1,2,49.0,0.0
192365952,1,62,95.0,65.0
192335868,1,11,125.0,189.0
192290899,1,55,123.0,53.0
192276715,1,44,115.0,38.0
192270861,1,1,75.0,0.0
192187594,1,9,55.0,180.0
192137090,1,13,100.0,0.0
192089216,1,33,43.0,282.0
192085313,1,26,70.0,180.0
192874460,1,64,125.0,194.0
192793716,1,25,149.0,0.0
192784843,1,0,300.0,9.0
192773562,1,0,60.0,87.0
192754619,1,1,159.0,189.0
192750134,1,23,55.0,263.0
192740917,1,1,120.0,189.0
192723267,1,1,350.0,171.0
192716996,1,9,95.0,0.0
192713943,1,0,350.0,18.0
192712383,1,16,115.0,81.0
192594401,1,21,325.0,299.0
192587955,1,1,70.0,39.0
192583202,1,1,65.0,0.0
192572987,1,0,125.0,0.0
192554415,1,16,250.0,135.0
193364875,1,64,98.0,54.0
193353343,1,8,84.0,31.0
193335348,1,69,350.0,291.0
193289800,1,14,120.0,0.0
193278931,1,33,110.0,15.0
193256713,1,0,80.0,1.0
193151416,1,64,140.0,220.0
193127179,1,18,85.0,133.0
193126561,1,37,90.0,127.0
193111692,1,0,75.0,0.0
193054505,1,26,150.0,175.0
193031210,1,16,180.0,61.0
192997396,1,23,185.0,133.0
192956786,1,9,50.0,48.0
192915666,1,16,500.0,160.0
192890383,1,0,110.0,0.0
283116,1,0,75.0,0.0
282927,1,41,150.0,244.0
282315,1,31,311.0,28.0
281764,1,238,65.0,2.0
281229,1,191,575.0,298.0
280883,1,0,90.0,0.0
280830,1,176,244.0,282.0
280693,1,13,200.0,0.0
279989,1,18,110.0,0.0
279797,1,17,120.0,341.0
279067,1,0,40.0,53.0
278713,1,0,350.0,0.0
278624,1,26,100.0,0.0
193485559,1,0,50.0,66.0
193473122,1,10,150.0,9.0
193420283,1,7,240.0,0.0
193961455,1,7,190.0,210.0
193947911,1,5,250.0,1.0
193910244,1,20,250.0,0.0
193889243,1,0,275.0,89.0
193877830,1,14,50.0,0.0
193835968,1,10,309.0,173.0
193791518,1,45,186.0,219.0
193744745,1,1,120.0,0.0
193725343,1,3,63.0,44.0
193717499,1,1,375.0,8.0
193716904,1,4,100.0,0.0
193583966,1,14,135.0,44.0
193558362,1,11,124.0,3.0
193521500,1,19,220.0,23.0
193497177,1,23,100.0,89.0
193490396,1,23,185.0,295.0
194372264,1,50,60.0,288.0
194369832,1,1,200.0,43.0
194349000,1,0,200.0,23.0
194180091,1,3,175.0,0.0
194141910,1,16,134.0,12.0
194130534,1,23,51.0,3.0
194108889,1,2,26.0,118.0
194107668,1,1,35.0,365.0
194104396,1,0,75.0,90.0
194102474,1,49,35.0,168.0
194047658,1,11,290.0,85.0
194012738,1,42,45.0,81.0
194004304,1,9,85.0,80.0
193986289,1,0,3000.0,311.0
193983914,1,49,125.0,2.0
193963715,1,2,75.0,24.0
194981782,1,1,140.0,120.0
194958383,1,19,190.0,14.0
194954408,1,4,295.0,147.0
194953121,1,0,699.0,132.0
194927217,1,1,40.0,30.0
194856554,1,9,295.0,3.0
194839310,1,8,40.0,0.0
194716858,1,1,125.0,180.0
194684765,1,28,204.0,225.0
194673800,1,8,80.0,49.0
194590736,1,48,80.0,86.0
194571019,1,3,36.0,4.0
194554070,1,1,50.0,0.0
194535003,1,2,54.0,352.0
194409758,1,6,150.0,0.0
194377959,1,0,250.0,66.0
195419830,1,43,50.0,134.0
195418702,1,0,450.0,357.0
195389383,1,2,444.0,325.0
195303599,1,4,699.0,301.0
195279731,1,28,120.0,0.0
195274541,1,3,220.0,0.0
195262476,1,9,100.0,2.0
195251910,1,2,100.0,1.0
195238640,1,26,190.0,251.0
195219725,1,51,95.0,136.0
195057742,1,6,135.0,0.0
195048996,1,0,68.0,0.0
195040579,1,0,115.0,179.0
195028276,1,0,100.0,365.0
195024580,1,2,150.0,8.0
195021790,1,4,180.0,0.0
277747,1,22,150.0,0.0
277394,1,21,135.0,272.0
276207,1,3,97.0,201.0
276042,1,32,75.0,0.0
275744,1,4,175.0,0.0
275582,1,116,85.0,174.0
275578,1,108,305.0,201.0
275563,1,175,165.0,139.0
275459,1,7,239.0,351.0
274910,1,25,90.0,0.0
274782,1,69,135.0,12.0
274702,1,14,224.0,219.0
195516359,1,12,220.0,43.0
195497710,1,22,95.0,251.0
195452338,1,2,100.0,0.0
195422078,1,0,365.0,145.0
195867496,1,0,85.0,0.0
195863013,1,3,45.0,2.0
195831980,1,27,170.0,137.0
195831428,1,4,350.0,207.0
195712950,1,2,300.0,0.0
195704869,1,22,150.0,144.0
195689083,1,56,50.0,21.0
195683584,1,22,125.0,291.0
195678889,1,0,60.0,363.0
195667782,1,59,76.0,44.0
195656040,1,0,350.0,0.0
195654382,1,4,60.0,77.0
195650850,1,1,60.0,0.0
195650078,1,2,125.0,219.0
195638506,1,27,150.0,19.0
195520304,1,56,100.0,133.0
196462256,1,10,60.0,365.0
196421197,1,15,45.0,365.0
196373534,1,1,50.0,0.0
196333700,1,25,110.0,171.0
196274503,1,23,120.0,189.0
196273418,1,0,89.0,305.0
196255493,1,0,95.0,47.0
196211856,1,4,145.0,0.0
196178201,1,1,225.0,0.0
196171209,1,57,85.0,110.0
196059058,1,3,100.0,44.0
196036532,1,6,57.0,65.0
196017211,1,7,35.0,264.0
196017028,1,18,200.0,5.0
195965905,1,2,75.0,36.0
195887266,1,12,100.0,65.0
196904829,1,0,80.0,0.0
196903663,1,58,50.0,349.0
196900738,1,0,400.0,0.0
196838948,1,0,160.0,0.0
196770644,1,27,150.0,259.0
196705969,1,4,258.0,10.0
196701166,1,1,70.0,0.0
196681978,1,0,130.0,146.0
196669206,1,24,119.0,120.0
196660011,1,28,170.0,0.0
196598648,1,5,50.0,0.0
196580929,1,3,42.0,0.0
196549213,1,3,102.0,65.0
196536266,1,3,75.0,161.0
196479236,1,2,210.0,359.0
196468460,1,68,85.0,247.0
274583,1,2,195.0,0.0
274557,1,94,250.0,3.0
274296,1,30,104.0,43.0
272826,1,0,100.0,0.0
272730,1,60,250.0,0.0
272006,1,17,140.0,292.0
271073,1,0,30.0,0.0
270404,1,15,77.0,32.0
270064,1,211,139.0,19.0
269710,1,96,379.0,0.0
268961,1,88,67.0,0.0
268419,1,0,300.0,0.0
197052947,1,0,55.0,38.0
197013608,1,1,75.0,0.0
196961556,1,41,499.0,10.0
196935380,1,0,80.0,88.0
197767541,1,0,105.0,180.0
197740847,1,30,250.0,114.0
197736479,1,22,125.0,282.0
197676391,1,14,140.0,9.0
197675041,1,0,220.0,28.0
197584424,1,1,45.0,0.0
197551920,1,2,70.0,39.0
197547562,1,7,110.0,89.0
197516742,1,1,150.0,0.0
197487133,1,1,225.0,168.0
197355864,1,0,50.0,340.0
197294267,1,2,170.0,0.0
197178016,1,2,115.0,80.0
197169969,1,22,10.0,332.0
197119374,1,0,55.0,2.0
197082458,1,9,350.0,286.0
198442706,1,0,80.0,365.0
198406576,1,5,195.0,239.0
198395530,1,1,68.0,0.0
198340695,1,0,90.0,0.0
198257022,1,6,150.0,191.0
198214941,1,0,150.0,269.0
198193838,1,6,250.0,49.0
198084744,1,58,50.0,13.0
198082137,1,36,350.0,124.0
198033559,1,5,150.0,174.0
198030672,1,4,55.0,156.0
198021963,1,12,20.0,14.0
198020385,1,2,130.0,33.0
197957799,1,22,59.0,107.0
197794017,1,36,79.0,10.0
197792014,1,23,280.0,215.0
198884450,1,2,120.0,0.0
198836713,1,5,550.0,320.0
198835140,1,55,90.0,49.0
198749990,1,0,350.0,0.0
198707356,1,2,99.0,36.0
198691406,1,5,1500.0,362.0
198674748,1,23,126.0,6.0
198674086,1,1,200.0,365.0
198666761,1,32,71.0,77.0
198666639,1,2,160.0,162.0
198645701,1,19,700.0,134.0
198610122,1,6,170.0,0.0
198482796,1,15,110.0,4.0
198476726,1,27,55.0,177.0
198451327,1,14,72.0,0.0
198445878,1,0,50.0,0.0
267959,1,5,350.0,0.0
267955,1,97,95.0,11.0
267593,1,204,130.0,192.0
266921,1,1,144.0,71.0
266878,1,199,175.0,272.0
266210,1,13,350.0,0.0
265832,1,9,165.0,88.0
265525,1,224,96.0,77.0
265278,1,164,68.0,87.0
265109,1,198,115.0,257.0
264928,1,37,68.0,0.0
264659,1,35,275.0,0.0
264366,1,0,60.0,0.0
264111,1,6,110.0,0.0
198900829,1,1,80.0,0.0
198890291,1,55,145.0,133.0
199696316,1,0,150.0,6.0
199584723,1,6,66.0,0.0
199578818,1,4,60.0,170.0
199539833,1,19,90.0,247.0
199535935,1,52,130.0,96.0
199315923,1,49,65.0,293.0
199315366,1,1,90.0,0.0
199299171,1,10,49.0,356.0
199245226,1,3,175.0,0.0
199214751,1,1,250.0,363.0
199203455,1,3,75.0,0.0
199118646,1,37,50.0,84.0
199075581,1,23,135.0,121.0
199014573,1,8,125.0,0.0
198933477,1,0,208.0,364.0
268014,1,69,195.0,58.0
200193940,1,44,49.0,73.0
200166257,1,1,30.0,0.0
200055931,1,0,280.0,90.0
200049516,1,4,110.0,0.0
200018869,1,0,150.0,363.0
200007278,1,4,255.0,0.0
199985122,1,24,80.0,294.0
199956234,1,58,139.0,96.0
199954647,1,15,100.0,0.0
199828653,1,66,59.0,126.0
199808815,1,3,190.0,0.0
199793200,1,3,53.0,0.0
199745521,1,19,40.0,24.0
199740814,1,7,60.0,129.0
199716727,1,0,120.0,66.0
199702366,1,15,56.0,57.0
263614,1,1,250.0,0.0
263510,1,88,93.0,176.0
263414,1,129,199.0,286.0
262862,1,1,250.0,0.0
262812,1,29,200.0,36.0
262760,1,24,75.0,0.0
262138,1,23,71.0,91.0
261608,1,3,60.0,0.0
261530,1,20,105.0,109.0
260709,1,253,140.0,125.0
259826,1,1,50.0,0.0
259240,1,2,219.0,0.0
200439496,1,14,165.0,242.0
200401254,1,0,110.0,365.0
200391647,1,1,150.0,0.0
200282080,1,1,250.0,0.0
201024308,1,28,70.0,334.0
200933726,1,0,34.0,0.0
200840286,1,42,80.0,13.0
200834302,1,34,126.0,90.0
200829464,1,33,299.0,96.0
200826881,1,16,60.0,40.0
200782217,1,0,223.0,169.0
200730049,1,0,65.0,363.0
200697707,1,57,65.0,48.0
200683024,1,36,128.0,136.0
200600695,1,11,80.0,346.0
200483536,1,12,89.0,160.0
200479961,1,26,25.0,50.0
200461550,1,7,65.0,255.0
200453889,1,8,44.0,314.0
264025,1,0,80.0,0.0
257904,1,5,150.0,0.0
257479,1,6,150.0,0.0
256239,1,0,3000.0,365.0
255597,1,105,225.0,94.0
255583,1,10,105.0,363.0
254860,1,1,80.0,0.0
253533,1,27,245.0,0.0
201350300,1,6,119.0,0.0
201315040,1,26,125.0,118.0
201187671,1,0,54.0,89.0
201142263,1,8,130.0,86.0
201138200,1,0,995.0,365.0
201116493,1,2,80.0,0.0
201112506,1,0,200.0,58.0
201083646,1,18,150.0,52.0
201074848,1,2,165.0,0.0
201822098,1,31,120.0,99.0
201791531,1,0,66.0,157.0
201752118,1,0,50.0,0.0
201718939,1,0,120.0,77.0
201696839,1,26,100.0,131.0
201654234,1,35,75.0,125.0
201647469,1,13,108.0,333.0
201611274,1,39,244.0,5.0
201480794,1,5,30.0,0.0
201369441,1,9,325.0,0.0
201361410,1,0,55.0,28.0
259123,1,2,300.0,11.0
258674,1,15,125.0,65.0
258409,1,6,90.0,0.0
258164,1,204,100.0,192.0
258023,1,2,220.0,0.0
202268676,1,3,125.0,33.0
202183338,1,4,250.0,0.0
202144863,1,10,60.0,0.0
202131439,1,15,49.0,345.0
202110598,1,4,150.0,0.0
202096567,1,0,390.0,15.0
202070950,1,0,100.0,365.0
201987117,1,1,70.0,0.0
201940587,1,17,130.0,9.0
201914956,1,3,305.0,311.0
201909387,1,1,70.0,0.0
201893473,1,6,38.0,188.0
201885926,1,48,111.0,0.0
201868461,1,55,129.0,12.0
201841679,1,52,260.0,141.0
201829594,1,3,150.0,127.0
202788450,1,20,58.0,10.0
202766548,1,5,425.0,13.0
202766239,1,5,50.0,0.0
202741872,1,34,250.0,20.0
202636642,1,28,146.0,158.0
202587266,1,34,125.0,12.0
202478509,1,2,160.0,0.0
202449469,1,33,100.0,171.0
202384697,1,0,275.0,15.0
202369622,1,0,190.0,8.0
202329412,1,13,46.0,301.0
202324391,1,30,150.0,66.0
202319331,1,6,80.0,0.0
202318295,1,4,50.0,32.0
202307843,1,19,108.0,0.0
202303852,1,7,250.0,17.0
203235966,1,7,71.0,1.0
203231204,1,2,105.0,359.0
203169632,1,24,350.0,242.0
203123198,1,24,149.0,145.0
202993649,1,9,90.0,0.0
202986805,1,12,46.0,19.0
202979735,1,5,180.0,16.0
202976102,1,15,35.0,70.0
202950759,1,37,195.0,199.0
202873307,1,12,750.0,364.0
202869636,1,7,150.0,5.0
202849060,1,6,90.0,38.0
202833337,1,15,40.0,361.0
202823080,1,5,43.0,179.0
202818204,1,8,75.0,3.0
202805108,1,3,395.0,102.0
253385,1,0,200.0,365.0
253057,1,10,220.0,0.0
252365,1,4,130.0,0.0
252361,1,221,190.0,238.0
252121,1,97,130.0,348.0
252059,1,3,60.0,0.0
251842,1,1,76.0,333.0
249753,1,1,95.0,0.0
249372,1,1,175.0,365.0
249006,1,11,200.0,0.0
248739,1,9,50.0,0.0
247432,1,11,80.0,0.0
246710,1,0,200.0,0.0
203277214,1,30,150.0,159.0
203268839,1,35,199.0,255.0
203254069,1,1,175.0,3.0
203855380,1,17,160.0,0.0
203793342,1,21,35.0,1.0
203650630,1,1,290.0,364.0
203624751,1,17,180.0,106.0
203585325,1,4,200.0,11.0
203572377,1,0,118.0,353.0
203569485,1,0,70.0,311.0
203565865,1,0,1308.0,179.0
203564743,1,31,170.0,238.0
203504228,1,21,1250.0,125.0
203397896,1,40,98.0,223.0
203357182,1,3,150.0,27.0
203346157,1,11,115.0,204.0
203339760,1,6,65.0,0.0
203302656,1,0,2545.0,180.0
203286339,1,50,90.0,0.0
204348856,1,35,125.0,35.0
204346423,1,36,85.0,322.0
204336983,1,2,90.0,11.0
204335117,1,44,39.0,31.0
204301604,1,0,100.0,89.0
204268180,1,8,33.0,64.0
204248415,1,36,150.0,145.0
204221927,1,6,55.0,89.0
204048342,1,0,70.0,1.0
204036615,1,35,75.0,169.0
204018218,1,21,135.0,5.0
204006071,1,4,45.0,0.0
203986261,1,37,55.0,142.0
203981093,1,12,100.0,17.0
203946076,1,2,50.0,152.0
203866020,1,0,60.0,34.0
244071,1,2,175.0,8.0
243427,1,9,65.0,0.0
243321,1,0,150.0,0.0
241559,1,37,115.0,13.0
241395,1,10,185.0,275.0
240740,1,221,140.0,187.0
240584,1,28,100.0,0.0
240360,1,10,195.0,0.0
239829,1,1,140.0,0.0
204684505,1,9,199.0,353.0
204622039,1,19,359.0,252.0
204581148,1,24,185.0,314.0
204577752,1,44,135.0,7.0
204537864,1,1,375.0,45.0
204527519,1,16,100.0,0.0
204495302,1,17,150.0,0.0
236655,1,285,83.0,7.0
234918,1,17,100.0,0.0
233161,1,0,150.0,0.0
232410,1,2,125.0,321.0
230856,1,6,295.0,0.0
228583,1,10,165.0,49.0
204852524,1,1,100.0,363.0
204810113,1,42,115.0,115.0
204806146,1,7,46.0,143.0
204774833,1,1,200.0,0.0
204773816,1,21,120.0,152.0
204752727,1,1,120.0,350.0
204744401,1,18,199.0,248.0
204731291,1,4,65.0,178.0
245881,1,30,99.0,24.0
244444,1,0,159.0,0.0
205390315,1,32,149.0,96.0
205386178,1,1,160.0,4.0
205358796,1,4,112.0,24.0
205268444,1,1,36.0,0.0
205227236,1,3,200.0,0.0
205188960,1,12,75.0,167.0
205151601,1,0,60.0,126.0
205144781,1,53,85.0,306.0
204971560,1,27,75.0,146.0
204928236,1,0,36.0,71.0
204926318,1,0,40.0,300.0
239208,1,205,189.0,0.0
238354,1,125,150.0,271.0
237477,1,8,90.0,0.0
237329,1,375,123.0,328.0
236659,1,1,78.0,0.0
205969507,1,4,120.0,5.0
205952285,1,32,65.0,37.0
205930301,1,79,99.0,173.0
205820814,1,0,10.0,180.0
205813359,1,25,120.0,180.0
205777414,1,1,199.0,232.0
205772141,1,10,250.0,188.0
205764159,1,1,170.0,8.0
205706382,1,0,11.0,245.0
205697848,1,8,85.0,30.0
205606415,1,28,220.0,45.0
205594437,1,5,180.0,0.0
205594323,1,30,185.0,146.0
205564408,1,5,50.0,0.0
205543083,1,4,80.0,342.0
205510323,1,0,220.0,29.0
206459807,1,29,110.0,63.0
206400943,1,6,150.0,162.0
206370255,1,8,200.0,162.0
206359223,1,1,31.0,62.0
206260220,1,38,60.0,315.0
206229239,1,12,100.0,161.0
206227910,1,23,80.0,9.0
206222230,1,1,180.0,17.0
206217143,1,7,40.0,0.0
206195782,1,14,195.0,33.0
206094855,1,0,75.0,69.0
206040990,1,0,290.0,0.0
206025860,1,1,37.0,249.0
206009618,1,32,56.0,158.0
205999048,1,16,30.0,153.0
205998016,1,40,53.0,13.0
206974381,1,19,180.0,179.0
206972453,1,16,250.0,0.0
206960083,1,1,95.0,0.0
206949054,1,15,115.0,48.0
206926246,1,23,40.0,357.0
206889476,1,63,75.0,61.0
206884583,1,28,80.0,78.0
206774126,1,0,85.0,0.0
206758830,1,36,85.0,290.0
206722794,1,4,168.0,154.0
206695257,1,4,70.0,88.0
206648175,1,12,99.0,176.0
206551997,1,10,200.0,206.0
206538133,1,1,175.0,0.0
206509509,1,12,155.0,6.0
206508895,1,39,67.0,45.0
207523208,1,34,450.0,80.0
207418547,1,5,45.0,168.0
207396117,1,30,30.0,157.0
207381757,1,18,45.0,153.0
207381668,1,43,125.0,95.0
207216690,1,37,75.0,294.0
207213839,1,0,120.0,0.0
207205519,1,0,100.0,90.0
207195903,1,39,80.0,8.0
207182952,1,1,650.0,365.0
207173529,1,2,65.0,0.0
207117606,1,1,75.0,82.0
207078295,1,0,60.0,364.0
207038607,1,14,53.0,357.0
207003851,1,9,111.0,3.0
207000645,1,1,190.0,365.0
227163,1,1,270.0,0.0
226697,1,20,55.0,184.0
226563,1,0,120.0,0.0
224150,1,5,26.0,0.0
224009,1,5,325.0,358.0
221873,1,109,299.0,207.0
221266,1,3,94.0,0.0
219320,1,4,120.0,0.0
219313,1,0,225.0,364.0
218425,1,18,350.0,0.0
218404,1,41,275.0,299.0
217922,1,32,110.0,66.0
207622517,1,24,170.0,308.0
207618240,1,0,300.0,338.0
207582987,1,62,138.0,151.0
207573589,1,18,125.0,0.0
208235184,1,0,195.0,12.0
208230311,1,2,34.0,278.0
208206416,1,8,150.0,290.0
208106618,1,8,79.0,0.0
208099979,1,3,105.0,90.0
208079253,1,32,115.0,168.0
207913076,1,3,70.0,325.0
207897448,1,3,185.0,43.0
207856540,1,17,119.0,175.0
207833780,1,53,195.0,150.0
207808113,1,73,150.0,78.0
207661442,1,1,50.0,61.0
207640201,1,7,50.0,158.0
228012,1,76,135.0,257.0
227908,1,33,130.0,11.0
227369,1,82,177.0,73.0
208856601,1,8,300.0,125.0
208775804,1,0,85.0,89.0
208770380,1,19,394.0,68.0
208699273,1,31,379.0,238.0
208610094,1,38,40.0,365.0
208580991,1,37,229.0,0.0
208574990,1,0,60.0,268.0
208570396,1,4,120.0,285.0
208559533,1,0,115.0,89.0
208537842,1,3,200.0,0.0
208531763,1,9,112.0,89.0
208488535,1,7,150.0,0.0
208485817,1,0,160.0,0.0
208477013,1,7,125.0,24.0
208346552,1,55,165.0,37.0
208260240,1,1,45.0,39.0
212865,1,0,150.0,91.0
212738,1,31,58.0,297.0
212722,1,199,75.0,326.0
212572,1,0,175.0,0.0
212420,1,3,125.0,0.0
211877,1,59,195.0,71.0
209163615,1,1,85.0,12.0
209147067,1,5,120.0,3.0
208946050,1,45,54.0,12.0
208938947,1,0,50.0,0.0
208930169,1,0,110.0,353.0
208918394,1,28,499.0,233.0
208911587,1,33,85.0,44.0
208906697,1,13,50.0,280.0
208901618,1,10,180.0,0.0
208882093,1,1,85.0,65.0
209557185,1,6,150.0,351.0
209556739,1,32,349.0,255.0
209553776,1,6,65.0,4.0
209406241,1,0,300.0,0.0
209376540,1,0,60.0,121.0
209372017,1,24,50.0,163.0
209350565,1,52,90.0,0.0
209291543,1,3,400.0,184.0
209237058,1,7,40.0,13.0
209202426,1,5,80.0,0.0
215764,1,135,85.0,15.0
215570,1,5,125.0,0.0
214794,1,117,56.0,303.0
214287,1,3,125.0,0.0
214148,1,30,175.0,364.0
213266,1,2,5000.0,365.0
210170222,1,6,400.0,67.0
210141310,1,22,295.0,228.0
210112096,1,32,74.0,195.0
210054677,1,33,125.0,95.0
210014579,1,48,61.0,171.0
209979150,1,64,80.0,209.0
209964870,1,1,149.0,0.0
209943977,1,4,120.0,0.0
209940785,1,1,100.0,90.0
209921907,1,0,38.0,179.0
209915988,1,1,75.0,365.0
209768607,1,0,62.0,0.0
209719391,1,28,140.0,333.0
209642447,1,38,350.0,267.0
209587921,1,6,199.0,237.0
209569701,1,7,190.0,255.0
210755291,1,2,100.0,364.0
210687004,1,0,83.0,126.0
210634970,1,16,99.0,283.0
210578372,1,9,150.0,0.0
210505783,1,4,300.0,0.0
210427776,1,4,25.0,0.0
210408018,1,16,100.0,0.0
210301854,1,0,345.0,227.0
210297251,1,1,70.0,0.0
210250232,1,2,65.0,179.0
210218941,1,3,51.0,2.0
210218219,1,8,60.0,308.0
210193549,1,3,150.0,39.0
210191736,1,3,40.0,0.0
210179412,1,16,120.0,14.0
210175250,1,18,30.0,93.0
211124733,1,24,165.0,51.0
211115242,1,16,80.0,0.0
211106440,1,46,495.0,194.0
211069875,1,0,70.0,0.0
211034625,1,9,135.0,68.0
211024051,1,24,600.0,139.0
211022699,1,7,200.0,45.0
211018651,1,0,930.0,360.0
210992029,1,0,195.0,30.0
210961816,1,13,125.0,14.0
210956993,1,0,416.0,365.0
210916369,1,40,50.0,0.0
210843289,1,86,40.0,56.0
210831649,1,0,176.0,54.0
210800523,1,0,40.0,0.0
210783572,1,3,180.0,0.0
209073,1,1,175.0,147.0
208410,1,7,150.0,0.0
207356,1,1,150.0,0.0
207124,1,37,139.0,153.0
206337,1,40,71.0,286.0
206115,1,0,110.0,182.0
205909,1,0,225.0,228.0
205285,1,7,80.0,0.0
205055,1,3,150.0,0.0
204724,1,33,200.0,1.0
211303730,1,23,115.0,66.0
211280779,1,0,125.0,116.0
211220478,1,63,269.0,216.0
211212649,1,1,65.0,0.0
211205182,1,86,69.0,121.0
211196034,1,1,189.0,8.0
211836350,1,4,209.0,83.0
211831610,1,0,50.0,239.0
211682646,1,41,58.0,156.0
211678783,1,20,99.0,0.0
211644523,1,1,235.0,87.0
211595859,1,5,300.0,90.0
211535073,1,1,150.0,0.0
211500809,1,0,110.0,85.0
211400652,1,1,70.0,55.0
211393353,1,2,150.0,57.0
211391055,1,35,299.0,277.0
211385563,1,41,175.0,247.0
211353297,1,0,125.0,25.0
211321817,1,0,50.0,88.0
210602,1,0,300.0,0.0
209647,1,32,50.0,347.0
212456912,1,22,125.0,122.0
212417594,1,1,380.0,0.0
212338108,1,2,125.0,139.0
212328883,1,39,148.0,34.0
212310107,1,43,180.0,24.0
212306955,1,9,110.0,157.0
212274985,1,17,150.0,11.0
212232139,1,7,30.0,2.0
212171922,1,9,60.0,147.0
212160752,1,10,63.0,74.0
212151296,1,10,54.0,319.0
212112060,1,8,135.0,197.0
212033848,1,4,150.0,1.0
211973888,1,8,75.0,69.0
211906172,1,0,70.0,365.0
211893857,1,45,110.0,2.0
212898110,1,17,200.0,0.0
212874794,1,0,49.0,42.0
212871974,1,2,100.0,89.0
212857568,1,12,90.0,193.0
212834813,1,44,50.0,155.0
212776359,1,14,80.0,51.0
212729984,1,13,150.0,89.0
212698653,1,0,500.0,84.0
212697613,1,19,295.0,77.0
212661859,1,6,199.0,0.0
212660460,1,2,100.0,33.0
212649635,1,41,350.0,74.0
212629546,1,0,60.0,155.0
212473045,1,31,99.0,0.0
212472679,1,1,275.0,0.0
212466724,1,0,37.0,0.0
203039,1,5,350.0,92.0
202665,1,4,120.0,0.0
202507,1,0,160.0,0.0
202362,1,3,275.0,0.0
202285,1,4,320.0,0.0
202249,1,18,100.0,0.0
202211,1,1,160.0,0.0
201735,1,4,195.0,0.0
201390,1,13,145.0,0.0
201297,1,38,150.0,225.0
201232,1,3,100.0,0.0
200782,1,4,495.0,0.0
200675,1,12,220.0,19.0
200060,1,3,150.0,0.0
213065914,1,56,120.0,4.0
212910330,1,2,400.0,60.0
213586067,1,0,215.0,0.0
213568384,1,68,75.0,258.0
213438424,1,35,345.0,262.0
213432040,1,0,150.0,74.0
213428885,1,0,40.0,273.0
213426241,1,15,350.0,319.0
213379221,1,2,90.0,168.0
213302863,1,3,175.0,0.0
213251818,1,26,90.0,138.0
213183791,1,1,110.0,357.0
213172811,1,0,70.0,56.0
213156539,1,1,177.0,125.0
213141901,1,1,75.0,88.0
213138857,1,33,225.0,128.0
213069141,1,1,60.0,210.0
204472,1,2,250.0,0.0
213910720,1,18,50.0,71.0
213824132,1,28,80.0,41.0
213803787,1,12,180.0,109.0
213774428,1,42,590.0,42.0
213773496,1,2,97.0,0.0
213760419,1,5,110.0,82.0
213719157,1,5,60.0,1.0
213660495,1,27,125.0,0.0
213650814,1,17,149.0,3.0
213647282,1,13,200.0,0.0
213635139,1,53,300.0,14.0
213618380,1,33,600.0,280.0
213615269,1,48,197.0,104.0
213605347,1,14,50.0,356.0
213604115,1,17,40.0,334.0
213587085,1,16,65.0,23.0
214270886,1,10,300.0,0.0
214207874,1,4,110.0,0.0
214190693,1,3,55.0,83.0
214184351,1,2,63.0,365.0
214175454,1,7,120.0,89.0
214173940,1,7,62.0,9.0
214171931,1,81,50.0,232.0
214148143,1,9,165.0,90.0
214141672,1,1,120.0,362.0
214137767,1,13,100.0,270.0
214130808,1,17,50.0,311.0
214121850,1,8,300.0,82.0
214119114,1,0,75.0,0.0
214044763,1,35,175.0,69.0
214029598,1,3,120.0,0.0
214024476,1,23,150.0,175.0
214683117,1,2,325.0,0.0
214623686,1,19,80.0,81.0
214620702,1,6,750.0,179.0
214610799,1,2,275.0,7.0
214586580,1,19,55.0,184.0
214535893,1,0,50.0,22.0
214483779,1,4,75.0,164.0
214480354,1,2,109.0,0.0
214464499,1,8,200.0,0.0
214424497,1,32,64.0,259.0
214416012,1,36,800.0,90.0
214332639,1,27,100.0,36.0
214311765,1,29,300.0,298.0
214304954,1,12,160.0,361.0
214298769,1,9,100.0,330.0
214290528,1,4,195.0,0.0
199392,1,222,159.0,279.0
198538,1,63,190.0,0.0
198387,1,26,165.0,0.0
198010,1,4,95.0,0.0
197755,1,111,99.0,68.0
197286,1,27,174.0,126.0
197156,1,16,53.0,220.0
196890,1,2,165.0,21.0
196298,1,10,101.0,0.0
195932,1,6,200.0,174.0
195803,1,5,649.0,75.0
195783,1,33,169.0,0.0
195168,1,16,250.0,0.0
194994,1,27,80.0,196.0
194918,1,46,600.0,210.0
214694658,1,90,65.0,254.0
215209489,1,1,350.0,331.0
215189782,1,8,200.0,332.0
215183568,1,20,26.0,3.0
215161436,1,17,325.0,319.0
215127571,1,25,400.0,30.0
215116298,1,0,80.0,0.0
215073823,1,4,425.0,0.0
215041024,1,1,80.0,87.0
215034605,1,14,100.0,0.0
215022472,1,19,51.0,189.0
214979297,1,3,110.0,4.0
214923987,1,19,55.0,89.0
214888995,1,51,50.0,325.0
214871546,1,58,90.0,301.0
214869202,1,36,250.0,10.0
214859918,1,28,45.0,161.0
192752,1,0,145.0,38.0
192750,1,2,150.0,0.0
192349,1,3,99.0,0.0
191800,1,0,62.0,22.0
190239,1,26,91.0,12.0
189275,1,49,95.0,40.0
215531390,1,6,269.0,43.0
215430503,1,0,199.0,362.0
215403497,1,3,150.0,179.0
215392967,1,10,65.0,89.0
215378301,1,6,750.0,365.0
215277711,1,0,300.0,365.0
215259606,1,61,300.0,154.0
215257373,1,71,105.0,55.0
215239210,1,14,150.0,2.0
215229943,1,8,98.0,179.0
215897007,1,13,355.0,308.0
215869827,1,0,300.0,180.0
215786346,1,4,380.0,156.0
215765235,1,1,500.0,362.0
215759678,1,30,35.0,233.0
215744706,1,0,110.0,180.0
215727176,1,1,175.0,112.0
215683904,1,0,159.0,333.0
215591956,1,22,160.0,48.0
215540583,1,13,78.0,68.0
215535399,1,1,95.0,24.0
193722,1,114,196.0,0.0
193709,1,2,150.0,15.0
193637,1,86,170.0,246.0
193360,1,193,150.0,177.0
192852,1,211,125.0,230.0
216299753,1,11,80.0,5.0
216297714,1,0,78.0,0.0
216289751,1,0,145.0,62.0
216287451,1,1,85.0,177.0
216274333,1,2,80.0,0.0
216136826,1,13,47.0,347.0
216091157,1,5,200.0,0.0
216086952,1,21,99.0,87.0
216065402,1,19,60.0,331.0
216061803,1,3,180.0,0.0
216032427,1,31,150.0,124.0
215967566,1,38,225.0,49.0
215956658,1,34,70.0,34.0
215951448,1,54,87.0,326.0
215922295,1,8,200.0,244.0
215919088,1,2,120.0,0.0
216786331,1,2,429.0,152.0
216764638,1,22,100.0,23.0
216738447,1,3,190.0,88.0
216738370,1,9,175.0,365.0
216734225,1,27,180.0,88.0
216641760,1,33,128.0,325.0
216634331,1,8,202.0,88.0
216611306,1,13,50.0,0.0
216586341,1,3,50.0,0.0
216492330,1,8,189.0,358.0
216428022,1,10,299.0,271.0
216419980,1,0,112.0,365.0
216411482,1,21,40.0,30.0
216392786,1,21,60.0,57.0
216375039,1,43,95.0,0.0
216310452,1,1,60.0,64.0
185978,1,166,70.0,312.0
185847,1,1,135.0,0.0
185753,1,11,150.0,2.0
185212,1,0,168.0,23.0
184913,1,3,298.0,192.0
184883,1,42,135.0,170.0
184833,1,6,245.0,67.0
184110,1,25,95.0,0.0
183594,1,7,149.0,0.0
183504,1,9,45.0,332.0
183151,1,0,47.0,0.0
182709,1,8,199.0,65.0
216944902,1,6,85.0,0.0
216939636,1,11,155.0,163.0
216903925,1,2,99.0,0.0
216891728,1,29,140.0,2.0
217432173,1,48,130.0,267.0
217379941,1,132,75.0,28.0
217362657,1,0,520.0,310.0
217321404,1,15,225.0,6.0
217290804,1,2,40.0,88.0
217275948,1,1,120.0,0.0
217268929,1,3,100.0,363.0
217251565,1,25,125.0,68.0
217251106,1,1,70.0,156.0
217221109,1,40,200.0,274.0
217159080,1,44,41.0,123.0
217154594,1,8,79.0,51.0
217111553,1,44,288.0,48.0
217101766,1,0,200.0,0.0
217075214,1,3,125.0,85.0
186888,1,125,75.0,134.0
217803692,1,0,400.0,358.0
217803139,1,1,175.0,2.0
217793924,1,33,120.0,73.0
217792112,1,40,320.0,95.0
217732163,1,0,1369.0,349.0
217692384,1,0,240.0,90.0
217648807,1,0,240.0,363.0
217625111,1,0,750.0,13.0
217591735,1,4,70.0,0.0
217568399,1,13,150.0,0.0
217557021,1,0,180.0,365.0
217521776,1,17,211.0,74.0
217498918,1,10,230.0,169.0
217484828,1,22,60.0,279.0
217468746,1,23,89.0,0.0
217439132,1,0,90.0,89.0
182670,1,12,124.0,38.0
182477,1,9,60.0,0.0
182226,1,9,135.0,7.0
181756,1,136,150.0,301.0
181201,1,23,69.0,317.0
181167,1,2,80.0,0.0
181143,1,1,200.0,108.0
180416,1,260,159.0,141.0
180083,1,80,250.0,0.0
179296,1,74,500.0,364.0
179020,1,89,99.0,353.0
178784,1,6,115.0,0.0
217909276,1,4,150.0,0.0
217852396,1,0,199.0,122.0
217807790,1,0,500.0,354.0
217807652,1,0,75.0,0.0
218272490,1,23,85.0,79.0
218260240,1,2,350.0,363.0
218259081,1,0,50.0,365.0
218222410,1,0,60.0,0.0
218219395,1,20,160.0,364.0
218140824,1,1,145.0,227.0
218134921,1,0,85.0,3.0
218090309,1,22,250.0,0.0
218080780,1,20,200.0,313.0
218048903,1,17,200.0,254.0
218001383,1,36,120.0,48.0
217970334,1,13,200.0,0.0
217965968,1,27,119.0,5.0
217950098,1,3,100.0,150.0
217948247,1,8,275.0,0.0
217910985,1,0,55.0,132.0
218460622,1,1,55.0,48.0
218458746,1,4,100.0,0.0
218457745,1,9,135.0,365.0
218450889,1,4,80.0,179.0
218428676,1,0,140.0,363.0
218417996,1,20,210.0,268.0
218417875,1,10,60.0,365.0
218407281,1,3,75.0,332.0
218406956,1,14,160.0,170.0
218352095,1,15,75.0,21.0
218319766,1,45,275.0,249.0
218311373,1,25,100.0,39.0
218301609,1,8,65.0,170.0
218292717,1,35,149.0,362.0
218289083,1,2,90.0,90.0
218282660,1,29,399.0,76.0
218940337,1,0,120.0,49.0
218936218,1,8,230.0,23.0
218840878,1,2,79.0,88.0
218825786,1,2,55.0,0.0
218793561,1,21,66.0,64.0
218770781,1,4,135.0,22.0
218762580,1,3,120.0,295.0
218689235,1,21,160.0,335.0
218680572,1,7,250.0,183.0
218666938,1,0,500.0,362.0
218612882,1,5,170.0,26.0
218543704,1,18,150.0,175.0
218511760,1,0,140.0,0.0
218505786,1,11,100.0,0.0
218481230,1,10,249.0,91.0
218474205,1,22,175.0,24.0
219449657,1,28,200.0,30.0
219383069,1,8,220.0,0.0
219330285,1,6,80.0,0.0
219305025,1,3,80.0,1.0
219303510,1,4,190.0,36.0
219262205,1,37,60.0,0.0
219167320,1,25,60.0,143.0
219099148,1,14,50.0,272.0
219080539,1,15,100.0,27.0
219016824,1,2,69.0,1.0
219012245,1,10,78.0,3.0
218984753,1,25,59.0,143.0
218978124,1,10,80.0,0.0
218969291,1,2,279.0,346.0
218959287,1,0,100.0,0.0
218955580,1,4,80.0,140.0
178043,1,45,212.0,35.0
177922,1,6,33.0,0.0
177724,1,17,200.0,0.0
177712,1,34,70.0,140.0
177536,1,47,50.0,37.0
177293,1,0,200.0,0.0
177233,1,80,249.0,58.0
176836,1,90,49.0,0.0
176332,1,10,150.0,6.0
176285,1,2,200.0,0.0
175694,1,0,150.0,0.0
175413,1,3,33.0,188.0
175408,1,1,250.0,0.0
219465297,1,10,49.0,5.0
219462780,1,1,60.0,83.0
219459418,1,0,450.0,345.0
219746152,1,8,60.0,2.0
219725282,1,3,400.0,0.0
219720888,1,30,120.0,6.0
219718268,1,13,230.0,0.0
219678120,1,21,200.0,327.0
219669515,1,6,50.0,10.0
219666829,1,6,32.0,169.0
219573002,1,0,125.0,2.0
219558480,1,4,187.0,56.0
219548329,1,34,99.0,166.0
219505617,1,18,85.0,92.0
219502160,1,3,150.0,317.0
219499104,1,12,60.0,90.0
219494713,1,25,599.0,244.0
219490225,1,29,399.0,234.0
178551,1,0,200.0,0.0
173218,1,60,299.0,332.0
173009,1,10,125.0,252.0
172741,1,5,70.0,37.0
172672,1,32,75.0,4.0
171851,1,14,250.0,189.0
171653,1,1,250.0,0.0
171250,1,3,155.0,0.0
171213,1,0,250.0,0.0
170553,1,0,389.0,105.0
170094,1,6,120.0,0.0
219981147,1,8,150.0,0.0
219924114,1,38,115.0,131.0
219891232,1,16,45.0,32.0
219879114,1,26,159.0,343.0
219785279,1,18,79.0,74.0
219784095,1,14,79.0,79.0
220307306,1,4,90.0,0.0
220297196,1,5,35.0,1.0
220242803,1,23,140.0,285.0
220232423,1,32,119.0,276.0
220197047,1,32,280.0,112.0
220159422,1,3,42.0,0.0
220152135,1,2,200.0,334.0
220139308,1,13,125.0,132.0
220121415,1,22,96.0,58.0
220095360,1,0,27.0,0.0
220071184,1,1,57.0,3.0
220055820,1,15,80.0,143.0
219987377,1,0,150.0,7.0
174570,1,1,65.0,0.0
174025,1,4,250.0,365.0
173938,1,4,55.0,21.0
220763958,1,11,199.0,113.0
220734035,1,0,60.0,0.0
220709091,1,56,82.0,288.0
220688207,1,77,150.0,77.0
220634514,1,0,45.0,341.0
220605010,1,0,125.0,178.0
220576785,1,0,100.0,365.0
220568909,1,9,230.0,360.0
220479551,1,4,65.0,88.0
220468724,1,73,149.0,93.0
220447646,1,3,500.0,328.0
220419710,1,3,175.0,275.0
220414847,1,37,190.0,120.0
220400948,1,0,120.0,0.0
220378888,1,27,175.0,276.0
220322871,1,1,75.0,365.0
221201482,1,0,99.0,189.0
221179834,1,0,40.0,89.0
221177870,1,5,95.0,0.0
221071115,1,0,300.0,80.0
221043708,1,29,150.0,360.0
221036535,1,12,300.0,175.0
221022609,1,0,45.0,83.0
221012726,1,0,46.0,6.0
220991097,1,0,50.0,166.0
220969093,1,26,99.0,145.0
220962399,1,12,250.0,323.0
220945034,1,13,150.0,160.0
220847379,1,3,150.0,345.0
220845471,1,2,60.0,0.0
220806520,1,0,50.0,359.0
220786352,1,8,125.0,119.0
167796,1,0,250.0,365.0
167417,1,37,68.0,23.0
166014,1,2,100.0,0.0
165789,1,23,475.0,230.0
165566,1,1,85.0,0.0
164781,1,5,100.0,296.0
164675,1,20,60.0,347.0
164534,1,24,80.0,0.0
160956,1,4,99.0,326.0
160565,1,3,90.0,0.0
221343982,1,0,165.0,83.0
221285123,1,0,69.0,0.0
221284411,1,7,35.0,55.0
221252894,1,27,225.0,339.0
221204634,1,26,125.0,21.0
221201866,1,9,115.0,0.0
221623897,1,2,30.0,220.0
221612013,1,27,80.0,0.0
221591996,1,2,89.0,0.0
221591579,1,13,147.0,177.0
221548872,1,3,390.0,0.0
221442773,1,8,99.0,360.0
221420411,1,0,200.0,90.0
221418152,1,24,180.0,85.0
221405192,1,3,100.0,61.0
221392587,1,9,244.0,56.0
221374905,1,0,200.0,365.0
221371129,1,9,130.0,70.0
221366300,1,34,200.0,0.0
169927,1,4,199.0,200.0
169843,1,73,89.0,359.0
169653,1,3,295.0,0.0
222057751,1,0,299.0,15.0
222054756,1,1,60.0,89.0
221929447,1,5,45.0,184.0
221871654,1,1,255.0,0.0
221853540,1,0,140.0,0.0
221851804,1,17,105.0,245.0
221850456,1,3,90.0,89.0
221844597,1,63,35.0,8.0
221839786,1,6,145.0,287.0
221764359,1,5,300.0,154.0
221760432,1,4,200.0,320.0
221751961,1,4,46.0,0.0
221739176,1,2,50.0,89.0
221718743,1,4,350.0,86.0
221635816,1,55,185.0,99.0
221634296,1,4,341.0,274.0
159726,1,5,130.0,0.0
159370,1,27,125.0,189.0
159011,1,35,53.0,113.0
158694,1,1,150.0,97.0
158284,1,134,225.0,312.0
157798,1,34,69.0,10.0
157241,1,7,195.0,6.0
157051,1,9,240.0,0.0
222179066,1,89,115.0,278.0
222178766,1,7,75.0,133.0
222136360,1,8,45.0,6.0
222098649,1,111,20.0,41.0
222086035,1,29,700.0,256.0
222081034,1,40,150.0,31.0
222069293,1,0,275.0,362.0
222064628,1,59,42.0,77.0
222386455,1,18,165.0,61.0
222385509,1,1,35.0,89.0
222302376,1,39,400.0,265.0
222281704,1,54,60.0,317.0
222272674,1,26,49.0,174.0
222270217,1,36,139.0,58.0
222261103,1,44,240.0,93.0
222249602,1,30,145.0,144.0
222249366,1,1,80.0,0.0
222236294,1,33,160.0,246.0
222201467,1,3,150.0,66.0
222190882,1,26,625.0,321.0
160337,1,9,60.0,291.0
160139,1,42,220.0,318.0
159936,1,2,45.0,0.0
159780,1,5,150.0,339.0
222900797,1,32,119.0,239.0
222843411,1,0,1000.0,363.0
222805048,1,27,40.0,49.0
222782619,1,7,150.0,0.0
222763653,1,15,165.0,27.0
222760631,1,0,45.0,36.0
222700281,1,5,355.0,230.0
222691577,1,3,250.0,28.0
222654299,1,4,35.0,310.0
222626145,1,19,90.0,26.0
222487531,1,0,215.0,109.0
222483970,1,35,55.0,0.0
222461823,1,27,349.0,303.0
222460280,1,0,99.0,0.0
222456125,1,5,160.0,0.0
222421079,1,0,455.0,83.0
156935,1,28,300.0,179.0
155689,1,47,70.0,203.0
155627,1,2,90.0,91.0
155163,1,14,85.0,0.0
154956,1,2,90.0,47.0
154866,1,75,110.0,48.0
153817,1,26,87.0,7.0
153494,1,274,96.0,145.0
151654,1,7,150.0,0.0
150832,1,95,150.0,0.0
149868,1,59,125.0,262.0
149833,1,2,120.0,0.0
149047,1,6,150.0,11.0
222946997,1,24,93.0,19.0
222909571,1,3,90.0,329.0
222901071,1,2,125.0,0.0
223345099,1,22,170.0,128.0
223340140,1,3,109.0,0.0
223258125,1,8,150.0,6.0
223248121,1,1,39.0,365.0
223238601,1,8,70.0,307.0
223219744,1,2,60.0,180.0
223208290,1,1,250.0,3.0
223198779,1,20,95.0,56.0
223198021,1,19,165.0,102.0
223180509,1,54,195.0,181.0
223075114,1,2,215.0,5.0
223032610,1,15,150.0,19.0
223027077,1,2,150.0,0.0
223007347,1,21,175.0,164.0
223000151,1,17,75.0,9.0
222990788,1,4,100.0,0.0
223723845,1,3,50.0,40.0
223715716,1,1,35.0,0.0
223715460,1,0,499.0,365.0
223667060,1,4,100.0,35.0
223620306,1,0,95.0,0.0
223578316,1,27,160.0,302.0
223553290,1,5,200.0,360.0
223548766,1,15,100.0,58.0
223504937,1,21,109.0,121.0
223431967,1,0,70.0,95.0
223426581,1,21,229.0,70.0
223422291,1,15,115.0,10.0
223418394,1,15,90.0,170.0
223401516,1,34,65.0,175.0
223393782,1,6,45.0,6.0
223374565,1,16,189.0,323.0
224062220,1,22,80.0,162.0
224056583,1,4,75.0,311.0
224048389,1,2,48.0,0.0
224029433,1,15,250.0,43.0
224019631,1,7,150.0,14.0
224001464,1,4,333.0,80.0
223917190,1,2,161.0,288.0
223913025,1,1,100.0,0.0
223893932,1,18,399.0,248.0
223886475,1,8,170.0,0.0
223869982,1,0,100.0,0.0
223855863,1,0,200.0,111.0
223833249,1,3,300.0,325.0
223817242,1,36,120.0,334.0
223807986,1,1,275.0,0.0
223741555,1,4,69.0,0.0
146944,1,0,200.0,0.0
146825,1,3,80.0,0.0
145967,1,1,100.0,0.0
145616,1,0,300.0,0.0
145609,1,82,250.0,0.0
145021,1,6,150.0,13.0
144705,1,1,40.0,0.0
143589,1,22,200.0,3.0
143048,1,30,195.0,248.0
143027,1,240,195.0,214.0
142833,1,11,160.0,188.0
224190427,1,14,68.0,12.0
224176858,1,4,50.0,137.0
224171371,1,0,350.0,9.0
224141746,1,3,179.0,10.0
224126362,1,0,200.0,22.0
224401490,1,2,60.0,0.0
224384517,1,64,60.0,142.0
224370048,1,6,90.0,262.0
224368116,1,22,313.0,28.0
224365956,1,20,49.0,164.0
224350246,1,4,175.0,326.0
224317523,1,29,285.0,74.0
224314859,1,3,90.0,82.0
224311652,1,31,79.0,0.0
224309949,1,0,325.0,298.0
224245939,1,0,310.0,0.0
224241313,1,6,250.0,179.0
224238226,1,33,265.0,95.0
224206042,1,26,55.0,349.0
148545,1,1,150.0,0.0
147388,1,31,45.0,0.0
224703803,1,9,399.0,319.0
224699779,1,0,120.0,365.0
224696045,1,16,110.0,276.0
224684025,1,19,392.0,337.0
224678494,1,28,443.0,293.0
224675361,1,20,110.0,284.0
224666178,1,6,150.0,2.0
224661472,1,46,700.0,126.0
224619132,1,4,80.0,0.0
224575394,1,21,100.0,6.0
224558991,1,0,31.0,105.0
224533200,1,15,400.0,34.0
224498087,1,0,130.0,0.0
224480214,1,39,308.0,269.0
224461227,1,2,220.0,0.0
224413673,1,4,150.0,0.0
224879685,1,0,590.0,84.0
224877731,1,2,63.0,365.0
224874182,1,0,45.0,280.0
224867349,1,3,400.0,261.0
224867226,1,2,101.0,323.0
224859583,1,0,50.0,179.0
224827088,1,8,520.0,38.0
224825910,1,5,100.0,0.0
224813944,1,12,442.0,253.0
224808776,1,28,300.0,217.0
224806557,1,4,295.0,0.0
224735872,1,1,40.0,178.0
224715959,1,10,170.0,346.0
224711473,1,0,375.0,0.0
224711439,1,1,50.0,0.0
224706357,1,42,110.0,90.0
225122879,1,26,100.0,219.0
225118276,1,7,75.0,326.0
225108575,1,3,206.0,161.0
225087238,1,13,235.0,153.0
225033890,1,27,140.0,201.0
225011474,1,41,250.0,125.0
224994472,1,31,140.0,272.0
224987632,1,50,550.0,199.0
224974185,1,8,175.0,66.0
224972774,1,6,300.0,128.0
224954032,1,17,180.0,334.0
224900182,1,29,55.0,362.0
224900105,1,0,30.0,83.0
224892300,1,3,110.0,176.0
224885898,1,10,125.0,361.0
224884160,1,14,499.0,236.0
225456817,1,20,160.0,0.0
225429345,1,8,200.0,363.0
225390764,1,3,210.0,4.0
225367154,1,13,91.0,305.0
225322104,1,5,190.0,351.0
225313172,1,9,50.0,170.0
225309985,1,30,98.0,327.0
225307360,1,3,45.0,47.0
225302090,1,0,100.0,179.0
225283096,1,45,65.0,277.0
225277393,1,33,39.0,86.0
225252724,1,0,98.0,25.0
225249198,1,8,200.0,0.0
225160295,1,51,138.0,291.0
225150700,1,14,300.0,5.0
225139503,1,7,250.0,78.0
142695,1,0,65.0,0.0
142684,1,155,125.0,1.0
142147,1,98,52.0,326.0
141933,1,48,250.0,2.0
141914,1,3,250.0,312.0
141300,1,8,165.0,87.0
140817,1,9,145.0,0.0
140272,1,9,174.0,85.0
140226,1,23,195.0,225.0
140173,1,7,150.0,0.0
140025,1,1,140.0,1.0
139874,1,4,140.0,0.0
139612,1,10,199.0,280.0
139573,1,1,150.0,0.0
139311,1,63,150.0,0.0
225489491,1,4,40.0,363.0
225706084,1,29,135.0,80.0
225659989,1,10,200.0,280.0
225659661,1,0,120.0,89.0
225655167,1,3,150.0,24.0
225651433,1,0,52.0,99.0
225646557,1,18,199.0,171.0
225620034,1,13,189.0,338.0
225616673,1,16,418.0,328.0
225616368,1,17,136.0,348.0
225612108,1,1,120.0,0.0
225608965,1,0,109.0,2.0
225593905,1,0,79.0,24.0
225571766,1,5,80.0,57.0
225566189,1,2,100.0,0.0
225564897,1,0,300.0,32.0
225558132,1,5,135.0,45.0
225943653,1,1,151.0,179.0
225942423,1,33,68.0,19.0
225933854,1,11,55.0,40.0
225930875,1,0,165.0,126.0
225926055,1,1,120.0,0.0
225913497,1,1,28.0,0.0
225913271,1,6,170.0,170.0
225891200,1,0,75.0,0.0
225834252,1,4,140.0,130.0
225813251,1,69,135.0,158.0
225750872,1,1,60.0,90.0
225749624,1,1,70.0,0.0
225748084,1,0,140.0,0.0
225731818,1,1,385.0,28.0
225730907,1,36,170.0,191.0
225724159,1,2,59.0,0.0
226350275,1,1,60.0,0.0
226335012,1,23,55.0,323.0
226314382,1,8,25.0,0.0
226250191,1,20,130.0,139.0
226230372,1,44,88.0,7.0
226205088,1,12,125.0,7.0
226204224,1,7,50.0,0.0
226124574,1,3,153.0,274.0
226119185,1,6,599.0,199.0
226088610,1,0,150.0,365.0
226070943,1,15,315.0,365.0
226060825,1,1,90.0,138.0
226048286,1,30,250.0,274.0
226035811,1,0,200.0,0.0
225971717,1,4,120.0,0.0
225963659,1,0,59.0,0.0
226684665,1,0,40.0,0.0
226587084,1,13,195.0,305.0
226574177,1,1,46.0,179.0
226572566,1,24,140.0,48.0
226565802,1,1,250.0,365.0
226562416,1,18,69.0,175.0
226531905,1,7,62.0,58.0
226520484,1,1,70.0,7.0
226519844,1,3,117.0,233.0
226517382,1,1,50.0,0.0
226471554,1,4,65.0,0.0
226414315,1,5,130.0,78.0
226410935,1,23,40.0,129.0
226402773,1,14,178.0,143.0
226391260,1,4,250.0,49.0
226381548,1,14,160.0,0.0
139135,1,2,145.0,0.0
138579,1,3,250.0,34.0
138243,1,12,45.0,32.0
138069,1,50,190.0,331.0
137432,1,4,115.0,269.0
137292,1,2,77.0,178.0
136962,1,124,85.0,69.0
136352,1,37,50.0,313.0
136227,1,187,135.0,189.0
135619,1,26,115.0,12.0
135018,1,1,180.0,9.0
134936,1,24,99.0,0.0
134516,1,32,165.0,10.0
134355,1,36,150.0,49.0
226699782,1,10,120.0,87.0
226688121,1,16,175.0,9.0
227020247,1,17,49.0,39.0
227007194,1,1,250.0,64.0
226979522,1,9,135.0,314.0
226970380,1,3,145.0,84.0
226960918,1,2,180.0,173.0
226958612,1,16,227.0,321.0
226906712,1,0,127.0,89.0
226846427,1,19,90.0,52.0
226839928,1,0,220.0,205.0
226839517,1,42,90.0,45.0
226838925,1,5,100.0,0.0
226833844,1,4,225.0,0.0
226832980,1,19,115.0,0.0
226772729,1,1,120.0,0.0
226769067,1,32,59.0,24.0
226718475,1,0,39.0,354.0
227385012,1,3,34.0,0.0
227353438,1,1,70.0,0.0
227345813,1,18,261.0,143.0
227344500,1,24,40.0,20.0
227340438,1,14,240.0,156.0
227310832,1,0,1500.0,365.0
227309215,1,1,250.0,87.0
227219174,1,14,99.0,138.0
227206998,1,0,150.0,41.0
227195925,1,0,165.0,323.0
227179489,1,46,90.0,27.0
227165163,1,1,56.0,47.0
227152926,1,4,150.0,49.0
227063506,1,8,64.0,0.0
227037845,1,43,99.0,231.0
227021565,1,15,44.0,45.0
227854504,1,26,199.0,72.0
227836692,1,0,133.0,89.0
227836627,1,0,699.0,365.0
227814642,1,10,398.0,328.0
227805996,1,1,300.0,53.0
227801173,1,7,125.0,47.0
227705254,1,5,275.0,77.0
227691333,1,18,125.0,20.0
227682707,1,2,60.0,0.0
227671939,1,26,90.0,278.0
227648437,1,1,150.0,258.0
227569206,1,4,280.0,328.0
227548199,1,0,50.0,85.0
227498924,1,2,299.0,156.0
227494795,1,15,499.0,297.0
227413647,1,29,50.0,16.0
228141767,1,14,45.0,347.0
228132014,1,0,74.0,0.0
228130265,1,22,125.0,82.0
228117451,1,6,75.0,232.0
228104837,1,14,195.0,28.0
228053166,1,21,45.0,160.0
228011801,1,1,69.0,0.0
228000501,1,6,50.0,38.0
227995389,1,30,443.0,165.0
227993479,1,23,231.0,335.0
227990647,1,26,360.0,21.0
227987738,1,18,392.0,318.0
227919091,1,27,65.0,182.0
227915163,1,1,70.0,0.0
227905146,1,10,16.0,0.0
227856882,1,2,99.0,90.0
228268188,1,7,65.0,351.0
228257645,1,3,200.0,85.0
228253636,1,0,90.0,364.0
228250502,1,9,69.0,62.0
228235742,1,0,100.0,0.0
228231975,1,12,450.0,334.0
228228269,1,15,444.0,326.0
228225649,1,8,349.0,352.0
228224011,1,17,251.0,340.0
228223819,1,3,45.0,179.0
228220221,1,13,239.0,345.0
228213504,1,0,45.0,0.0
228212001,1,7,185.0,14.0
228207777,1,4,150.0,162.0
228184534,1,1,45.0,37.0
228151544,1,12,135.0,278.0
228581927,1,1,180.0,90.0
228567385,1,6,150.0,336.0
228552300,1,19,805.0,168.0
228545931,1,1,320.0,57.0
228536894,1,2,47.0,0.0
228524640,1,1,55.0,342.0
228473476,1,7,90.0,133.0
228437214,1,48,65.0,4.0
228420131,1,7,35.0,35.0
228415932,1,37,45.0,134.0
228411197,1,10,450.0,352.0
228332039,1,3,30.0,8.0
228321090,1,20,115.0,67.0
228286488,1,1,40.0,245.0
228268650,1,0,145.0,30.0
228268284,1,1,750.0,0.0
228900197,1,2,55.0,0.0
228900167,1,29,200.0,148.0
228898361,1,7,200.0,0.0
228895684,1,0,35.0,321.0
228878380,1,1,200.0,0.0
228872661,1,23,243.0,107.0
228864897,1,0,180.0,0.0
228773060,1,1,25.0,0.0
228771058,1,7,52.0,54.0
228750026,1,0,55.0,69.0
228715959,1,2,160.0,55.0
228709796,1,3,40.0,20.0
228707670,1,14,112.0,16.0
228691487,1,39,90.0,141.0
228634418,1,10,235.0,321.0
228622994,1,26,29.0,0.0
132132,1,66,199.0,142.0
131659,1,79,148.0,258.0
131014,1,4,90.0,0.0
130901,1,89,402.0,340.0
130804,1,0,65.0,0.0
130675,1,4,79.0,9.0
130279,1,3,75.0,0.0
130216,1,7,155.0,17.0
129558,1,8,112.0,0.0
129352,1,193,50.0,0.0
128920,1,10,100.0,0.0
128890,1,8,100.0,0.0
128766,1,15,150.0,9.0
128663,1,1,300.0,15.0
228945290,1,4,45.0,90.0
228937001,1,24,165.0,213.0
229229020,1,3,115.0,11.0
229181517,1,18,125.0,96.0
229149668,1,26,150.0,93.0
229141974,1,1,195.0,0.0
229124258,1,0,79.0,19.0
229115651,1,0,50.0,0.0
229110237,1,3,80.0,363.0
229109330,1,0,100.0,31.0
229087097,1,0,80.0,179.0
229072295,1,1,200.0,0.0
229060975,1,0,60.0,329.0
228998411,1,0,170.0,0.0
228980689,1,9,150.0,286.0
228961973,1,1,85.0,341.0
228946399,1,7,178.0,0.0
132244,1,0,400.0,365.0
229458601,1,0,3200.0,365.0
229450463,1,0,55.0,89.0
229450070,1,15,45.0,96.0
229443636,1,15,349.0,349.0
229431423,1,1,100.0,89.0
229332180,1,0,135.0,0.0
229325672,1,11,195.0,13.0
229306781,1,2,70.0,73.0
229293180,1,20,55.0,44.0
229288218,1,5,175.0,264.0
229284767,1,2,152.0,0.0
229278227,1,13,45.0,324.0
229272976,1,15,60.0,356.0
229269352,1,2,120.0,89.0
229255407,1,4,150.0,5.0
229249302,1,16,120.0,57.0
229600367,1,0,699.0,290.0
229588502,1,0,80.0,0.0
229578317,1,5,125.0,38.0
229577914,1,1,150.0,48.0
229566046,1,8,506.0,134.0
229509602,1,23,85.0,344.0
229506961,1,3,289.0,309.0
229503748,1,26,250.0,60.0
229498124,1,2,489.0,320.0
229496718,1,10,489.0,81.0
229494802,1,8,299.0,274.0
229492192,1,2,229.0,356.0
229489983,1,5,799.0,247.0
229486123,1,4,479.0,286.0
229480146,1,17,40.0,107.0
229478744,1,11,379.0,252.0
229872448,1,1,180.0,0.0
229872308,1,50,40.0,18.0
229844097,1,23,89.0,285.0
229836139,1,19,140.0,35.0
229774456,1,4,70.0,89.0
229769527,1,0,200.0,365.0
229737810,1,1,125.0,95.0
229732503,1,0,165.0,88.0
229726240,1,0,300.0,359.0
229725669,1,0,400.0,359.0
229709908,1,16,285.0,241.0
229706010,1,1,290.0,25.0
229695499,1,11,175.0,250.0
229693987,1,0,600.0,365.0
229604812,1,0,300.0,335.0
229603136,1,6,239.0,335.0
128431,1,59,120.0,57.0
128256,1,70,290.0,339.0
127772,1,320,99.0,220.0
127767,1,6,97.0,0.0
127608,1,260,89.0,278.0
127560,1,33,100.0,23.0
127292,1,7,99.0,38.0
126718,1,1,160.0,0.0
125857,1,73,185.0,209.0
124866,1,18,90.0,2.0
124797,1,36,85.0,307.0
124352,1,21,150.0,189.0
230009785,1,0,280.0,1.0
229929832,1,10,51.0,271.0
229893262,1,1,43.0,50.0
229885031,1,25,69.0,92.0
230367259,1,0,200.0,235.0
230257556,1,20,420.0,76.0
230235805,1,17,116.0,0.0
230230732,1,0,100.0,87.0
230205171,1,22,100.0,3.0
230196849,1,4,350.0,81.0
230191262,1,4,400.0,0.0
230119671,1,6,949.0,270.0
230113240,1,23,100.0,240.0
230077977,1,1,179.0,3.0
230062403,1,12,450.0,325.0
230061564,1,10,399.0,332.0
230046770,1,1,190.0,2.0
230028797,1,0,100.0,89.0
230013366,1,17,110.0,243.0
128480,1,102,149.0,256.0
230574578,1,17,75.0,11.0
230531384,1,32,350.0,198.0
230528448,1,3,40.0,0.0
230517521,1,1,200.0,0.0
230516915,1,0,590.0,358.0
230503468,1,12,380.0,0.0
230498530,1,1,90.0,209.0
230481249,1,18,155.0,123.0
230465121,1,9,130.0,189.0
230418398,1,1,89.0,0.0
230407184,1,2,131.0,0.0
230403448,1,0,180.0,260.0
230396622,1,6,29.0,66.0
230378560,1,9,66.0,186.0
230375654,1,0,250.0,0.0
230371691,1,20,432.0,325.0
230941034,1,14,85.0,357.0
230930866,1,2,175.0,5.0
230917343,1,8,299.0,306.0
230909887,1,7,133.0,41.0
230868224,1,32,61.0,75.0
230831241,1,5,898.0,294.0
230807441,1,2,450.0,158.0
230801598,1,10,80.0,32.0
230745945,1,3,80.0,0.0
230720666,1,0,80.0,133.0
230712429,1,0,90.0,0.0
230683611,1,2,180.0,0.0
230670970,1,2,195.0,239.0
230653775,1,2,150.0,0.0
230646296,1,2,34.0,0.0
230584533,1,64,99.0,329.0
231186389,1,0,40.0,90.0
231163395,1,0,1000.0,90.0
231161473,1,1,83.0,0.0
231157284,1,0,300.0,35.0
231144414,1,17,179.0,229.0
231141701,1,5,199.0,0.0
231133484,1,3,50.0,0.0
231131023,1,0,35.0,224.0
231123296,1,1,175.0,0.0
231103652,1,15,50.0,4.0
231091048,1,1,600.0,66.0
231017568,1,0,100.0,99.0
231015527,1,5,275.0,0.0
231007291,1,6,160.0,11.0
231003106,1,22,125.0,230.0
230961710,1,37,60.0,234.0
124345,1,49,250.0,234.0
124171,1,1,60.0,0.0
123713,1,1,200.0,0.0
122975,1,0,69.0,0.0
121274,1,4,700.0,15.0
120847,1,11,85.0,13.0
120623,1,16,140.0,365.0
120335,1,32,105.0,16.0
120291,1,79,156.0,307.0
120223,1,25,100.0,0.0
119911,1,9,300.0,0.0
119900,1,13,170.0,224.0
119510,1,195,170.0,318.0
119445,1,73,107.0,173.0
231267860,1,12,150.0,184.0
231192888,1,21,35.0,100.0
231515893,1,35,183.0,294.0
231510804,1,57,130.0,337.0
231503052,1,16,199.0,129.0
231484830,1,0,450.0,161.0
231474021,1,1,65.0,0.0
231468237,1,21,399.0,118.0
231465803,1,13,300.0,16.0
231459188,1,3,49.0,0.0
231456842,1,5,139.0,10.0
231378604,1,0,65.0,319.0
231370569,1,13,40.0,93.0
231327254,1,22,250.0,244.0
231322933,1,33,134.0,20.0
231303544,1,23,200.0,265.0
231298987,1,1,200.0,0.0
231295106,1,20,199.0,123.0
231831493,1,1,200.0,0.0
231830871,1,27,50.0,98.0
231824284,1,9,450.0,312.0
231819451,1,19,100.0,48.0
231755465,1,4,99.0,165.0
231727934,1,1,230.0,43.0
231719679,1,27,75.0,185.0
231707114,1,19,365.0,28.0
231691559,1,5,500.0,365.0
231681941,1,4,165.0,310.0
231675945,1,20,370.0,155.0
231667071,1,0,100.0,365.0
231663345,1,7,399.0,246.0
231648163,1,0,80.0,365.0
231628393,1,19,58.0,57.0
231548638,1,8,549.0,155.0
232475160,1,7,149.0,155.0
232463854,1,3,300.0,363.0
232419771,1,2,120.0,126.0
232374986,1,6,70.0,0.0
232364825,1,1,250.0,0.0
232241894,1,0,100.0,246.0
232191978,1,8,350.0,283.0
232169947,1,0,60.0,0.0
232152341,1,11,80.0,313.0
232112395,1,0,45.0,30.0
231971512,1,0,68.0,0.0
231929970,1,1,55.0,0.0
231870747,1,2,44.0,0.0
231863607,1,10,250.0,0.0
231858639,1,0,120.0,325.0
231846634,1,0,100.0,262.0
232985707,1,18,99.0,32.0
232959891,1,4,60.0,220.0
232863817,1,0,99.0,146.0
232860638,1,1,110.0,0.0
232784693,1,10,350.0,207.0
232767784,1,10,70.0,39.0
232749708,1,12,300.0,352.0
232725253,1,3,199.0,179.0
232665281,1,7,50.0,265.0
232652308,1,0,34.0,9.0
232648305,1,2,450.0,89.0
232641412,1,0,45.0,3.0
232618610,1,7,195.0,136.0
232599387,1,2,200.0,365.0
232557023,1,0,1750.0,178.0
232509057,1,10,55.0,363.0
118126,1,114,200.0,165.0
117949,1,59,49.0,99.0
117236,1,9,350.0,13.0
115669,1,8,115.0,183.0
115560,1,27,235.0,199.0
115307,1,324,325.0,107.0
115256,1,44,125.0,0.0
115157,1,38,199.0,260.0
114649,1,23,40.0,130.0
114590,1,7,180.0,54.0
233050530,1,0,49.0,177.0
233038917,1,14,55.0,286.0
233035096,1,4,45.0,97.0
233025597,1,4,195.0,301.0
233021124,1,10,200.0,80.0
232996930,1,1,30.0,0.0
233541916,1,0,100.0,0.0
233521077,1,11,89.0,1.0
233436938,1,14,70.0,105.0
233434401,1,50,75.0,359.0
233417287,1,3,150.0,0.0
233382915,1,3,150.0,34.0
233364799,1,21,100.0,0.0
233333162,1,12,40.0,79.0
233315839,1,1,105.0,0.0
233315617,1,12,115.0,33.0
233270180,1,1,85.0,69.0
233189145,1,18,85.0,168.0
233165925,1,0,150.0,90.0
233080667,1,2,45.0,217.0
233066892,1,3,36.0,0.0
119273,1,0,160.0,54.0
234147066,1,19,69.0,212.0
234143954,1,0,50.0,29.0
234115186,1,0,275.0,0.0
234010972,1,0,120.0,264.0
234006406,1,7,150.0,88.0
233986410,1,0,150.0,267.0
233924381,1,2,175.0,365.0
233917490,1,0,40.0,1.0
233881237,1,4,125.0,48.0
233879443,1,2,300.0,355.0
233834659,1,18,50.0,24.0
233831164,1,0,40.0,11.0
233756380,1,1,115.0,234.0
233665357,1,2,67.0,172.0
233660209,1,0,60.0,0.0
233559664,1,15,150.0,7.0
234393604,1,21,28.0,14.0
234383668,1,1,140.0,29.0
234381268,1,21,156.0,46.0
234376122,1,19,74.0,183.0
234357462,1,11,225.0,280.0
234338317,1,1,80.0,86.0
234297980,1,0,200.0,0.0
234274506,1,7,35.0,158.0
234230740,1,0,260.0,0.0
234227365,1,1,180.0,83.0
234224181,1,0,34.0,89.0
234211879,1,12,140.0,284.0
234191916,1,34,69.0,170.0
234178917,1,1,160.0,310.0
234174616,1,0,100.0,180.0
234172613,1,0,300.0,0.0
234836860,1,6,105.0,83.0
234831342,1,0,139.0,0.0
234823585,1,15,100.0,66.0
234781729,1,2,65.0,363.0
234776583,1,8,100.0,342.0
234650220,1,1,79.0,94.0
234635363,1,0,50.0,12.0
234623462,1,0,688.0,365.0
234596452,1,0,85.0,0.0
234592314,1,4,59.0,87.0
234588422,1,3,75.0,43.0
234543110,1,0,110.0,63.0
234440538,1,0,150.0,0.0
234423593,1,12,80.0,91.0
234422924,1,2,29.0,18.0
234417391,1,5,150.0,20.0
235465195,1,0,100.0,177.0
235344330,1,23,75.0,113.0
235329443,1,12,150.0,173.0
235311151,1,1,40.0,0.0
235252386,1,3,350.0,97.0
235146087,1,10,35.0,6.0
235102134,1,4,188.0,253.0
235054437,1,0,295.0,10.0
235008186,1,10,170.0,97.0
234986384,1,17,109.0,35.0
234975196,1,0,120.0,0.0
234961480,1,8,120.0,80.0
234956201,1,7,65.0,180.0
234930202,1,3,60.0,86.0
234905483,1,14,30.0,176.0
234869359,1,21,80.0,154.0
112879,1,0,1200.0,0.0
112793,1,12,140.0,164.0
111837,1,1,78.0,0.0
111723,1,1,140.0,3.0
111466,1,1,250.0,122.0
110958,1,29,120.0,0.0
110930,1,1,40.0,0.0
110506,1,28,79.0,126.0
110026,1,0,87.0,9.0
109981,1,11,120.0,6.0
109879,1,5,180.0,0.0
109738,1,159,165.0,75.0
109589,1,19,200.0,208.0
109505,1,114,159.0,46.0
107675,1,4,100.0,69.0
107628,1,170,100.0,346.0
236186921,1,1,75.0,299.0
236148005,1,8,200.0,34.0
236107297,1,1,199.0,124.0
236073353,1,1,60.0,97.0
236014031,1,0,50.0,0.0
235990293,1,4,37.0,88.0
235939247,1,21,250.0,148.0
235905088,1,8,325.0,176.0
235810002,1,0,1150.0,2.0
235774051,1,10,519.0,165.0
235763046,1,30,60.0,282.0
235745868,1,0,37.0,340.0
235734225,1,6,130.0,356.0
235655558,1,3,140.0,0.0
235559424,1,15,495.0,156.0
235468713,1,28,235.0,8.0
236779549,1,0,115.0,57.0
236745428,1,9,95.0,0.0
236671534,1,1,75.0,94.0
236631469,1,0,25.0,85.0
236607981,1,0,80.0,0.0
236596347,1,1,69.0,95.0
236565167,1,10,80.0,4.0
236556387,1,7,57.0,365.0
236511564,1,2,60.0,35.0
236430571,1,2,80.0,132.0
236425271,1,6,190.0,299.0
236422290,1,2,135.0,7.0
236406472,1,4,60.0,150.0
236355800,1,2,60.0,0.0
236349458,1,13,180.0,0.0
236334741,1,47,100.0,151.0
237217643,1,0,220.0,167.0
237204047,1,11,250.0,0.0
237201559,1,16,175.0,233.0
237189890,1,0,150.0,32.0
237118012,1,0,200.0,179.0
237107169,1,18,136.0,74.0
237077566,1,1,74.0,72.0
237049868,1,2,95.0,0.0
237015178,1,19,144.0,18.0
237012945,1,0,79.0,0.0
236914360,1,1,80.0,89.0
236908324,1,22,50.0,24.0
236896088,1,4,200.0,6.0
236853675,1,1,38.0,88.0
236852677,1,1,200.0,32.0
236796242,1,3,140.0,316.0
237880163,1,21,85.0,80.0
237817180,1,9,285.0,2.0
237804845,1,13,299.0,61.0
237718748,1,1,90.0,0.0
237715800,1,43,85.0,161.0
237569289,1,6,220.0,0.0
237508892,1,10,188.0,199.0
237482248,1,1,200.0,179.0
237474824,1,1,45.0,28.0
237464350,1,13,167.0,91.0
237406328,1,30,140.0,135.0
237320600,1,1,119.0,0.0
237283897,1,18,119.0,302.0
237283862,1,6,250.0,0.0
237280886,1,0,95.0,0.0
237250378,1,12,276.0,277.0
107340,1,3,225.0,0.0
107156,1,10,89.0,247.0
107016,1,9,47.0,8.0
106627,1,0,750.0,22.0
106125,1,20,108.0,329.0
105538,1,29,80.0,222.0
105159,1,6,130.0,189.0
104458,1,18,380.0,8.0
104250,1,6,90.0,11.0
103960,1,35,70.0,0.0
103640,1,172,165.0,264.0
101924,1,35,107.0,18.0
101597,1,22,124.0,103.0
100806,1,10,65.0,12.0
100718,1,13,95.0,0.0
237913872,1,8,75.0,90.0
238685151,1,30,115.0,85.0
238544255,1,5,45.0,37.0
238496151,1,8,165.0,81.0
238391711,1,13,180.0,296.0
238374006,1,1,40.0,153.0
238342493,1,19,250.0,295.0
238328671,1,3,375.0,43.0
238323020,1,23,129.0,109.0
238321827,1,51,37.0,341.0
238163900,1,0,50.0,176.0
238145460,1,9,45.0,129.0
238136541,1,6,345.0,154.0
238133848,1,3,450.0,154.0
238118741,1,19,115.0,228.0
238111285,1,1,45.0,0.0
237921255,1,33,325.0,217.0
239155432,1,1,120.0,268.0
239142480,1,0,75.0,0.0
239116505,1,1,38.0,0.0
239088720,1,11,40.0,0.0
239035419,1,0,70.0,5.0
239004977,1,0,80.0,0.0
238989521,1,0,35.0,1.0
238975559,1,12,250.0,137.0
238959309,1,0,100.0,179.0
238955568,1,20,40.0,6.0
238953933,1,48,110.0,250.0
238908845,1,0,55.0,5.0
238894847,1,11,200.0,269.0
238800808,1,1,895.0,28.0
238766198,1,9,67.0,345.0
238748653,1,5,90.0,8.0
239707721,1,0,112.0,52.0
239661123,1,6,99.0,15.0
239658197,1,4,180.0,32.0
239650062,1,2,163.0,263.0
239644931,1,6,355.0,312.0
239638986,1,0,125.0,175.0
239605688,1,0,150.0,0.0
239571340,1,0,180.0,83.0
239517667,1,20,199.0,61.0
239427202,1,22,160.0,289.0
239383641,1,30,80.0,183.0
239375612,1,3,30.0,0.0
239360406,1,15,70.0,0.0
239351588,1,12,75.0,0.0
239276795,1,9,42.0,1.0
239168415,1,4,119.0,26.0
240289379,1,4,90.0,0.0
240248599,1,1,125.0,1.0
240237028,1,14,45.0,168.0
240217000,1,2,89.0,194.0
240203470,1,44,25.0,41.0
240194042,1,0,30.0,0.0
240141402,1,0,145.0,26.0
240099532,1,8,269.0,252.0
240033083,1,0,70.0,0.0
239978864,1,20,50.0,167.0
239952407,1,0,50.0,0.0
239906704,1,0,120.0,365.0
239887273,1,24,75.0,201.0
239851275,1,0,200.0,363.0
239770902,1,0,350.0,353.0
239758048,1,3,450.0,101.0
241322481,1,6,300.0,180.0
241280089,1,0,37.0,350.0
241277495,1,1,225.0,30.0
241236910,1,11,75.0,54.0
241059711,1,2,450.0,204.0
241035874,1,16,60.0,355.0
240934322,1,0,125.0,173.0
240913980,1,10,39.0,15.0
240913613,1,26,180.0,53.0
240858689,1,0,100.0,0.0
240717293,1,10,85.0,1.0
240594389,1,7,135.0,120.0
240480084,1,2,300.0,59.0
240460735,1,2,890.0,301.0
240367821,1,0,132.0,199.0
240311383,1,11,85.0,227.0
100288,1,11,140.0,0.0
99212,1,10,225.0,91.0
98976,1,4,140.0,0.0
98272,1,32,110.0,0.0
98014,1,0,245.0,0.0
97825,1,19,149.0,6.0
97797,1,88,220.0,9.0
97580,1,137,70.0,8.0
97425,1,10,70.0,14.0
97219,1,335,101.0,152.0
96755,1,31,125.0,7.0
96598,1,2,205.0,0.0
96019,1,0,299.0,3.0
95786,1,5,150.0,0.0
94946,1,28,101.0,13.0
241341898,1,27,85.0,0.0
241732167,1,1,220.0,310.0
241708736,1,0,300.0,364.0
241675405,1,0,75.0,90.0
241583701,1,4,140.0,35.0
241567925,1,7,199.0,49.0
241551759,1,0,200.0,15.0
241545382,1,17,180.0,281.0
241541553,1,20,418.0,153.0
241523602,1,9,100.0,0.0
241513556,1,0,170.0,0.0
241458287,1,15,65.0,51.0
241390361,1,22,55.0,45.0
241366983,1,0,250.0,0.0
241366980,1,20,75.0,223.0
241361740,1,0,230.0,0.0
241359293,1,0,280.0,0.0
242348374,1,12,195.0,38.0
242330603,1,0,129.0,365.0
242322561,1,51,45.0,66.0
242262000,1,0,500.0,365.0
242175033,1,28,60.0,74.0
242152267,1,0,199.0,21.0
242115790,1,11,50.0,49.0
242094791,1,1,300.0,89.0
242063700,1,2,65.0,0.0
241985900,1,23,150.0,106.0
241940624,1,9,130.0,301.0
241924064,1,0,300.0,87.0
241883660,1,1,200.0,0.0
241770178,1,8,40.0,10.0
241765415,1,1,240.0,89.0
241764251,1,8,156.0,51.0
93779,1,17,225.0,365.0
93292,1,153,80.0,238.0
93263,1,52,94.0,126.0
92782,1,11,125.0,0.0
92451,1,11,200.0,0.0
92436,1,1,86.0,0.0
92411,1,0,175.0,5.0
92342,1,42,220.0,0.0
90316,1,0,38.0,7.0
88260,1,47,150.0,39.0
88209,1,115,130.0,75.0
242491187,1,2,160.0,177.0
242438900,1,39,170.0,64.0
242405832,1,0,575.0,287.0
242376689,1,0,150.0,15.0
242361272,1,0,80.0,297.0
243181741,1,15,175.0,90.0
243147506,1,11,275.0,182.0
243132541,1,10,1497.0,363.0
243131091,1,13,95.0,6.0
243037591,1,14,488.0,76.0
242933360,1,11,150.0,81.0
242831353,1,14,30.0,77.0
242816206,1,0,75.0,361.0
242758145,1,6,60.0,144.0
242622786,1,7,177.0,8.0
242622555,1,0,50.0,0.0
242594287,1,2,90.0,66.0
242573197,1,0,50.0,11.0
242571852,1,7,159.0,118.0
242544120,1,1,60.0,0.0
93781,1,83,130.0,67.0
243655782,1,0,1250.0,116.0
243639488,1,3,120.0,180.0
243627109,1,2,250.0,76.0
243614369,1,7,145.0,36.0
243556325,1,0,100.0,312.0
243540233,1,0,250.0,22.0
243526828,1,3,200.0,357.0
243501721,1,4,200.0,72.0
243489234,1,0,210.0,3.0
243487765,1,31,515.0,163.0
243466968,1,19,55.0,0.0
243333842,1,8,172.0,42.0
243297214,1,3,60.0,0.0
243226371,1,8,700.0,263.0
243194565,1,0,130.0,179.0
243189296,1,0,90.0,3.0
87494,1,2,70.0,0.0
87473,1,1,150.0,0.0
87328,1,1,120.0,0.0
87266,1,10,120.0,331.0
87105,1,8,240.0,38.0
86325,1,1,145.0,45.0
84557,1,42,85.0,52.0
84529,1,2,100.0,132.0
84320,1,6,245.0,0.0
83834,1,0,115.0,0.0
243931948,1,2,179.0,2.0
243787623,1,10,90.0,66.0
243766178,1,1,52.0,0.0
243741999,1,20,42.0,80.0
243716532,1,12,120.0,137.0
243687825,1,28,104.0,174.0
244330525,1,0,300.0,95.0
244231812,1,0,80.0,341.0
244229787,1,1,250.0,61.0
244217586,1,0,90.0,0.0
244217480,1,3,83.0,316.0
244135864,1,4,69.0,0.0
244131674,1,3,300.0,365.0
244116720,1,1,65.0,365.0
244096292,1,0,400.0,0.0
244030009,1,0,550.0,48.0
244008821,1,0,2850.0,270.0
244008816,1,19,120.0,65.0
243944082,1,0,110.0,8.0
88191,1,3,290.0,0.0
88032,1,0,65.0,0.0
87601,1,72,73.0,282.0
244964029,1,20,147.0,107.0
244920495,1,1,120.0,37.0
244906527,1,15,120.0,292.0
244819285,1,6,100.0,175.0
244808289,1,0,50.0,74.0
244733416,1,31,69.0,282.0
244671957,1,0,130.0,214.0
244635438,1,15,39.0,13.0
244602318,1,0,123.0,341.0
244596528,1,11,126.0,52.0
244581878,1,16,50.0,51.0
244573712,1,3,145.0,0.0
244557149,1,8,300.0,168.0
244473721,1,4,200.0,344.0
244443448,1,0,60.0,90.0
244371444,1,0,130.0,0.0
82930,1,45,105.0,74.0
82896,1,1,150.0,0.0
82685,1,1,89.0,365.0
82286,1,2,79.0,157.0
81937,1,1,110.0,18.0
81928,1,45,150.0,0.0
81287,1,39,150.0,266.0
80447,1,6,115.0,0.0
80379,1,107,120.0,83.0
79402,1,168,100.0,0.0
79339,1,12,90.0,64.0
79070,1,21,250.0,158.0
78742,1,3,70.0,0.0
245003299,1,27,95.0,153.0
244977552,1,0,225.0,166.0
244973445,1,0,100.0,35.0
245564705,1,18,85.0,222.0
245518352,1,0,400.0,161.0
245474906,1,8,350.0,318.0
245457246,1,2,248.0,354.0
245399415,1,12,180.0,82.0
245394439,1,15,181.0,22.0
245369413,1,1,93.0,306.0
245333087,1,2,650.0,339.0
245324803,1,9,149.0,129.0
245324678,1,10,199.0,103.0
245206417,1,9,132.0,174.0
245174862,1,0,175.0,38.0
245166170,1,0,80.0,12.0
245160359,1,28,40.0,84.0
245014802,1,0,50.0,72.0
83637,1,5,500.0,173.0
246239362,1,0,85.0,33.0
246232599,1,2,123.0,0.0
246225955,1,0,488.0,65.0
246224359,1,1,115.0,339.0
246173897,1,8,150.0,33.0
246096171,1,22,55.0,12.0
245960335,1,0,95.0,180.0
245878254,1,9,189.0,60.0
245843084,1,0,129.0,5.0
245830692,1,3,65.0,26.0
245805416,1,2,375.0,242.0
245781620,1,0,80.0,87.0
245712163,1,0,1749.0,303.0
245681626,1,20,168.0,30.0
245655016,1,10,168.0,83.0
245631422,1,0,370.0,352.0
246791914,1,8,200.0,2.0
246717334,1,10,63.0,179.0
246681878,1,19,145.0,30.0
246666261,1,8,55.0,358.0
246665018,1,1,60.0,115.0
246664340,1,4,175.0,5.0
246653349,1,11,101.0,46.0
246623234,1,1,51.0,0.0
246622509,1,2,60.0,158.0
246589575,1,0,84.0,0.0
246459949,1,14,135.0,271.0
246456163,1,9,149.0,151.0
246434428,1,1,40.0,90.0
246432505,1,7,145.0,0.0
246422621,1,3,69.0,2.0
246351353,1,12,42.0,53.0
247120058,1,10,375.0,26.0
247118366,1,14,260.0,212.0
247094998,1,0,800.0,225.0
247072396,1,1,250.0,0.0
247067478,1,9,330.0,132.0
247064022,1,10,189.0,51.0
246960941,1,0,150.0,88.0
246910562,1,22,53.0,83.0
246887851,1,6,42.0,292.0
246886799,1,12,250.0,32.0
246865215,1,1,160.0,350.0
246851284,1,0,450.0,365.0
246849103,1,5,40.0,89.0
246827568,1,14,290.0,149.0
246806787,1,3,140.0,365.0
246797434,1,1,63.0,188.0
78258,1,42,79.0,0.0
77515,1,6,45.0,4.0
76627,1,2,50.0,0.0
75857,1,14,125.0,121.0
75815,1,0,99.0,0.0
75109,1,13,145.0,68.0
74857,1,61,105.0,272.0
74777,1,46,145.0,38.0
74303,1,25,800.0,7.0
73885,1,2,80.0,0.0
73549,1,23,200.0,0.0
73469,1,16,130.0,38.0
73128,1,70,285.0,328.0
73051,1,54,110.0,209.0
247185393,1,7,400.0,307.0
247171817,1,1,50.0,66.0
248021206,1,0,50.0,177.0
247940983,1,3,50.0,358.0
247937619,1,17,72.0,49.0
247900765,1,22,175.0,64.0
247900596,1,16,325.0,346.0
247815136,1,0,300.0,365.0
247796242,1,0,382.0,201.0
247795760,1,6,200.0,151.0
247662050,1,1,60.0,89.0
247649713,1,1,199.0,5.0
247644516,1,5,190.0,86.0
247584029,1,1,132.0,191.0
247538066,1,14,260.0,32.0
247411073,1,1,239.0,364.0
247212166,1,0,80.0,179.0
78460,1,166,131.0,207.0
248513181,1,3,200.0,157.0
248472625,1,1,45.0,67.0
248444631,1,0,70.0,127.0
248404100,1,25,35.0,241.0
248385708,1,2,21.0,90.0
248335189,1,2,139.0,10.0
248286585,1,5,90.0,321.0
248282016,1,1,180.0,77.0
248272030,1,4,50.0,225.0
248202552,1,5,55.0,0.0
248064547,1,12,165.0,75.0
248056954,1,0,180.0,23.0
248050046,1,10,190.0,24.0
248041579,1,4,100.0,0.0
248036814,1,17,195.0,203.0
248035116,1,13,195.0,174.0
248975053,1,12,195.0,24.0
248971429,1,0,60.0,0.0
248956396,1,24,45.0,167.0
248944703,1,11,160.0,90.0
248901969,1,4,175.0,270.0
248880851,1,2,200.0,152.0
248856446,1,1,50.0,179.0
248831780,1,0,175.0,185.0
248818787,1,3,80.0,83.0
248788151,1,8,160.0,1.0
248747777,1,8,199.0,125.0
248731701,1,0,130.0,177.0
248723983,1,1,93.0,0.0
248714625,1,1,70.0,89.0
248671285,1,5,75.0,80.0
248554249,1,13,388.0,246.0
71876,1,167,150.0,295.0
71512,1,143,95.0,132.0
71418,1,10,200.0,100.0
70834,1,4,215.0,0.0
70614,1,1,200.0,0.0
70234,1,25,125.0,311.0
70091,1,25,70.0,324.0
69942,1,142,200.0,322.0
69829,1,21,190.0,224.0
69767,1,10,162.0,4.0
69685,1,322,69.0,84.0
69527,1,11,85.0,55.0
249104360,1,1,300.0,174.0
249069377,1,7,120.0,13.0
249042333,1,8,148.0,334.0
249030378,1,13,110.0,161.0
249637449,1,12,130.0,14.0
249500632,1,1,75.0,13.0
249500015,1,19,103.0,75.0
249495371,1,24,201.0,296.0
249412015,1,0,75.0,0.0
249404981,1,0,129.0,65.0
249325265,1,7,79.0,42.0
249309586,1,8,150.0,255.0
249297875,1,18,35.0,51.0
249286477,1,3,85.0,6.0
249279890,1,12,129.0,85.0
249243301,1,2,24.0,0.0
249235228,1,0,55.0,84.0
249146659,1,1,40.0,364.0
72773,1,51,100.0,345.0
72747,1,1,225.0,342.0
250252296,1,10,220.0,297.0
250207981,1,1,50.0,15.0
250149612,1,11,300.0,319.0
250126499,1,0,250.0,8.0
250065719,1,6,85.0,316.0
250005351,1,7,293.0,75.0
249983430,1,22,300.0,341.0
249973556,1,2,500.0,332.0
249929999,1,11,700.0,282.0
249881559,1,9,135.0,162.0
249870831,1,2,65.0,124.0
249846765,1,0,89.0,0.0
249708372,1,11,100.0,296.0
249676515,1,1,80.0,176.0
249661823,1,4,200.0,3.0
249649095,1,16,53.0,79.0
250841016,1,0,58.0,180.0
250771864,1,0,37.0,1.0
250767748,1,2,305.0,242.0
250765233,1,2,330.0,281.0
250759662,1,14,200.0,323.0
250739581,1,8,280.0,325.0
250689404,1,9,95.0,94.0
250583732,1,0,210.0,135.0
250580779,1,2,55.0,0.0
250515297,1,0,75.0,7.0
250514925,1,2,100.0,13.0
250512369,1,7,159.0,302.0
250477669,1,1,70.0,59.0
250413062,1,14,110.0,112.0
250374011,1,12,120.0,35.0
250269817,1,20,219.0,133.0
251508221,1,1,300.0,180.0
251468079,1,5,110.0,1.0
251418685,1,2,130.0,63.0
251413755,1,0,132.0,342.0
251378476,1,10,195.0,0.0
251368944,1,8,110.0,0.0
251350235,1,7,595.0,80.0
251331500,1,5,199.0,178.0
251318098,1,1,295.0,0.0
251166866,1,6,60.0,323.0
251156430,1,8,65.0,89.0
250969026,1,8,165.0,53.0
250968889,1,7,180.0,10.0
250928371,1,0,100.0,359.0
250911060,1,11,160.0,21.0
250896604,1,26,32.0,280.0
68599,1,105,105.0,304.0
67523,1,51,77.0,5.0
67180,1,11,190.0,0.0
66361,1,8,275.0,24.0
66354,1,6,175.0,0.0
66276,1,8,190.0,5.0
66243,1,23,51.0,88.0
66193,1,229,224.0,257.0
66127,1,13,49.0,0.0
251640733,1,3,200.0,178.0
251638751,1,5,120.0,8.0
251578356,1,3,55.0,0.0
251564307,1,3,285.0,215.0
251545269,1,0,135.0,105.0
251535441,1,6,199.0,102.0
251530232,1,4,150.0,78.0
252051657,1,0,1250.0,23.0
252019224,1,13,250.0,359.0
251986333,1,5,200.0,327.0
251985344,1,0,54.0,99.0
251968645,1,1,65.0,0.0
251966476,1,19,240.0,121.0
251932107,1,5,85.0,86.0
251918661,1,3,400.0,57.0
251865256,1,8,87.0,365.0
251826717,1,6,50.0,0.0
251802585,1,0,115.0,10.0
251781156,1,5,25.0,146.0
251768799,1,1,150.0,0.0
251762237,1,2,106.0,3.0
69510,1,0,375.0,0.0
69439,1,54,140.0,221.0
252535164,1,9,99.0,236.0
252460693,1,15,159.0,152.0
252445373,1,0,85.0,67.0
252442970,1,0,70.0,0.0
252440873,1,0,40.0,69.0
252437123,1,8,130.0,19.0
252432969,1,14,260.0,139.0
252386106,1,19,105.0,9.0
252372862,1,0,135.0,23.0
252211149,1,9,304.0,127.0
252191305,1,34,50.0,61.0
252181650,1,18,350.0,82.0
252171508,1,16,190.0,132.0
252168489,1,8,110.0,81.0
252163238,1,7,327.0,49.0
252118553,1,4,160.0,33.0
252855885,1,2,42.0,332.0
252836607,1,2,255.0,12.0
252824941,1,14,300.0,306.0
252819295,1,12,58.0,180.0
252790183,1,1,240.0,7.0
252782565,1,1,160.0,7.0
252765359,1,5,60.0,0.0
252678417,1,18,55.0,0.0
252642141,1,3,250.0,117.0
252641757,1,6,65.0,180.0
252641467,1,0,33.0,116.0
252628456,1,4,100.0,96.0
252607014,1,6,150.0,25.0
252590512,1,8,249.0,241.0
252575404,1,4,90.0,63.0
252545388,1,0,1000.0,103.0
253308587,1,3,295.0,169.0
253246141,1,1,40.0,12.0
253227041,1,11,150.0,142.0
253192168,1,0,1799.0,270.0
253128090,1,7,149.0,163.0
253111673,1,8,299.0,61.0
253110236,1,6,150.0,176.0
253104269,1,9,35.0,0.0
253083248,1,12,200.0,145.0
253073362,1,3,145.0,7.0
253071059,1,7,100.0,0.0
253047601,1,26,50.0,9.0
252897042,1,2,60.0,194.0
252886317,1,4,489.0,167.0
252865772,1,1,98.0,292.0
252856825,1,4,250.0,10.0
66035,1,49,230.0,116.0
65837,1,190,225.0,215.0
65610,1,0,175.0,320.0
65591,1,1,220.0,25.0
65091,1,9,75.0,324.0
65064,1,2,300.0,0.0
64522,1,148,275.0,362.0
64056,1,4,225.0,0.0
63924,1,191,52.0,191.0
63607,1,33,80.0,0.0
63318,1,68,65.0,312.0
63043,1,19,80.0,0.0
253429887,1,9,274.0,34.0
253361623,1,2,150.0,67.0
253334687,1,3,400.0,312.0
253328272,1,1,499.0,216.0
253698437,1,2,75.0,360.0
253693119,1,0,400.0,310.0
253690060,1,0,75.0,188.0
253681134,1,0,74.0,3.0
253640919,1,1,66.0,17.0
253637076,1,6,162.0,66.0
253624959,1,5,50.0,304.0
253619642,1,0,269.0,19.0
253528452,1,9,800.0,276.0
253513520,1,10,150.0,206.0
253507120,1,4,395.0,279.0
253504649,1,15,289.0,146.0
253493647,1,1,500.0,357.0
253482129,1,1,210.0,32.0
253474169,1,13,800.0,84.0
253467179,1,6,70.0,288.0
253944108,1,3,79.0,96.0
253943547,1,4,63.0,20.0
253940417,1,0,180.0,83.0
253925102,1,0,600.0,96.0
253898121,1,1,200.0,13.0
253892856,1,11,700.0,249.0
253888808,1,2,306.0,320.0
253873710,1,5,349.0,220.0
253843480,1,2,43.0,249.0
253842399,1,1,65.0,280.0
253839975,1,0,190.0,152.0
253789998,1,2,149.0,148.0
253753123,1,9,39.0,11.0
253748268,1,4,55.0,83.0
253745747,1,1,85.0,77.0
253727905,1,4,179.0,260.0
254382567,1,18,60.0,305.0
254372359,1,7,250.0,161.0
254358202,1,7,549.0,207.0
254320440,1,8,300.0,54.0
254189342,1,1,200.0,228.0
254172441,1,4,70.0,0.0
254165437,1,3,355.0,365.0
254164653,1,4,150.0,213.0
254159261,1,15,100.0,37.0
254157091,1,7,130.0,5.0
254150644,1,16,60.0,216.0
254119216,1,2,108.0,5.0
254107226,1,2,260.0,10.0
254015746,1,1,280.0,363.0
253978780,1,4,150.0,118.0
253969143,1,0,110.0,179.0
255173566,1,1,199.0,179.0
254795926,1,14,120.0,298.0
254771644,1,8,66.0,159.0
254637078,1,2,200.0,229.0
254624988,1,3,1099.0,193.0
254622508,1,4,95.0,84.0
254592145,1,1,49.0,0.0
254567452,1,7,70.0,73.0
254542999,1,12,90.0,57.0
254522143,1,7,129.0,167.0
254518753,1,4,139.0,139.0
254509494,1,6,420.0,144.0
254472726,1,5,149.0,219.0
254429373,1,7,325.0,131.0
254422886,1,0,250.0,76.0
254422852,1,2,225.0,289.0
62745,1,0,175.0,198.0
62583,1,39,195.0,270.0
62508,1,141,118.0,13.0
62407,1,194,60.0,26.0
62345,1,80,78.0,30.0
62316,1,11,165.0,311.0
62165,1,9,85.0,339.0
62001,1,0,249.0,176.0
61873,1,24,90.0,30.0
61463,1,18,58.0,58.0
255258800,1,8,100.0,179.0
255222056,1,12,195.0,6.0
255219640,1,1,75.0,100.0
255216752,1,0,80.0,1.0
255190901,1,20,339.0,86.0
255178006,1,1,180.0,10.0
255787023,1,11,125.0,29.0
255675063,1,0,300.0,35.0
255674126,1,9,159.0,157.0
255626808,1,1,450.0,156.0
255618027,1,4,75.0,76.0
255539744,1,4,149.0,135.0
255476470,1,0,50.0,51.0
255440488,1,10,420.0,130.0
255433680,1,13,360.0,251.0
255432077,1,3,210.0,136.0
255420742,1,7,155.0,71.0
255414914,1,14,420.0,137.0
255408641,1,7,250.0,155.0
255306962,1,2,299.0,248.0
62855,1,19,249.0,362.0
62791,1,1,125.0,0.0
256197494,1,1,75.0,82.0
256090291,1,0,200.0,363.0
256071378,1,10,225.0,38.0
256032762,1,3,70.0,0.0
256012654,1,0,40.0,17.0
255990804,1,4,220.0,251.0
255980743,1,5,170.0,43.0
255946767,1,2,150.0,241.0
255899465,1,10,63.0,127.0
255890676,1,11,66.0,147.0
255882354,1,3,150.0,251.0
255856907,1,2,100.0,163.0
255853430,1,12,200.0,127.0
255845450,1,2,150.0,102.0
255815505,1,0,245.0,156.0
255811821,1,2,88.0,180.0
256573368,1,1,89.0,186.0
256569979,1,1,149.0,0.0
256533375,1,1,149.0,182.0
256521664,1,3,239.0,176.0
256510832,1,7,180.0,352.0
256505094,1,0,180.0,83.0
256504089,1,0,69.0,0.0
256487516,1,1,40.0,178.0
256485515,1,1,55.0,322.0
256462453,1,9,350.0,358.0
256448235,1,1,140.0,81.0
256437293,1,2,289.0,129.0
256379094,1,0,85.0,52.0
256321373,1,1,50.0,116.0
256299491,1,5,75.0,6.0
256290334,1,17,65.0,157.0
256911412,1,0,101.0,27.0
256899020,1,7,57.0,35.0
256877591,1,0,59.0,1.0
256857295,1,4,100.0,169.0
256836581,1,9,92.0,48.0
256817214,1,1,90.0,354.0
256726587,1,1,199.0,176.0
256718904,1,1,75.0,82.0
256718270,1,2,109.0,197.0
256710914,1,3,100.0,2.0
256697785,1,4,250.0,144.0
256680416,1,7,299.0,16.0
256649546,1,1,2995.0,214.0
256634850,1,1,149.0,0.0
256634262,1,0,46.0,131.0
256610768,1,4,159.0,244.0
60278,1,5,375.0,180.0
60252,1,42,80.0,263.0
60049,1,21,180.0,154.0
60046,1,23,225.0,268.0
59185,1,76,169.0,126.0
59023,1,19,110.0,301.0
58546,1,4,130.0,0.0
58483,1,0,500.0,0.0
58366,1,48,210.0,36.0
58225,1,9,101.0,364.0
57994,1,142,99.0,57.0
57101,1,186,130.0,292.0
57059,1,35,200.0,50.0
256987188,1,1,150.0,33.0
256981777,1,0,245.0,16.0
256966373,1,1,100.0,201.0
257365536,1,2,945.0,292.0
257348210,1,0,350.0,51.0
257320771,1,8,100.0,329.0
257282534,1,0,380.0,353.0
257261595,1,0,65.0,32.0
257221104,1,5,60.0,93.0
257204612,1,1,150.0,138.0
257188989,1,10,189.0,36.0
257171785,1,1,295.0,0.0
257167592,1,0,54.0,363.0
257053267,1,3,60.0,364.0
257043301,1,0,55.0,179.0
257035928,1,4,110.0,252.0
257033785,1,0,400.0,15.0
257019090,1,0,150.0,0.0
60787,1,4,75.0,0.0
257654201,1,4,265.0,45.0
257642062,1,4,599.0,135.0
257629980,1,6,195.0,330.0
257623201,1,8,75.0,149.0
257602124,1,0,45.0,179.0
257599351,1,8,120.0,34.0
257586719,1,2,100.0,90.0
257585150,1,2,120.0,311.0
257576232,1,14,305.0,296.0
257569145,1,0,219.0,362.0
257567667,1,0,100.0,358.0
257555082,1,0,55.0,270.0
257474717,1,0,15.0,361.0
257406510,1,4,389.0,65.0
257396181,1,1,250.0,342.0
257390100,1,9,60.0,0.0
257839699,1,0,129.0,5.0
257838704,1,6,300.0,252.0
257837216,1,5,335.0,221.0
257836545,1,0,125.0,360.0
257832461,1,32,99.0,77.0
257813708,1,6,250.0,162.0
257810280,1,5,100.0,0.0
257802323,1,3,360.0,243.0
257685807,1,0,650.0,157.0
257680857,1,0,139.0,105.0
257679591,1,5,500.0,62.0
257677041,1,13,539.0,233.0
257674218,1,5,349.0,41.0
257671905,1,8,249.0,131.0
257668187,1,1,63.0,18.0
257656654,1,0,36.0,365.0
257997585,1,9,129.0,128.0
257993786,1,9,60.0,352.0
257982308,1,5,299.0,61.0
257974128,1,2,350.0,191.0
257973120,1,3,120.0,284.0
257897148,1,6,499.0,132.0
257895306,1,4,349.0,52.0
257892281,1,9,299.0,170.0
257891606,1,13,249.0,29.0
257889696,1,5,499.0,194.0
257888723,1,2,250.0,297.0
257876445,1,0,299.0,140.0
257869899,1,3,380.0,123.0
257867265,1,3,299.0,119.0
257866899,1,6,60.0,212.0
257842396,1,1,200.0,0.0
258097158,1,12,311.0,220.0
258094448,1,0,120.0,105.0
258091747,1,0,399.0,248.0
258089128,1,0,135.0,109.0
258073534,1,5,399.0,105.0
258066921,1,4,300.0,258.0
258058607,1,0,125.0,90.0
258057633,1,10,499.0,194.0
258057196,1,8,299.0,93.0
258053084,1,3,65.0,76.0
258013305,1,7,40.0,0.0
258006547,1,1,150.0,22.0
258003068,1,5,479.0,159.0
258001528,1,4,325.0,157.0
257999795,1,6,60.0,52.0
257999371,1,9,199.0,164.0
258269673,1,4,595.0,322.0
258265562,1,4,113.0,0.0
258254263,1,4,349.0,93.0
258251034,1,2,175.0,14.0
258250399,1,3,399.0,135.0
258249038,1,4,589.0,109.0
258232863,1,8,68.0,4.0
258230385,1,1,176.0,339.0
258221896,1,7,250.0,100.0
258217172,1,9,70.0,262.0
258213198,1,3,70.0,163.0
258202599,1,7,145.0,0.0
258186526,1,10,189.0,62.0
258159396,1,6,438.0,136.0
258139060,1,9,249.0,88.0
258133009,1,8,239.0,140.0
258551028,1,4,40.0,0.0
258536261,1,11,100.0,179.0
258518165,1,0,80.0,289.0
258467515,1,1,250.0,70.0
258461766,1,0,75.0,365.0
258460961,1,4,150.0,315.0
258441018,1,0,40.0,188.0
258431072,1,2,345.0,212.0
258413226,1,11,225.0,152.0
258412458,1,3,300.0,25.0
258391290,1,0,45.0,14.0
258389576,1,5,450.0,164.0
258376648,1,0,299.0,57.0
258374626,1,1,140.0,87.0
258286476,1,2,90.0,34.0
258273798,1,10,259.0,32.0
258753303,1,7,300.0,231.0
258742885,1,5,425.0,0.0
258741560,1,5,320.0,212.0
258682005,1,2,210.0,142.0
258671946,1,7,27.0,60.0
258661548,1,9,140.0,200.0
258654859,1,1,80.0,157.0
258651643,1,4,75.0,144.0
258647286,1,0,38.0,176.0
258639206,1,13,275.0,189.0
258635350,1,0,150.0,0.0
258629654,1,8,299.0,158.0
258599553,1,4,190.0,144.0
258596027,1,6,199.0,316.0
258580215,1,3,399.0,93.0
258577680,1,2,365.0,101.0
258978893,1,4,120.0,64.0
258892159,1,0,299.0,20.0
258885293,1,3,59.0,343.0
258880426,1,0,65.0,327.0
258848718,1,0,230.0,36.0
258844868,1,19,129.0,5.0
258831812,1,0,170.0,126.0
258826234,1,1,175.0,35.0
258824466,1,6,60.0,180.0
258818973,1,6,55.0,50.0
258800798,1,9,200.0,190.0
258795923,1,4,129.0,167.0
258783968,1,1,340.0,302.0
258769304,1,4,160.0,21.0
258762273,1,0,50.0,308.0
258754678,1,7,320.0,189.0
56909,1,1,117.0,332.0
56793,1,0,50.0,100.0
56512,1,105,150.0,30.0
56350,1,14,124.0,0.0
56326,1,1,155.0,0.0
56284,1,19,200.0,257.0
56246,1,328,144.0,234.0
56104,1,82,228.0,140.0
56094,1,73,151.0,302.0
55480,1,0,150.0,0.0
55289,1,17,250.0,200.0
55176,1,308,100.0,99.0
55121,1,10,200.0,117.0
55021,1,3,120.0,58.0
259063599,1,3,120.0,177.0
258998574,1,1,40.0,16.0
259422076,1,0,60.0,175.0
259393574,1,0,182.0,70.0
259391287,1,11,290.0,268.0
259380331,1,8,100.0,359.0
259376960,1,6,280.0,192.0
259357065,1,0,175.0,0.0
259307063,1,11,76.0,102.0
259289556,1,1,49.0,48.0
259283179,1,7,219.0,316.0
259282634,1,0,130.0,180.0
259262728,1,4,290.0,23.0
259261655,1,7,150.0,25.0
259226302,1,0,135.0,248.0
259076960,1,2,49.0,16.0
259066380,1,0,173.0,0.0
57013,1,2,175.0,0.0
52615,1,19,125.0,267.0
52394,1,16,80.0,0.0
52043,1,53,200.0,0.0
51414,1,9,65.0,0.0
50912,1,9,190.0,364.0
50846,1,11,115.0,0.0
259623647,1,0,150.0,88.0
259623238,1,0,200.0,0.0
259544961,1,3,65.0,56.0
259505436,1,3,85.0,83.0
259491984,1,0,100.0,362.0
259483928,1,1,49.0,70.0
259474660,1,6,399.0,182.0
259459612,1,2,240.0,0.0
259447786,1,4,150.0,101.0
259426283,1,2,60.0,326.0
259968021,1,5,260.0,235.0
259952789,1,2,350.0,85.0
259945322,1,2,215.0,45.0
259846443,1,10,130.0,24.0
259838485,1,8,100.0,51.0
259728610,1,3,210.0,52.0
259694336,1,3,70.0,69.0
259690766,1,4,95.0,325.0
259683532,1,10,99.0,152.0
259683021,1,1,50.0,1.0
259662705,1,1,184.0,217.0
259645972,1,1,399.0,149.0
259645305,1,0,35.0,56.0
54739,1,9,100.0,0.0
54241,1,0,80.0,0.0
54042,1,10,200.0,0.0
260352154,1,1,400.0,281.0
260299060,1,7,100.0,2.0
260267559,1,1,489.0,259.0
260251845,1,4,211.0,63.0
260186993,1,1,243.0,97.0
260159741,1,9,259.0,202.0
260157173,1,3,425.0,54.0
260156883,1,3,280.0,199.0
260154981,1,5,395.0,65.0
260062581,1,3,45.0,0.0
260046126,1,2,165.0,346.0
260045150,1,5,210.0,0.0
260038086,1,2,254.0,24.0
260021770,1,7,150.0,4.0
260009677,1,14,90.0,354.0
259968030,1,1,70.0,105.0
260649642,1,0,250.0,1.0
260639656,1,5,320.0,54.0
260599513,1,1,57.0,34.0
260589412,1,0,69.0,55.0
260578637,1,0,325.0,79.0
260475429,1,1,125.0,74.0
260452146,1,0,72.0,0.0
260447969,1,1,600.0,351.0
260445684,1,3,299.0,195.0
260420558,1,4,620.0,169.0
260413032,1,3,149.0,268.0
260411862,1,2,500.0,363.0
260383802,1,5,295.0,204.0
260383546,1,6,450.0,226.0
260383024,1,11,945.0,264.0
260379800,1,0,425.0,112.0
50148,1,61,110.0,265.0
50124,1,248,130.0,215.0
49987,1,1,130.0,0.0
49966,1,6,175.0,0.0
49670,1,11,150.0,95.0
49405,1,0,180.0,0.0
48581,1,0,170.0,0.0
48165,1,128,120.0,246.0
47727,1,97,150.0,309.0
47618,1,25,120.0,311.0
47610,1,15,120.0,345.0
47532,1,0,169.0,6.0
47459,1,16,225.0,0.0
46969,1,242,70.0,256.0
260693405,1,3,250.0,254.0
260668537,1,0,65.0,362.0
261090883,1,9,99.0,164.0
261055465,1,1,125.0,13.0
261036755,1,2,175.0,329.0
261016031,1,2,70.0,189.0
261012432,1,0,110.0,267.0
261008318,1,4,245.0,152.0
260997528,1,10,150.0,354.0
260902999,1,0,150.0,269.0
260895008,1,5,199.0,85.0
260879160,1,3,160.0,288.0
260874869,1,0,87.0,75.0
260846055,1,0,325.0,194.0
260844992,1,0,75.0,89.0
260842282,1,6,95.0,348.0
260807399,1,0,400.0,23.0
260805765,1,0,400.0,166.0
261559275,1,1,250.0,173.0
261462340,1,1,50.0,178.0
261451511,1,3,150.0,21.0
261448151,1,5,55.0,351.0
261427783,1,15,85.0,81.0
261412334,1,2,240.0,154.0
261376215,1,3,300.0,355.0
261375719,1,2,255.0,188.0
261368719,1,2,400.0,308.0
261306701,1,0,92.0,342.0
261295185,1,0,219.0,359.0
261256418,1,6,299.0,155.0
261226696,1,5,62.0,66.0
261188287,1,0,92.0,0.0
261183419,1,0,70.0,83.0
261167972,1,9,180.0,330.0
261728099,1,0,75.0,41.0
261675838,1,7,225.0,359.0
261669663,1,7,275.0,339.0
261654878,1,4,35.0,18.0
261651359,1,0,60.0,178.0
261647593,1,10,100.0,67.0
261632991,1,0,84.0,90.0
261612429,1,0,207.0,55.0
261605025,1,0,110.0,76.0
261604139,1,0,40.0,89.0
261597311,1,3,500.0,347.0
261589968,1,0,150.0,365.0
261584195,1,1,265.0,3.0
261581535,1,6,449.0,346.0
261563626,1,23,50.0,356.0
261560877,1,0,250.0,261.0
46719,1,3,300.0,350.0
45682,1,88,150.0,0.0
45609,1,22,149.0,0.0
45445,1,0,150.0,365.0
45384,1,20,240.0,238.0
45009,1,149,170.0,1.0
44263,1,94,94.0,188.0
43772,1,3,272.0,0.0
43671,1,8,150.0,196.0
43321,1,6,300.0,19.0
42761,1,1,80.0,156.0
42032,1,81,140.0,198.0
41612,1,0,45.0,0.0
41358,1,1,145.0,0.0
261779847,1,8,350.0,231.0
261768544,1,5,300.0,57.0
262079510,1,5,80.0,83.0
262078431,1,0,169.0,22.0
262047205,1,4,100.0,330.0
262035496,1,7,115.0,123.0
262011998,1,3,220.0,58.0
261995854,1,5,120.0,356.0
261953214,1,0,280.0,330.0
261904019,1,5,199.0,145.0
261898854,1,2,200.0,233.0
261895213,1,1,65.0,188.0
261894786,1,8,109.0,233.0
261891944,1,1,75.0,363.0
261857310,1,1,59.0,24.0
261854722,1,5,80.0,54.0
261852969,1,5,499.0,189.0
261802105,1,4,70.0,55.0
262461078,1,3,70.0,346.0
262436389,1,4,50.0,219.0
262435950,1,7,399.0,358.0
262434396,1,1,650.0,352.0
262394284,1,8,52.0,22.0
262312329,1,0,35.0,329.0
262287464,1,1,250.0,365.0
262281120,1,0,165.0,59.0
262279497,1,5,123.0,327.0
262244457,1,7,250.0,188.0
262196496,1,0,82.0,45.0
262118049,1,1,212.0,0.0
262116941,1,0,65.0,151.0
262114182,1,0,125.0,296.0
262094761,1,6,110.0,83.0
262091506,1,2,50.0,97.0
263007016,1,0,125.0,0.0
262999899,1,0,239.0,77.0
262990767,1,0,590.0,365.0
262884890,1,5,154.0,269.0
262883761,1,4,203.0,254.0
262804930,1,5,89.0,97.0
262803937,1,4,90.0,73.0
262800168,1,6,1000.0,231.0
262767899,1,1,299.0,118.0
262634390,1,2,650.0,346.0
262583834,1,3,399.0,235.0
262570325,1,6,499.0,361.0
262528929,1,1,100.0,336.0
262501312,1,0,299.0,74.0
262470176,1,4,650.0,359.0
262469851,1,4,659.0,334.0
263272705,1,1,275.0,266.0
263245967,1,5,250.0,311.0
263230696,1,1,200.0,357.0
263229425,1,0,400.0,26.0
263228548,1,3,50.0,0.0
263206972,1,5,294.0,64.0
263205756,1,2,155.0,300.0
263126029,1,3,169.0,7.0
263122683,1,1,150.0,74.0
263113162,1,0,120.0,94.0
263090455,1,0,75.0,365.0
263084604,1,7,199.0,148.0
263054681,1,0,93.0,325.0
263049454,1,0,290.0,355.0
263013451,1,0,160.0,125.0
263013038,1,0,150.0,0.0
263448448,1,9,85.0,29.0
263440435,1,3,300.0,320.0
263439936,1,0,70.0,139.0
263427276,1,0,300.0,297.0
263408737,1,1,158.0,8.0
263383528,1,2,245.0,179.0
263365570,1,2,35.0,20.0
263352389,1,1,40.0,11.0
263351102,1,1,135.0,2.0
263336381,1,0,135.0,44.0
263331130,1,7,65.0,79.0
263317402,1,0,53.0,162.0
263312564,1,4,175.0,203.0
263311126,1,0,650.0,233.0
263301624,1,6,600.0,343.0
263301212,1,0,100.0,87.0
263564835,1,0,975.0,363.0
263564234,1,0,4200.0,90.0
263563066,1,0,100.0,23.0
263550606,1,0,300.0,77.0
263545490,1,3,320.0,0.0
263539175,1,6,225.0,177.0
263533090,1,2,175.0,27.0
263527800,1,0,130.0,28.0
263509965,1,9,50.0,60.0
263506630,1,5,399.0,131.0
263506027,1,0,850.0,0.0
263505830,1,0,100.0,166.0
263502980,1,3,299.0,339.0
263494912,1,2,59.0,349.0
263490281,1,3,200.0,157.0
263488433,1,13,250.0,213.0
263753140,1,2,350.0,304.0
263744711,1,1,400.0,278.0
263744321,1,1,428.0,244.0
263742622,1,6,50.0,74.0
263732662,1,4,50.0,180.0
263721921,1,2,70.0,315.0
263721494,1,2,189.0,212.0
263711950,1,3,180.0,308.0
263707859,1,0,150.0,0.0
263694567,1,1,395.0,333.0
263690856,1,0,389.0,296.0
263684024,1,5,600.0,167.0
263670476,1,0,1800.0,335.0
263641050,1,5,200.0,303.0
263635162,1,3,600.0,315.0
263566379,1,6,80.0,12.0
40502,1,29,175.0,0.0
40275,1,1,250.0,66.0
39322,1,0,145.0,0.0
39304,1,0,240.0,363.0
39260,1,86,120.0,268.0
38513,1,104,133.0,338.0
37879,1,13,299.0,346.0
37413,1,3,175.0,12.0
36897,1,107,90.0,0.0
36841,1,107,100.0,41.0
36119,1,3,95.0,0.0
35944,1,0,210.0,161.0
34915,1,0,500.0,0.0
263777041,1,9,109.0,6.0
263760960,1,8,89.0,305.0
263760411,1,0,42.0,326.0
264113441,1,0,65.0,328.0
264109370,1,2,151.0,11.0
264101088,1,2,255.0,11.0
264088176,1,3,99.0,120.0
263999712,1,2,181.0,167.0
263984220,1,1,150.0,365.0
263969450,1,11,100.0,167.0
263955551,1,0,87.0,358.0
263945896,1,3,45.0,64.0
263901827,1,3,385.0,311.0
263896143,1,3,390.0,43.0
263886728,1,5,400.0,327.0
263853262,1,5,330.0,325.0
263843788,1,7,145.0,14.0
263843486,1,2,120.0,336.0
263778743,1,0,60.0,76.0
33510,1,2,105.0,41.0
33009,1,3,180.0,0.0
32800,1,4,85.0,0.0
32704,1,108,125.0,285.0
32228,1,16,175.0,0.0
32045,1,88,52.0,255.0
31994,1,18,140.0,0.0
30193,1,58,150.0,75.0
264157833,1,0,300.0,87.0
264156969,1,1,80.0,90.0
264150720,1,4,50.0,333.0
264149311,1,9,99.0,167.0
264144069,1,11,500.0,180.0
264143491,1,7,500.0,185.0
264142178,1,3,275.0,339.0
264128458,1,4,50.0,336.0
264527995,1,1,250.0,164.0
264516826,1,4,339.0,304.0
264514482,1,0,100.0,5.0
264489766,1,0,459.0,136.0
264462124,1,0,39.0,16.0
264458360,1,6,171.0,0.0
264447713,1,3,225.0,68.0
264362310,1,0,25.0,178.0
264360482,1,3,130.0,74.0
264327510,1,4,50.0,0.0
264294681,1,0,125.0,0.0
264272029,1,2,399.0,161.0
264267484,1,1,100.0,270.0
264182618,1,1,22.0,11.0
34331,1,0,150.0,36.0
33816,1,3,144.0,0.0
264752722,1,3,350.0,129.0
264746707,1,5,160.0,151.0
264744190,1,4,179.0,138.0
264742656,1,4,249.0,86.0
264728394,1,4,350.0,135.0
264708433,1,5,348.0,26.0
264706625,1,0,80.0,311.0
264693056,1,2,210.0,73.0
264689880,1,0,350.0,51.0
264676469,1,1,80.0,2.0
264621546,1,0,400.0,90.0
264620263,1,3,335.0,144.0
264618293,1,1,109.0,192.0
264593697,1,0,50.0,16.0
264569855,1,4,30.0,342.0
264568970,1,0,400.0,47.0
264833923,1,1,209.0,68.0
264817559,1,3,223.0,25.0
264814648,1,3,110.0,227.0
264811416,1,0,47.0,3.0
264810896,1,0,240.0,58.0
264809787,1,2,75.0,253.0
264805208,1,4,211.0,56.0
264798401,1,1,90.0,365.0
264797492,1,2,86.0,360.0
264786463,1,3,229.0,150.0
264776021,1,1,499.0,115.0
264774047,1,1,125.0,87.0
264773781,1,1,319.0,163.0
264769862,1,5,279.0,138.0
264761028,1,5,179.0,164.0
264758587,1,3,500.0,353.0
265005813,1,1,214.0,185.0
264990100,1,1,395.0,301.0
264983168,1,1,159.0,341.0
264975454,1,3,275.0,351.0
264971021,1,0,325.0,324.0
264970269,1,4,189.0,156.0
264965107,1,2,131.0,11.0
264963423,1,4,195.0,345.0
264962468,1,2,255.0,55.0
264950723,1,1,350.0,2.0
264873774,1,0,250.0,155.0
264854526,1,12,55.0,0.0
264851724,1,4,347.0,157.0
264842412,1,4,321.0,65.0
264840662,1,1,70.0,90.0
264837278,1,4,500.0,313.0
265200119,1,0,100.0,322.0
265192385,1,4,305.0,44.0
265188674,1,2,275.0,356.0
265183076,1,4,250.0,183.0
265178222,1,2,295.0,195.0
265171569,1,1,300.0,282.0
265169106,1,3,179.0,187.0
265157006,1,0,425.0,135.0
265156761,1,2,165.0,207.0
265153176,1,3,150.0,65.0
265068881,1,2,145.0,92.0
265065371,1,0,160.0,77.0
265043054,1,4,100.0,78.0
265034334,1,2,150.0,61.0
265029608,1,2,319.0,138.0
265025516,1,0,500.0,100.0
28573,1,140,65.0,144.0
28422,1,0,80.0,189.0
28336,1,8,75.0,317.0
28250,1,28,135.0,24.0
27245,1,15,90.0,0.0
26394,1,0,80.0,0.0
25810,1,7,75.0,0.0
25632,1,1,300.0,0.0
265280713,1,3,75.0,0.0
265277264,1,2,50.0,341.0
265273935,1,3,295.0,356.0
265273671,1,0,55.0,364.0
265271198,1,13,330.0,164.0
265248832,1,2,349.0,186.0
265213112,1,3,209.0,79.0
265204049,1,1,260.0,343.0
265506523,1,1,80.0,87.0
265499023,1,0,55.0,364.0
265498730,1,2,280.0,341.0
265487571,1,3,250.0,190.0
265466931,1,1,99.0,34.0
265452743,1,5,289.0,77.0
265439369,1,3,650.0,232.0
265420923,1,2,70.0,266.0
265413630,1,4,250.0,160.0
265372312,1,5,275.0,124.0
265362077,1,0,175.0,346.0
265322739,1,0,196.0,173.0
265289882,1,0,150.0,79.0
29506,1,4,200.0,1.0
29213,1,1,79.0,0.0
29096,1,91,65.0,294.0
265917688,1,1,165.0,62.0
265888743,1,0,56.0,53.0
265871484,1,7,300.0,346.0
265812351,1,0,199.0,364.0
265703830,1,0,150.0,365.0
265666981,1,5,219.0,173.0
265648986,1,0,115.0,36.0
265647188,1,1,250.0,353.0
265644639,1,0,52.0,70.0
265621853,1,3,480.0,265.0
265617965,1,4,300.0,161.0
265598777,1,5,250.0,188.0
265585349,1,3,139.0,184.0
265576141,1,2,75.0,5.0
265534664,1,0,48.0,313.0
265527861,1,0,78.0,322.0
266299609,1,0,250.0,282.0
266294029,1,0,245.0,79.0
266291058,1,0,500.0,264.0
266261548,1,2,275.0,279.0
266246187,1,0,150.0,180.0
266212681,1,4,200.0,139.0
266158631,1,4,189.0,180.0
266157648,1,4,299.0,348.0
266149167,1,0,234.0,19.0
266128085,1,0,55.0,41.0
266117120,1,0,55.0,86.0
266090689,1,2,125.0,22.0
266062621,1,1,250.0,27.0
266037277,1,0,561.0,364.0
266035174,1,3,69.0,2.0
266025070,1,8,225.0,141.0
266398080,1,4,349.0,265.0
266384408,1,1,225.0,279.0
266380288,1,0,198.0,125.0
266371525,1,0,67.0,176.0
266364277,1,0,850.0,19.0
266360944,1,1,70.0,89.0
266346965,1,4,350.0,107.0
266341812,1,0,99.0,87.0
266340106,1,5,125.0,24.0
266339498,1,0,190.0,119.0
266335518,1,1,225.0,270.0
266333619,1,3,160.0,75.0
266322736,1,2,110.0,87.0
266316634,1,2,250.0,338.0
266315426,1,0,120.0,27.0
266310389,1,0,50.0,97.0
24069,1,9,140.0,44.0
23684,1,5,250.0,23.0
23619,1,92,110.0,140.0
23276,1,3,260.0,316.0
22462,1,80,150.0,42.0
22323,1,2,400.0,0.0
21904,1,29,180.0,67.0
21475,1,99,120.0,345.0
266561095,1,1,85.0,27.0
266519114,1,2,177.0,32.0
266507520,1,3,226.0,163.0
266505967,1,0,149.0,363.0
266502082,1,0,40.0,6.0
266477120,1,2,120.0,203.0
266417731,1,0,1200.0,51.0
266413128,1,3,220.0,176.0
266762041,1,3,220.0,52.0
266754587,1,1,225.0,261.0
266752544,1,2,299.0,178.0
266725339,1,8,450.0,66.0
266699294,1,1,300.0,365.0
266651586,1,0,150.0,180.0
266641882,1,7,135.0,94.0
266627618,1,0,288.0,346.0
266609191,1,2,70.0,161.0
266601642,1,1,185.0,267.0
266600351,1,0,200.0,121.0
266595097,1,0,340.0,180.0
266590338,1,0,220.0,77.0
266569093,1,0,800.0,266.0
25100,1,11,100.0,0.0
24347,1,11,250.0,0.0
266826700,1,2,299.0,350.0
266826469,1,0,85.0,74.0
266823933,1,1,35.0,342.0
266823254,1,0,60.0,342.0
266818709,1,3,400.0,128.0
266800860,1,0,159.0,201.0
266800773,1,2,249.0,177.0
266797970,1,1,249.0,146.0
266792224,1,1,90.0,365.0
266780775,1,2,305.0,133.0
266779292,1,2,90.0,90.0
266774171,1,5,262.0,118.0
266773830,1,2,475.0,157.0
266770733,1,1,50.0,11.0
266769677,1,2,202.0,215.0
266762890,1,0,172.0,331.0
267033835,1,1,60.0,94.0
267016512,1,0,99.0,139.0
267015745,1,0,97.0,324.0
267015438,1,1,167.0,94.0
267009547,1,2,395.0,152.0
266983536,1,1,45.0,364.0
266981597,1,0,123.0,365.0
266966503,1,1,200.0,326.0
266925045,1,3,320.0,160.0
266860944,1,1,44.0,227.0
266860871,1,1,200.0,265.0
266834909,1,1,60.0,26.0
266833571,1,3,175.0,49.0
266829739,1,0,70.0,96.0
266828681,1,12,320.0,189.0
266828407,1,10,350.0,163.0
267624351,1,0,75.0,14.0
267621090,1,4,600.0,323.0
267593494,1,0,150.0,73.0
267590902,1,0,365.0,18.0
267483864,1,1,449.0,216.0
267476000,1,0,100.0,167.0
267458545,1,1,225.0,76.0
267414692,1,2,70.0,365.0
267396936,1,3,465.0,250.0
267253127,1,2,132.0,46.0
267193767,1,4,200.0,365.0
267191710,1,0,425.0,162.0
267175603,1,2,190.0,23.0
267113508,1,0,300.0,39.0
267068278,1,1,105.0,21.0
267046022,1,0,275.0,59.0
267860635,1,3,170.0,270.0
267849738,1,0,600.0,267.0
267849472,1,2,185.0,130.0
267818779,1,2,265.0,246.0
267818706,1,3,205.0,45.0
267744284,1,0,69.0,254.0
267739313,1,1,210.0,306.0
267728008,1,3,179.0,76.0
267702003,1,4,215.0,246.0
267698769,1,4,395.0,296.0
267680159,1,8,300.0,213.0
267678892,1,1,225.0,82.0
267678006,1,7,320.0,121.0
267651337,1,0,170.0,332.0
267632589,1,1,187.0,256.0
267627839,1,0,175.0,340.0
267980502,1,0,150.0,317.0
267953852,1,1,196.0,149.0
267951770,1,0,100.0,189.0
267943725,1,1,50.0,86.0
267940629,1,0,60.0,365.0
267938006,1,2,65.0,364.0
267937666,1,4,129.0,186.0
267936314,1,2,200.0,37.0
267933377,1,0,100.0,89.0
267932490,1,2,45.0,14.0
267928032,1,0,119.0,179.0
267902045,1,2,130.0,148.0
267886811,1,1,80.0,112.0
267875219,1,0,149.0,169.0
267872829,1,1,20.0,353.0
267864516,1,1,99.0,144.0
268205314,1,2,299.0,334.0
268177002,1,1,295.0,141.0
268173853,1,1,100.0,243.0
268165286,1,0,89.0,53.0
268162851,1,0,295.0,268.0
268150010,1,0,200.0,14.0
268149976,1,2,35.0,23.0
268149303,1,0,125.0,125.0
268138154,1,2,10.0,0.0
268137256,1,1,35.0,359.0
268119922,1,0,200.0,322.0
268119713,1,0,300.0,155.0
268118262,1,3,210.0,7.0
268066785,1,0,350.0,280.0
267989700,1,1,179.0,321.0
267989178,1,0,800.0,254.0
21306,1,2,73.0,36.0
21248,1,1,300.0,0.0
21207,1,9,299.0,0.0
21188,1,20,99.0,98.0
20950,1,53,99.0,21.0
20805,1,0,90.0,0.0
19562,1,1,190.0,0.0
19402,1,37,150.0,86.0
19342,1,0,11.0,273.0
18946,1,260,140.0,12.0
18742,1,0,117.0,0.0
18283,1,0,150.0,0.0
18282,1,3,70.0,0.0
18174,1,214,142.0,242.0
268230638,1,0,95.0,89.0
268207118,1,2,279.0,244.0
268449136,1,1,800.0,345.0
268445572,1,0,750.0,352.0
268438637,1,1,249.0,359.0
268430876,1,0,42.0,87.0
268405137,1,4,140.0,359.0
268396733,1,1,100.0,96.0
268392801,1,3,251.0,258.0
268377412,1,0,226.0,328.0
268358454,1,0,60.0,171.0
268332955,1,0,269.0,329.0
268294305,1,0,299.0,237.0
268271871,1,1,399.0,179.0
268266826,1,1,450.0,337.0
268248281,1,0,225.0,80.0
268242223,1,0,40.0,363.0
268240039,1,1,51.0,84.0
268832581,1,0,90.0,189.0
268815831,1,1,100.0,296.0
268680530,1,0,1100.0,270.0
268657406,1,3,270.0,30.0
268634598,1,1,325.0,163.0
268631641,1,1,97.0,1.0
268630107,1,0,375.0,357.0
268627924,1,0,90.0,38.0
268623761,1,0,600.0,357.0
268614079,1,2,315.0,160.0
268612146,1,0,600.0,355.0
268598775,1,0,249.0,91.0
268537798,1,0,99.0,90.0
268491219,1,0,285.0,338.0
268465931,1,1,200.0,338.0
268452805,1,0,600.0,355.0
269113892,1,5,128.0,176.0
269112262,1,0,175.0,81.0
269105402,1,2,110.0,21.0
269095308,1,1,75.0,24.0
269078087,1,4,62.0,7.0
269076400,1,5,323.0,185.0
269075374,1,0,150.0,7.0
269070501,1,0,100.0,43.0
269055881,1,1,160.0,52.0
268920555,1,0,999.0,270.0
268868462,1,0,200.0,365.0
268856904,1,0,450.0,361.0
268852377,1,1,160.0,347.0
268847927,1,0,399.0,218.0
268838097,1,0,399.0,208.0
268834081,1,0,450.0,358.0
16800,1,81,135.0,273.0
15991,1,148,140.0,46.0
15977,1,6,60.0,254.0
15784,1,2,250.0,0.0
15742,1,37,88.0,47.0
15574,1,1,65.0,49.0
15387,1,8,175.0,0.0
15192,1,33,95.0,199.0
15154,1,5,160.0,0.0
14751,1,0,100.0,220.0
14370,1,1,125.0,0.0
14356,1,9,70.0,0.0
269164383,1,0,189.0,237.0
269146714,1,0,333.0,336.0
269121359,1,0,100.0,59.0
269114687,1,1,188.0,51.0
269345069,1,1,225.0,303.0
269334919,1,2,150.0,44.0
269308830,1,0,168.0,50.0
269297229,1,0,199.0,213.0
269266449,1,1,50.0,310.0
269264973,1,0,199.0,134.0
269242923,1,2,288.0,74.0
269236041,1,0,222.0,18.0
269235465,1,0,315.0,5.0
269235140,1,0,560.0,32.0
269233466,1,2,400.0,336.0
269220629,1,0,169.0,324.0
269215864,1,0,299.0,95.0
269193265,1,1,105.0,38.0
269165235,1,1,235.0,326.0
17571,1,198,215.0,321.0
269635110,1,1,125.0,346.0
269609725,1,0,200.0,361.0
269606659,1,0,150.0,365.0
269599664,1,0,250.0,354.0
269592097,1,0,78.0,342.0
269585762,1,2,99.0,264.0
269579151,1,0,229.0,65.0
269568546,1,2,155.0,88.0
269556381,1,0,300.0,336.0
269499114,1,5,139.0,162.0
269470349,1,3,75.0,163.0
269401661,1,7,95.0,54.0
269377869,1,0,350.0,337.0
269375490,1,7,45.0,68.0
269372955,1,0,350.0,324.0
269345151,1,0,100.0,87.0
269838822,1,0,80.0,352.0
269837702,1,0,249.0,117.0
269836191,1,0,250.0,160.0
269825284,1,2,315.0,249.0
269822898,1,1,135.0,9.0
269822492,1,0,290.0,199.0
269818165,1,0,60.0,0.0
269799543,1,0,550.0,353.0
269763887,1,3,129.0,348.0
269762668,1,0,179.0,236.0
269757415,1,4,350.0,164.0
269718824,1,0,119.0,5.0
269707834,1,0,309.0,168.0
269664482,1,0,60.0,365.0
269656657,1,0,220.0,180.0
269652307,1,1,170.0,77.0
270054787,1,0,499.0,144.0
270041172,1,0,350.0,363.0
270030033,1,1,85.0,167.0
270029540,1,1,99.0,256.0
269987340,1,0,225.0,87.0
269970642,1,0,200.0,365.0
269901856,1,0,80.0,61.0
269893009,1,4,595.0,57.0
269885851,1,1,495.0,264.0
269870940,1,1,75.0,181.0
269867427,1,0,185.0,43.0
269860794,1,0,275.0,365.0
269854098,1,0,250.0,32.0
269845683,1,0,399.0,148.0
269840781,1,0,140.0,88.0
269840768,1,0,300.0,163.0
270292053,1,3,350.0,345.0
270288786,1,2,300.0,349.0
270284621,1,0,150.0,63.0
270280544,1,4,105.0,208.0
270278177,1,0,78.0,86.0
270277478,1,0,85.0,250.0
270214015,1,0,2999.0,222.0
270144441,1,0,145.0,14.0
270139900,1,0,307.0,344.0
270132300,1,0,50.0,89.0
270119750,1,0,200.0,155.0
270119171,1,2,35.0,250.0
270096906,1,0,400.0,365.0
270074042,1,1,229.0,150.0
270072182,1,0,100.0,44.0
270057532,1,0,225.0,7.0
270414511,1,0,84.0,39.0
270414459,1,0,135.0,99.0
270382544,1,1,100.0,1.0
270374596,1,0,90.0,78.0
270372514,1,1,185.0,117.0
270358676,1,1,199.0,314.0
270340525,1,1,60.0,361.0
270314994,1,1,110.0,360.0
270314733,1,0,190.0,128.0
270309706,1,0,244.0,167.0
270309212,1,1,67.0,49.0
270307751,1,0,320.0,160.0
270306505,1,0,350.0,334.0
270301946,1,0,230.0,324.0
270294045,1,0,1600.0,365.0
270293762,1,0,55.0,312.0
270829995,1,0,168.0,341.0
270829432,1,0,195.0,25.0
270823235,1,3,50.0,3.0
270796745,1,1,140.0,175.0
270790446,1,1,75.0,291.0
270651073,1,0,50.0,363.0
270631254,1,0,130.0,71.0
270629822,1,3,199.0,349.0
270620369,1,0,650.0,337.0
270613726,1,0,225.0,231.0
270592883,1,1,199.0,68.0
270590027,1,1,599.0,346.0
270583057,1,0,195.0,270.0
270578453,1,0,260.0,260.0
270554496,1,0,450.0,179.0
270456105,1,0,80.0,351.0
14063,1,15,150.0,0.0
11975,1,27,120.0,0.0
11528,1,113,85.0,333.0
11175,1,0,130.0,129.0
8967,1,430,79.0,220.0
8730,1,11,1495.0,0.0
8703,1,8,200.0,180.0
8605,1,12,150.0,0.0
8440,1,10,197.0,228.0
271015294,1,0,250.0,259.0
270906714,1,0,320.0,341.0
270881069,1,0,150.0,344.0
270878146,1,0,70.0,52.0
270871567,1,0,150.0,365.0
270852954,1,0,75.0,363.0
270845109,1,1,150.0,327.0
271349926,1,0,250.0,220.0
271336460,1,0,200.0,365.0
271321622,1,0,120.0,352.0
271300364,1,0,172.0,88.0
271275248,1,1,50.0,15.0
271264403,1,0,229.0,176.0
271248669,1,0,6500.0,365.0
271170087,1,1,185.0,50.0
271151866,1,0,250.0,60.0
271146927,1,2,68.0,43.0
271114286,1,0,240.0,6.0
271094569,1,1,99.0,333.0
271070664,1,0,150.0,62.0
271069449,1,1,129.0,362.0
271035656,1,1,270.0,308.0
271030049,1,0,146.0,36.0
271663737,1,0,99.0,297.0
271627222,1,0,215.0,30.0
271624892,1,0,330.0,180.0
271616449,1,1,40.0,68.0
271591823,1,0,150.0,31.0
271590063,1,0,70.0,270.0
271581236,1,0,179.0,242.0
271568898,1,0,150.0,9.0
271528362,1,0,175.0,350.0
271432195,1,1,175.0,307.0
271401156,1,0,69.0,164.0
271391825,1,0,46.0,121.0
271391063,1,1,165.0,5.0
271384163,1,0,320.0,322.0
271379777,1,0,255.0,9.0
271354975,1,0,170.0,164.0
272118165,1,0,155.0,165.0
272081051,1,0,99.0,34.0
272080566,1,0,199.0,157.0
272049968,1,0,90.0,39.0
272034378,1,0,45.0,10.0
272022688,1,0,89.0,59.0
271928929,1,4,75.0,98.0
271925782,1,0,35.0,72.0
271916367,1,0,65.0,176.0
271901058,1,1,65.0,335.0
271896011,1,0,75.0,175.0
271867677,1,2,50.0,359.0
271863165,1,0,500.0,252.0
271784048,1,0,60.0,229.0
271749110,1,0,150.0,177.0
271667012,1,0,55.0,179.0
272557714,1,0,137.0,44.0
272557707,1,1,65.0,179.0
272504878,1,0,45.0,85.0
272485928,1,0,600.0,179.0
272485617,1,0,117.0,290.0
272365275,1,0,55.0,170.0
272327753,1,2,200.0,356.0
272324119,1,0,39.0,54.0
272317337,1,0,170.0,188.0
272314085,1,2,44.0,55.0
272308792,1,1,85.0,14.0
272265146,1,0,50.0,19.0
272247972,1,0,25.0,190.0
272243990,1,0,180.0,57.0
272241217,1,1,70.0,50.0
272166348,1,0,1999.0,270.0
272865451,1,0,280.0,318.0
272856249,1,0,300.0,33.0
272842040,1,0,225.0,39.0
272838881,1,0,60.0,74.0
272829356,1,0,230.0,350.0
272816114,1,1,170.0,323.0
272815283,1,0,180.0,60.0
272796645,1,0,199.0,141.0
272787571,1,0,125.0,158.0
272748063,1,0,50.0,0.0
272747534,1,0,125.0,41.0
272747109,1,0,220.0,78.0
272609175,1,0,70.0,365.0
272602584,1,0,70.0,314.0
272596313,1,0,150.0,29.0
272571748,1,0,160.0,349.0
273170125,1,0,99.0,90.0
273142559,1,0,40.0,149.0
273139430,1,0,39.0,14.0
273108831,1,0,275.0,365.0
273101976,1,0,169.0,151.0
273101668,1,0,60.0,72.0
273086651,1,0,185.0,32.0
273078104,1,0,239.0,15.0
273059367,1,0,250.0,76.0
273057459,1,0,299.0,157.0
273038911,1,0,349.0,365.0
273025497,1,0,107.0,49.0
273024325,1,0,316.0,310.0
272994721,1,0,60.0,15.0
272872092,1,1,16.0,322.0
272870209,1,0,75.0,365.0
8198,1,52,150.0,18.0
7989,1,188,85.0,39.0
7702,1,53,135.0,6.0
7500,1,7,175.0,27.0
7490,1,118,79.0,0.0
7356,1,49,60.0,0.0
7355,1,0,35.0,365.0
7322,1,74,200.0,129.0
7310,1,1,90.0,14.0
7209,1,108,220.0,24.0
7192,1,9,80.0,0.0
6485,1,4,150.0,160.0
6041,1,14,47.0,0.0
273316025,1,0,80.0,123.0
273288629,1,0,150.0,359.0
273177557,1,0,200.0,168.0
274035866,1,0,110.0,25.0
273849259,1,0,120.0,363.0
273843157,1,0,105.0,199.0
273841667,1,2,100.0,40.0
273824202,1,0,129.0,0.0
273812306,1,0,380.0,3.0
273772372,1,0,144.0,110.0
273741577,1,0,178.0,35.0
273672846,1,0,250.0,82.0
273656890,1,0,50.0,81.0
273644177,1,0,137.0,35.0
273632292,1,0,110.0,183.0
273619304,1,0,99.0,19.0
273619215,1,0,750.0,174.0
273613106,1,0,139.0,354.0
273596828,1,0,180.0,133.0
2954200,1,28,100.0,188.0
2953015,1,2,63.0,0.0
2949577,1,2,50.0,0.0
2948932,1,6,65.0,156.0
2948760,1,3,120.0,0.0
2948325,1,53,300.0,104.0
274311461,1,0,200.0,176.0
274307600,1,0,190.0,341.0
274298453,1,0,54.0,15.0
274273284,1,0,140.0,180.0
274225617,1,0,58.0,159.0
274195458,1,0,130.0,83.0
274188386,1,0,93.0,173.0
274103383,1,0,202.0,84.0
274079964,1,0,800.0,23.0
274040642,1,0,50.0,175.0
